ISO-10303-21;
HEADER;
FILE_DESCRIPTION (( 'STEP AP214' ),
    '1' );
FILE_NAME ('RTL8201F-VB-CG.STEP',
    '2025-05-06T01:17:05',
    ( '' ),
    ( '' ),
    'SwSTEP 2.0',
    'SolidWorks 2021',
    '' );
FILE_SCHEMA (( 'AUTOMOTIVE_DESIGN' ));
ENDSEC;

DATA;
#1 = VERTEX_POINT ( 'NONE', #3991 ) ;
#2 = VERTEX_POINT ( 'NONE', #1384 ) ;
#3 = VERTEX_POINT ( 'NONE', #7490 ) ;
#4 = FACE_OUTER_BOUND ( 'NONE', #2897, .T. ) ;
#5 = AXIS2_PLACEMENT_3D ( 'NONE', #9274, #8385, #7661 ) ;
#6 = DIRECTION ( 'NONE',  ( -1.035655806553459206E-14, 0.000000000000000000, -1.000000000000000000 ) ) ;
#7 = DIRECTION ( 'NONE',  ( 0.000000000000000000, -0.000000000000000000, -1.000000000000000000 ) ) ;
#8 = FACE_OUTER_BOUND ( 'NONE', #3544, .T. ) ;
#9 = VERTEX_POINT ( 'NONE', #9990 ) ;
#10 = VECTOR ( 'NONE', #5431, 1000.000000000000000 ) ;
#11 =( GEOMETRIC_REPRESENTATION_CONTEXT ( 3 ) GLOBAL_UNCERTAINTY_ASSIGNED_CONTEXT ( ( #5915 ) ) GLOBAL_UNIT_ASSIGNED_CONTEXT ( ( #6711, #3369, #6772 ) ) REPRESENTATION_CONTEXT ( 'NONE', 'WORKASPACE' ) );
#12 = VERTEX_POINT ( 'NONE', #9876 ) ;
#13 = FACE_OUTER_BOUND ( 'NONE', #2740, .T. ) ;
#14 =( LENGTH_UNIT ( ) NAMED_UNIT ( * ) SI_UNIT ( .MILLI., .METRE. ) );
#15 = ADVANCED_FACE ( 'NONE', ( #7379 ), #10924, .T. ) ;
#16 =( LENGTH_UNIT ( ) NAMED_UNIT ( * ) SI_UNIT ( .MILLI., .METRE. ) );
#17 = EDGE_CURVE ( 'NONE', #9179, #8747, #3942, .T. ) ;
#18 = DIRECTION ( 'NONE',  ( 0.000000000000000000, -0.000000000000000000, -1.000000000000000000 ) ) ;
#19 = VECTOR ( 'NONE', #3990, 1000.000000000000000 ) ;
#20 = DIRECTION ( 'NONE',  ( -0.7071067811866890152, 0.000000000000000000, 0.7071067811864060193 ) ) ;
#21 = PLANE ( 'NONE',  #9900 ) ;
#22 = LINE ( 'NONE', #3411, #6387 ) ;
#23 = EDGE_CURVE ( 'NONE', #8647, #10913, #7328, .T. ) ;
#24 = ORIENTED_EDGE ( 'NONE', *, *, #6189, .T. ) ;
#25 = EDGE_CURVE ( 'NONE', #9085, #7278, #3322, .T. ) ;
#26 = EDGE_CURVE ( 'NONE', #4557, #6456, #9941, .T. ) ;
#27 = EDGE_CURVE ( 'NONE', #268, #10365, #10873, .T. ) ;
#28 = ORIENTED_EDGE ( 'NONE', *, *, #4655, .F. ) ;
#29 = ORIENTED_EDGE ( 'NONE', *, *, #5332, .F. ) ;
#30 = CARTESIAN_POINT ( 'NONE',  ( -2.500000000000000000, 0.04999999999999969746, 2.500000000000000000 ) ) ;
#31 = EDGE_LOOP ( 'NONE', ( #1794, #4938, #1547, #1693 ) ) ;
#32 = CARTESIAN_POINT ( 'NONE',  ( -2.499999999999980460, 0.2000000000000000111, -0.6249999999999968914 ) ) ;
#34 = LINE ( 'NONE', #4201, #624 ) ;
#33 = LINE ( 'NONE', #3949, #8852 ) ;
#35 = UNCERTAINTY_MEASURE_WITH_UNIT (LENGTH_MEASURE( 1.000000000000000082E-05 ), #6940, 'distance_accuracy_value', 'NONE');
#36 = ORIENTED_EDGE ( 'NONE', *, *, #3903, .T. ) ;
#37 = ORIENTED_EDGE ( 'NONE', *, *, #8530, .T. ) ;
#38 = EDGE_CURVE ( 'NONE', #5606, #7792, #2326, .T. ) ;
#39 = EDGE_CURVE ( 'NONE', #3465, #1952, #658, .T. ) ;
#40 = CARTESIAN_POINT ( 'NONE',  ( 2.499999999999977796, 0.2000000000000000111, 0.3749999999999985012 ) ) ;
#41 = ORIENTED_EDGE ( 'NONE', *, *, #2255, .F. ) ;
#42 = DIRECTION ( 'NONE',  ( 1.000000000000000000, 0.000000000000000000, -1.084202172485504276E-14 ) ) ;
#43 = DIRECTION ( 'NONE',  ( 1.000000000000000000, 0.000000000000000000, 2.344220913482196012E-15 ) ) ;
#44 = DIRECTION ( 'NONE',  ( 0.000000000000000000, -1.000000000000000000, 0.000000000000000000 ) ) ;
#45 = PLANE ( 'NONE',  #6186 ) ;
#46 = ORIENTED_EDGE ( 'NONE', *, *, #3559, .T. ) ;
#48 = LINE ( 'NONE', #10273, #4561 ) ;
#47 = CARTESIAN_POINT ( 'NONE',  ( 0.8749999999999993339, 0.2000000000000000111, -2.100000000000025402 ) ) ;
#49 = CARTESIAN_POINT ( 'NONE',  ( -2.099999999999982769, 0.2000000000000000111, -0.8750000000000012212 ) ) ;
#50 = DIRECTION ( 'NONE',  ( -0.000000000000000000, -1.000000000000000000, -0.000000000000000000 ) ) ;
#51 = EDGE_LOOP ( 'NONE', ( #1781, #3003, #1056, #8515 ) ) ;
#52 = LINE ( 'NONE', #5995, #10609 ) ;
#53 = CARTESIAN_POINT ( 'NONE',  ( -1.374999999999999112, 0.000000000000000000, 2.100000000000032951 ) ) ;
#54 = ORIENTED_EDGE ( 'NONE', *, *, #7316, .F. ) ;
#55 = ORIENTED_EDGE ( 'NONE', *, *, #2729, .F. ) ;
#56 = EDGE_LOOP ( 'NONE', ( #8257, #1274, #6287, #2080 ) ) ;
#57 = LINE ( 'NONE', #4497, #3904 ) ;
#58 = DIRECTION ( 'NONE',  ( 0.000000000000000000, -1.000000000000000000, 0.000000000000000000 ) ) ;
#59 = CYLINDRICAL_SURFACE ( 'NONE', #9715, 0.1499999999999999667 ) ;
#60 = ORIENTED_EDGE ( 'NONE', *, *, #8191, .F. ) ;
#61 = ORIENTED_EDGE ( 'NONE', *, *, #777, .F. ) ;
#62 = CARTESIAN_POINT ( 'NONE',  ( -0.1250000000000006939, 0.2000000000000000111, -2.100000000000015188 ) ) ;
#63 = CARTESIAN_POINT ( 'NONE',  ( 1.125000000000000888, 0.2000000000000000111, 2.100000000000006306 ) ) ;
#64 = CARTESIAN_POINT ( 'NONE',  ( 1.625000000000001554, 0.2000000000000000111, -2.100000000000000089 ) ) ;
#65 = DIRECTION ( 'NONE',  ( 0.000000000000000000, 0.000000000000000000, 1.000000000000000000 ) ) ;
#66 = CARTESIAN_POINT ( 'NONE',  ( 2.499999999999967581, 0.2000000000000000111, -0.6250000000000015543 ) ) ;
#67 = DIRECTION ( 'NONE',  ( 0.000000000000000000, -1.000000000000000000, 0.000000000000000000 ) ) ;
#68 = ORIENTED_EDGE ( 'NONE', *, *, #3961, .T. ) ;
#70 = ORIENTED_EDGE ( 'NONE', *, *, #2886, .T. ) ;
#69 = FILL_AREA_STYLE_COLOUR ( '', #369 ) ;
#71 = ORIENTED_EDGE ( 'NONE', *, *, #2147, .F. ) ;
#72 = DIRECTION ( 'NONE',  ( 1.000000000000000000, 0.000000000000000000, -1.035655806553459206E-14 ) ) ;
#73 = LINE ( 'NONE', #6817, #8135 ) ;
#74 = ORIENTED_EDGE ( 'NONE', *, *, #3910, .F. ) ;
#75 = CARTESIAN_POINT ( 'NONE',  ( 2.499999999999972911, 0.000000000000000000, -0.1250000000000014988 ) ) ;
#77 = CARTESIAN_POINT ( 'NONE',  ( -1.809999999999998943, 0.04999999999999999584, -2.099999999999999645 ) ) ;
#76 = CARTESIAN_POINT ( 'NONE',  ( 1.525000000000000133, 0.2000000000000000111, 1.524999999999998801 ) ) ;
#78 = ADVANCED_FACE ( 'NONE', ( #3157 ), #6569, .F. ) ;
#79 = EDGE_CURVE ( 'NONE', #12, #9520, #4934, .T. ) ;
#80 = ORIENTED_EDGE ( 'NONE', *, *, #10140, .T. ) ;
#81 = VECTOR ( 'NONE', #774, 1000.000000000000000 ) ;
#82 = ORIENTED_EDGE ( 'NONE', *, *, #641, .F. ) ;
#83 = EDGE_CURVE ( 'NONE', #8121, #4911, #3263, .T. ) ;
#84 = SURFACE_SIDE_STYLE ('',( #3641 ) ) ;
#85 = EDGE_LOOP ( 'NONE', ( #956, #2421, #4689, #2622 ) ) ;
#86 = ADVANCED_FACE ( 'NONE', ( #7537 ), #1609, .F. ) ;
#87 = CARTESIAN_POINT ( 'NONE',  ( -1.524999999999999023, 0.2000000000000000111, 1.674999999999999156 ) ) ;
#88 = CARTESIAN_POINT ( 'NONE',  ( -2.099999999999969891, 0.000000000000000000, 0.3749999999999990563 ) ) ;
#89 = CARTESIAN_POINT ( 'NONE',  ( 2.499999999999954259, 0.2000000000000000111, -1.875000000000001554 ) ) ;
#90 = ADVANCED_FACE ( 'NONE', ( #2495 ), #5925, .F. ) ;
#91 = LINE ( 'NONE', #9545, #4581 ) ;
#92 = VECTOR ( 'NONE', #8692, 1000.000000000000000 ) ;
#93 = VERTEX_POINT ( 'NONE', #5257 ) ;
#94 = EDGE_CURVE ( 'NONE', #10099, #5888, #7710, .T. ) ;
#96 = DIRECTION ( 'NONE',  ( 0.000000000000000000, 0.000000000000000000, -1.000000000000000000 ) ) ;
#95 = CARTESIAN_POINT ( 'NONE',  ( 2.099999999999980105, 0.2000000000000000111, -0.3749999999999975575 ) ) ;
#97 = CARTESIAN_POINT ( 'NONE',  ( -1.124999999999997558, 0.2000000000000000111, 2.499999999999996447 ) ) ;
#98 = EDGE_CURVE ( 'NONE', #5254, #8658, #6992, .T. ) ;
#99 = DIRECTION ( 'NONE',  ( -1.000000000000000000, 0.000000000000000000, 9.893344823930224805E-15 ) ) ;
#100 = VECTOR ( 'NONE', #9625, 1000.000000000000000 ) ;
#101 = ORIENTED_EDGE ( 'NONE', *, *, #3128, .F. ) ;
#102 = AXIS2_PLACEMENT_3D ( 'NONE', #5504, #4784, #9120 ) ;
#103 = FACE_OUTER_BOUND ( 'NONE', #8351, .T. ) ;
#104 = DIRECTION ( 'NONE',  ( -0.7071067811865474617, 0.000000000000000000, 0.7071067811865474617 ) ) ;
#105 = VERTEX_POINT ( 'NONE', #9436 ) ;
#106 = ORIENTED_EDGE ( 'NONE', *, *, #1941, .F. ) ;
#107 = ORIENTED_EDGE ( 'NONE', *, *, #9467, .T. ) ;
#108 = CARTESIAN_POINT ( 'NONE',  ( 1.375000000000002442, 0.2000000000000000111, 2.499999999999970246 ) ) ;
#109 =( LENGTH_UNIT ( ) NAMED_UNIT ( * ) SI_UNIT ( .MILLI., .METRE. ) );
#110 = CLOSED_SHELL ( 'NONE', ( #9752, #4102, #4441, #6759, #9870, #4305 ) ) ;
#111 = AXIS2_PLACEMENT_3D ( 'NONE', #1857, #4417, #2905 ) ;
#112 = DIRECTION ( 'NONE',  ( 0.000000000000000000, -1.000000000000000000, 0.000000000000000000 ) ) ;
#113 = CARTESIAN_POINT ( 'NONE',  ( 2.499999999999985345, 0.2000000000000000111, 0.1249999999999985151 ) ) ;
#114 = ORIENTED_EDGE ( 'NONE', *, *, #6071, .T. ) ;
#115 = VECTOR ( 'NONE', #10824, 1000.000000000000000 ) ;
#116 = AXIS2_PLACEMENT_3D ( 'NONE', #6393, #5483, #6446 ) ;
#117 = VERTEX_POINT ( 'NONE', #10368 ) ;
#118 = CARTESIAN_POINT ( 'NONE',  ( 0.8749999999999985567, 0.2000000000000000111, 2.099999999999975664 ) ) ;
#119 = SURFACE_SIDE_STYLE ('',( #7799 ) ) ;
#120 = CARTESIAN_POINT ( 'NONE',  ( 2.100000000000005418, 0.2000000000000000111, -1.125000000000000000 ) ) ;
#121 = FACE_OUTER_BOUND ( 'NONE', #6053, .T. ) ;
#122 = CARTESIAN_POINT ( 'NONE',  ( -2.164999999999975167, 0.2000000000000000111, -1.875000000000000222 ) ) ;
#123 = VECTOR ( 'NONE', #10843, 1000.000000000000000 ) ;
#124 = CARTESIAN_POINT ( 'NONE',  ( -2.499999999999975131, 0.2000000000000000111, -0.1249999999999968636 ) ) ;
#125 = VECTOR ( 'NONE', #2995, 1000.000000000000000 ) ;
#126 = CARTESIAN_POINT ( 'NONE',  ( -2.099999999999972555, 0.2000000000000000111, 0.1249999999999988065 ) ) ;
#127 = AXIS2_PLACEMENT_3D ( 'NONE', #725, #4111, #824 ) ;
#128 = VECTOR ( 'NONE', #7189, 1000.000000000000000 ) ;
#130 = ORIENTED_EDGE ( 'NONE', *, *, #1060, .T. ) ;
#129 = PLANE ( 'NONE',  #9252 ) ;
#131 = VECTOR ( 'NONE', #4567, 1000.000000000000000 ) ;
#132 = FILL_AREA_STYLE_COLOUR ( '', #1184 ) ;
#133 = FACE_OUTER_BOUND ( 'NONE', #4909, .T. ) ;
#134 = VECTOR ( 'NONE', #6250, 1000.000000000000000 ) ;
#135 = VERTEX_POINT ( 'NONE', #3432 ) ;
#136 = CARTESIAN_POINT ( 'NONE',  ( 2.100000000000010747, 0.2000000000000000111, -0.6249999999999998890 ) ) ;
#137 = VECTOR ( 'NONE', #7119, 1000.000000000000000 ) ;
#139 = CARTESIAN_POINT ( 'NONE',  ( -2.099999999999973888, 0.05000000000000000278, 2.185751579730747909E-14 ) ) ;
#138 = DIRECTION ( 'NONE',  ( 1.000000000000000000, 0.000000000000000000, -1.040834085586084257E-14 ) ) ;
#140 = ORIENTED_EDGE ( 'NONE', *, *, #9396, .F. ) ;
#141 = VECTOR ( 'NONE', #8607, 1000.000000000000000 ) ;
#142 = ORIENTED_EDGE ( 'NONE', *, *, #1121, .T. ) ;
#143 = VECTOR ( 'NONE', #1760, 1000.000000000000000 ) ;
#144 = AXIS2_PLACEMENT_3D ( 'NONE', #3996, #3891, #5659 ) ;
#145 = FILL_AREA_STYLE ('',( #10262 ) ) ;
#146 = ORIENTED_EDGE ( 'NONE', *, *, #353, .F. ) ;
#147 = ADVANCED_FACE ( 'NONE', ( #8498 ), #6829, .F. ) ;
#148 = DIRECTION ( 'NONE',  ( -1.000000000000000000, 0.000000000000000000, -2.949029909160572061E-14 ) ) ;
#149 = DIRECTION ( 'NONE',  ( -8.439195288535886079E-14, 0.000000000000000000, 1.000000000000000000 ) ) ;
#150 = DIRECTION ( 'NONE',  ( 0.000000000000000000, 1.000000000000000000, 0.000000000000000000 ) ) ;
#151 = VECTOR ( 'NONE', #3407, 1000.000000000000000 ) ;
#152 = ORIENTED_EDGE ( 'NONE', *, *, #7288, .T. ) ;
#154 = PLANE ( 'NONE',  #3330 ) ;
#153 = LINE ( 'NONE', #8729, #8142 ) ;
#155 = ADVANCED_FACE ( 'NONE', ( #8434 ), #1819, .F. ) ;
#156 = FACE_OUTER_BOUND ( 'NONE', #6911, .T. ) ;
#157 = VECTOR ( 'NONE', #3680, 1000.000000000000000 ) ;
#158 = VECTOR ( 'NONE', #3531, 1000.000000000000000 ) ;
#159 = LINE ( 'NONE', #10495, #5594 ) ;
#160 = EDGE_CURVE ( 'NONE', #9, #3305, #1708, .T. ) ;
#161 = ORIENTED_EDGE ( 'NONE', *, *, #5122, .F. ) ;
#162 = VECTOR ( 'NONE', #4566, 1000.000000000000000 ) ;
#163 = EDGE_CURVE ( 'NONE', #5905, #7808, #2595, .T. ) ;
#164 = SURFACE_STYLE_FILL_AREA ( #7998 ) ;
#165 = EDGE_CURVE ( 'NONE', #10863, #1578, #3480, .T. ) ;
#166 = DIRECTION ( 'NONE',  ( 0.000000000000000000, -1.000000000000000000, 0.000000000000000000 ) ) ;
#167 = EDGE_CURVE ( 'NONE', #1264, #10562, #9382, .T. ) ;
#168 = EDGE_LOOP ( 'NONE', ( #6901, #6669, #1772, #9290 ) ) ;
#169 = ORIENTED_EDGE ( 'NONE', *, *, #7436, .F. ) ;
#170 = ORIENTED_EDGE ( 'NONE', *, *, #9733, .F. ) ;
#171 = CARTESIAN_POINT ( 'NONE',  ( 1.675000000000000044, 0.2000000000000000111, -1.525000000000000355 ) ) ;
#172 = ORIENTED_EDGE ( 'NONE', *, *, #2802, .T. ) ;
#173 =( NAMED_UNIT ( * ) PLANE_ANGLE_UNIT ( ) SI_UNIT ( $, .RADIAN. ) );
#174 = STYLED_ITEM ( 'NONE', ( #5385 ), #2791 ) ;
#175 = PLANE ( 'NONE',  #2261 ) ;
#176 = LINE ( 'NONE', #9350, #3511 ) ;
#177 = DIRECTION ( 'NONE',  ( -1.029992063861229055E-14, 0.000000000000000000, -1.000000000000000000 ) ) ;
#178 = ORIENTED_EDGE ( 'NONE', *, *, #5345, .F. ) ;
#179 = EDGE_CURVE ( 'NONE', #6794, #5864, #5205, .T. ) ;
#180 = ORIENTED_EDGE ( 'NONE', *, *, #2267, .F. ) ;
#181 = DIRECTION ( 'NONE',  ( -1.000000000000000000, 0.000000000000000000, 0.000000000000000000 ) ) ;
#182 = FACE_OUTER_BOUND ( 'NONE', #8513, .T. ) ;
#183 = CARTESIAN_POINT ( 'NONE',  ( -2.099999999999977884, 0.000000000000000000, -0.3750000000000012212 ) ) ;
#184 = DIRECTION ( 'NONE',  ( 0.000000000000000000, 0.000000000000000000, -1.000000000000000000 ) ) ;
#185 = AXIS2_PLACEMENT_3D ( 'NONE', #605, #6621, #6508 ) ;
#186 = CARTESIAN_POINT ( 'NONE',  ( -0.1250000000000022204, 0.2000000000000000111, -2.499999999999972022 ) ) ;
#187 = CARTESIAN_POINT ( 'NONE',  ( -1.625000000000001332, 0.2000000000000000111, 2.100000000000001865 ) ) ;
#188 = MECHANICAL_DESIGN_GEOMETRIC_PRESENTATION_REPRESENTATION (  '', ( #9067 ), #3918 ) ;
#190 = ORIENTED_EDGE ( 'NONE', *, *, #3274, .F. ) ;
#189 = CARTESIAN_POINT ( 'NONE',  ( 1.524999999999999023, 0.2000000000000000111, -1.675000000000001377 ) ) ;
#191 = VECTOR ( 'NONE', #4386, 1000.000000000000000 ) ;
#192 = CARTESIAN_POINT ( 'NONE',  ( -1.624999999999997558, 0.2000000000000000111, 2.500000000000002220 ) ) ;
#193 = CARTESIAN_POINT ( 'NONE',  ( 2.499999999999962252, 0.2000000000000000111, -1.125000000000001332 ) ) ;
#194 = CARTESIAN_POINT ( 'NONE',  ( -1.125000000000002220, 0.2000000000000000111, -2.499999999999961364 ) ) ;
#195 = ORIENTED_EDGE ( 'NONE', *, *, #585, .T. ) ;
#196 = CARTESIAN_POINT ( 'NONE',  ( 2.100000000000031619, 0.2000000000000000111, 1.375000000000000222 ) ) ;
#198 = CARTESIAN_POINT ( 'NONE',  ( -1.125000000000000888, 0.000000000000000000, -2.100000000000004530 ) ) ;
#197 = LINE ( 'NONE', #973, #5128 ) ;
#199 = VERTEX_POINT ( 'NONE', #88 ) ;
#200 = VECTOR ( 'NONE', #8604, 1000.000000000000000 ) ;
#201 = EDGE_LOOP ( 'NONE', ( #3006, #5285, #1672, #7858 ) ) ;
#203 = ORIENTED_EDGE ( 'NONE', *, *, #10344, .T. ) ;
#202 = FILL_AREA_STYLE ('',( #4478 ) ) ;
#204 = ORIENTED_EDGE ( 'NONE', *, *, #3080, .T. ) ;
#205 = CARTESIAN_POINT ( 'NONE',  ( -1.624999999999997558, 0.000000000000000000, 2.500000000000002220 ) ) ;
#206 = CARTESIAN_POINT ( 'NONE',  ( 2.499999999999972911, 0.000000000000000000, -0.1250000000000014988 ) ) ;
#207 = LINE ( 'NONE', #7870, #10437 ) ;
#208 = ORIENTED_EDGE ( 'NONE', *, *, #5177, .F. ) ;
#210 = CARTESIAN_POINT ( 'NONE',  ( 2.499999999999967581, 0.2000000000000000111, -0.6250000000000015543 ) ) ;
#209 = DIRECTION ( 'NONE',  ( -3.794707603699675727E-15, 0.000000000000000000, -1.000000000000000000 ) ) ;
#211 = PLANE ( 'NONE',  #4351 ) ;
#212 = DIRECTION ( 'NONE',  ( -1.040834085586083310E-14, -0.000000000000000000, -1.000000000000000000 ) ) ;
#213 = ORIENTED_EDGE ( 'NONE', *, *, #1113, .T. ) ;
#214 = FACE_OUTER_BOUND ( 'NONE', #9493, .T. ) ;
#215 = ADVANCED_FACE ( 'NONE', ( #2543 ), #6939, .F. ) ;
#216 = CARTESIAN_POINT ( 'NONE',  ( 0.3750000000000024980, 0.04999999999999999584, 2.499999999999980904 ) ) ;
#217 = EDGE_LOOP ( 'NONE', ( #9169, #3765, #7041, #4402 ) ) ;
#218 = EDGE_LOOP ( 'NONE', ( #6872, #1432, #1411, #10178 ) ) ;
#219 = VERTEX_POINT ( 'NONE', #819 ) ;
#220 = DIRECTION ( 'NONE',  ( -0.000000000000000000, -1.000000000000000000, -0.000000000000000000 ) ) ;
#221 = ORIENTED_EDGE ( 'NONE', *, *, #3509, .T. ) ;
#222 = DIRECTION ( 'NONE',  ( 3.794707603699675727E-15, -0.000000000000000000, 1.000000000000000000 ) ) ;
#223 = EDGE_CURVE ( 'NONE', #10455, #4108, #1044, .T. ) ;
#224 = CARTESIAN_POINT ( 'NONE',  ( -2.499999999999959588, 0.2000000000000000111, 1.375000000000003109 ) ) ;
#225 = DIRECTION ( 'NONE',  ( 1.000000000000000000, 0.000000000000000000, -3.794707603699675727E-15 ) ) ;
#226 = FACE_OUTER_BOUND ( 'NONE', #4103, .T. ) ;
#227 = EDGE_LOOP ( 'NONE', ( #8838, #1816, #7937, #7883 ) ) ;
#228 = EDGE_CURVE ( 'NONE', #2195, #4091, #1873, .T. ) ;
#229 = EDGE_CURVE ( 'NONE', #7658, #4208, #6344, .T. ) ;
#230 = VERTEX_POINT ( 'NONE', #10990 ) ;
#231 = LINE ( 'NONE', #6917, #9884 ) ;
#232 =( NAMED_UNIT ( * ) SI_UNIT ( $, .STERADIAN. ) SOLID_ANGLE_UNIT ( ) );
#233 = EDGE_CURVE ( 'NONE', #6782, #5495, #2707, .T. ) ;
#234 = DIRECTION ( 'NONE',  ( 1.000000000000000000, 0.000000000000000000, -9.757819552369538328E-15 ) ) ;
#235 = ADVANCED_FACE ( 'NONE', ( #9484 ), #3383, .F. ) ;
#236 = DIRECTION ( 'NONE',  ( -0.000000000000000000, -1.000000000000000000, -0.000000000000000000 ) ) ;
#237 = PLANE ( 'NONE',  #9901 ) ;
#238 = ADVANCED_FACE ( 'NONE', ( #1097 ), #2085, .T. ) ;
#240 = ORIENTED_EDGE ( 'NONE', *, *, #6071, .F. ) ;
#239 = DIRECTION ( 'NONE',  ( -1.000000000000000000, 0.000000000000000000, 1.040834085586083468E-14 ) ) ;
#241 = FACE_OUTER_BOUND ( 'NONE', #6357, .T. ) ;
#242 = PLANE ( 'NONE',  #3319 ) ;
#243 = DIRECTION ( 'NONE',  ( 0.000000000000000000, 0.000000000000000000, 1.000000000000000000 ) ) ;
#244 = ORIENTED_EDGE ( 'NONE', *, *, #5453, .T. ) ;
#245 = LINE ( 'NONE', #4361, #10072 ) ;
#247 = LINE ( 'NONE', #1761, #7017 ) ;
#246 = DIRECTION ( 'NONE',  ( 0.7071067811866890152, -0.000000000000000000, -0.7071067811864060193 ) ) ;
#248 = VERTEX_POINT ( 'NONE', #8037 ) ;
#249 = ORIENTED_EDGE ( 'NONE', *, *, #5104, .T. ) ;
#250 = ORIENTED_EDGE ( 'NONE', *, *, #8947, .T. ) ;
#251 = VERTEX_POINT ( 'NONE', #8725 ) ;
#252 = LINE ( 'NONE', #2030, #200 ) ;
#253 = CARTESIAN_POINT ( 'NONE',  ( 2.165000000000000036, 0.2000000000000000111, -1.874999999999998002 ) ) ;
#254 = CARTESIAN_POINT ( 'NONE',  ( 1.875000000000012212, 0.05000000000000000278, -1.092293233474232860E-14 ) ) ;
#255 = PLANE ( 'NONE',  #9375 ) ;
#256 = VERTEX_POINT ( 'NONE', #8827 ) ;
#258 = DIRECTION ( 'NONE',  ( -1.000000000000000000, -0.000000000000000000, 1.457167719820531843E-13 ) ) ;
#257 = CARTESIAN_POINT ( 'NONE',  ( -2.165000000000000036, 0.2000000000000000111, 1.874999999999999556 ) ) ;
#259 = AXIS2_PLACEMENT_3D ( 'NONE', #10327, #1155, #6097 ) ;
#260 = DIRECTION ( 'NONE',  ( 1.000000000000000000, 0.000000000000000000, 2.949029909160572061E-14 ) ) ;
#261 = CARTESIAN_POINT ( 'NONE',  ( 2.499999999999980016, 0.2000000000000000111, -0.3750000000000014988 ) ) ;
#262 = EDGE_LOOP ( 'NONE', ( #5208, #10478, #1870, #7153 ) ) ;
#263 = DIRECTION ( 'NONE',  ( 9.893344823930226383E-15, 0.000000000000000000, 1.000000000000000000 ) ) ;
#264 = VECTOR ( 'NONE', #8308, 1000.000000000000000 ) ;
#265 = DIRECTION ( 'NONE',  ( 0.000000000000000000, 1.000000000000000000, 0.000000000000000000 ) ) ;
#266 = VERTEX_POINT ( 'NONE', #7045 ) ;
#267 = VERTEX_POINT ( 'NONE', #2824 ) ;
#268 = VERTEX_POINT ( 'NONE', #1148 ) ;
#269 = FACE_OUTER_BOUND ( 'NONE', #3278, .T. ) ;
#270 = ORIENTED_EDGE ( 'NONE', *, *, #10530, .T. ) ;
#271 = FILL_AREA_STYLE_COLOUR ( '', #8347 ) ;
#272 = CARTESIAN_POINT ( 'NONE',  ( 0.000000000000000000, 0.2000000000000000111, 0.000000000000000000 ) ) ;
#273 = AXIS2_PLACEMENT_3D ( 'NONE', #6730, #4989, #10109 ) ;
#274 = CARTESIAN_POINT ( 'NONE',  ( -2.099999999999973888, 0.05000000000000000278, 2.185751579730747909E-14 ) ) ;
#275 = CARTESIAN_POINT ( 'NONE',  ( -2.099999999999980549, 0.2000000000000000111, -0.6250000000000009992 ) ) ;
#276 = ORIENTED_EDGE ( 'NONE', *, *, #1457, .T. ) ;
#277 = AXIS2_PLACEMENT_3D ( 'NONE', #6740, #7672, #3491 ) ;
#278 = VERTEX_POINT ( 'NONE', #253 ) ;
#279 = ORIENTED_EDGE ( 'NONE', *, *, #8392, .F. ) ;
#280 = VERTEX_POINT ( 'NONE', #9542 ) ;
#281 = AXIS2_PLACEMENT_3D ( 'NONE', #4935, #7491, #3264 ) ;
#282 = PLANE ( 'NONE',  #5952 ) ;
#283 = EDGE_CURVE ( 'NONE', #10745, #9751, #10485, .T. ) ;
#284 = CARTESIAN_POINT ( 'NONE',  ( 2.499999999999967581, 0.2000000000000000111, -0.6250000000000015543 ) ) ;
#285 = CARTESIAN_POINT ( 'NONE',  ( -2.499999999999962252, 0.2000000000000000111, 1.125000000000003109 ) ) ;
#286 = PLANE ( 'NONE',  #8485 ) ;
#287 = EDGE_CURVE ( 'NONE', #248, #4154, #8883, .T. ) ;
#288 = LINE ( 'NONE', #1182, #490 ) ;
#289 = CLOSED_SHELL ( 'NONE', ( #489, #5135, #847, #828, #7102, #1850 ) ) ;
#290 = ADVANCED_FACE ( 'NONE', ( #2874 ), #5482, .T. ) ;
#291 =( GEOMETRIC_REPRESENTATION_CONTEXT ( 3 ) GLOBAL_UNCERTAINTY_ASSIGNED_CONTEXT ( ( #5810 ) ) GLOBAL_UNIT_ASSIGNED_CONTEXT ( ( #7528, #3202, #5862 ) ) REPRESENTATION_CONTEXT ( 'NONE', 'WORKASPACE' ) );
#292 = EDGE_CURVE ( 'NONE', #2340, #8121, #8776, .T. ) ;
#293 = VERTEX_POINT ( 'NONE', #8935 ) ;
#294 = EDGE_CURVE ( 'NONE', #5700, #473, #4696, .T. ) ;
#295 = EDGE_CURVE ( 'NONE', #5495, #1998, #10429, .T. ) ;
#296 = LINE ( 'NONE', #7030, #3467 ) ;
#297 = VECTOR ( 'NONE', #9644, 1000.000000000000000 ) ;
#298 = PRESENTATION_STYLE_ASSIGNMENT (( #1136 ) ) ;
#299 = CARTESIAN_POINT ( 'NONE',  ( 0.1250000000000025258, 0.2000000000000000111, 2.499999999999973799 ) ) ;
#300 = VECTOR ( 'NONE', #7468, 1000.000000000000000 ) ;
#301 = AXIS2_PLACEMENT_3D ( 'NONE', #7495, #5042, #6576 ) ;
#302 = ORIENTED_EDGE ( 'NONE', *, *, #5934, .T. ) ;
#303 = CARTESIAN_POINT ( 'NONE',  ( -4.065758146820901163E-15, 0.05000000000000000278, -0.3750000000000239808 ) ) ;
#305 = DIRECTION ( 'NONE',  ( 1.040834085586083468E-14, -0.000000000000000000, 1.000000000000000000 ) ) ;
#304 = LINE ( 'NONE', #7097, #870 ) ;
#306 = ORIENTED_EDGE ( 'NONE', *, *, #10882, .T. ) ;
#307 = VECTOR ( 'NONE', #9239, 1000.000000000000000 ) ;
#308 = EDGE_LOOP ( 'NONE', ( #8956, #6054, #3415, #8570 ) ) ;
#309 = AXIS2_PLACEMENT_3D ( 'NONE', #5601, #4879, #396 ) ;
#310 = AXIS2_PLACEMENT_3D ( 'NONE', #6107, #1118, #1006 ) ;
#311 = ORIENTED_EDGE ( 'NONE', *, *, #316, .T. ) ;
#312 = VERTEX_POINT ( 'NONE', #4649 ) ;
#313 = CARTESIAN_POINT ( 'NONE',  ( -0.3749999999999775180, 0.05000000000000000278, 3.710004308973612237E-15 ) ) ;
#314 = AXIS2_PLACEMENT_3D ( 'NONE', #8521, #10231, #1069 ) ;
#315 = CARTESIAN_POINT ( 'NONE',  ( 2.100000000000031619, 0.2000000000000000111, 1.375000000000000222 ) ) ;
#316 = EDGE_CURVE ( 'NONE', #7132, #809, #1984, .T. ) ;
#317 = AXIS2_PLACEMENT_3D ( 'NONE', #4799, #9841, #2232 ) ;
#318 = LINE ( 'NONE', #4432, #10577 ) ;
#319 = CARTESIAN_POINT ( 'NONE',  ( -2.499999999999977796, 0.2000000000000000111, -0.3749999999999968914 ) ) ;
#320 = ORIENTED_EDGE ( 'NONE', *, *, #9459, .F. ) ;
#321 = LINE ( 'NONE', #7113, #6739 ) ;
#322 = DIRECTION ( 'NONE',  ( -1.000000000000000000, -0.000000000000000000, 1.084202172485504118E-14 ) ) ;
#323 = AXIS2_PLACEMENT_3D ( 'NONE', #2425, #5805, #9214 ) ;
#324 = LINE ( 'NONE', #8613, #7904 ) ;
#325 = AXIS2_PLACEMENT_3D ( 'NONE', #8914, #5454, #7188 ) ;
#326 = VECTOR ( 'NONE', #1380, 1000.000000000000000 ) ;
#327 = DIRECTION ( 'NONE',  ( -1.000000000000000000, 0.000000000000000000, 3.930232875260377980E-15 ) ) ;
#328 = VECTOR ( 'NONE', #8873, 1000.000000000000000 ) ;
#329 = DIRECTION ( 'NONE',  ( 1.000000000000000000, 0.000000000000000000, -1.035655806553459206E-14 ) ) ;
#330 = VERTEX_POINT ( 'NONE', #5418 ) ;
#331 = EDGE_LOOP ( 'NONE', ( #7172, #2045, #3184, #425 ) ) ;
#332 = DIRECTION ( 'NONE',  ( 1.387778780781446780E-14, 0.000000000000000000, 1.000000000000000000 ) ) ;
#333 = VECTOR ( 'NONE', #6578, 1000.000000000000000 ) ;
#334 = VERTEX_POINT ( 'NONE', #8086 ) ;
#335 = AXIS2_PLACEMENT_3D ( 'NONE', #6789, #1664, #5984 ) ;
#336 = DIRECTION ( 'NONE',  ( 0.000000000000000000, -1.000000000000000000, 0.000000000000000000 ) ) ;
#337 = LINE ( 'NONE', #3729, #10423 ) ;
#338 = CARTESIAN_POINT ( 'NONE',  ( -2.099999999999973888, 0.05000000000000000278, 2.185751579730747909E-14 ) ) ;
#339 = FACE_OUTER_BOUND ( 'NONE', #6766, .T. ) ;
#340 =( GEOMETRIC_REPRESENTATION_CONTEXT ( 3 ) GLOBAL_UNCERTAINTY_ASSIGNED_CONTEXT ( ( #1372 ) ) GLOBAL_UNIT_ASSIGNED_CONTEXT ( ( #6185, #1901, #232 ) ) REPRESENTATION_CONTEXT ( 'NONE', 'WORKASPACE' ) );
#341 = ORIENTED_EDGE ( 'NONE', *, *, #1457, .F. ) ;
#342 = VERTEX_POINT ( 'NONE', #4599 ) ;
#343 = ORIENTED_EDGE ( 'NONE', *, *, #1187, .T. ) ;
#344 = FACE_OUTER_BOUND ( 'NONE', #1690, .T. ) ;
#345 = MECHANICAL_DESIGN_GEOMETRIC_PRESENTATION_REPRESENTATION (  '', ( #707 ), #5843 ) ;
#346 = LINE ( 'NONE', #7240, #8705 ) ;
#347 = LINE ( 'NONE', #3577, #849 ) ;
#348 = LINE ( 'NONE', #6590, #7774 ) ;
#349 = DIRECTION ( 'NONE',  ( 0.000000000000000000, -1.000000000000000000, 0.000000000000000000 ) ) ;
#350 = MECHANICAL_DESIGN_GEOMETRIC_PRESENTATION_REPRESENTATION (  '', ( #9408 ), #8354 ) ;
#352 = ORIENTED_EDGE ( 'NONE', *, *, #1524, .F. ) ;
#351 = DIRECTION ( 'NONE',  ( 0.000000000000000000, -1.000000000000000000, 0.000000000000000000 ) ) ;
#353 = EDGE_CURVE ( 'NONE', #5179, #2801, #6216, .T. ) ;
#354 = DIRECTION ( 'NONE',  ( 1.000000000000000000, 0.000000000000000000, 0.000000000000000000 ) ) ;
#355 = CARTESIAN_POINT ( 'NONE',  ( 0.3749999999999993339, 0.2000000000000000111, -2.100000000000020073 ) ) ;
#356 =( GEOMETRIC_REPRESENTATION_CONTEXT ( 3 ) GLOBAL_UNCERTAINTY_ASSIGNED_CONTEXT ( ( #10817 ) ) GLOBAL_UNIT_ASSIGNED_CONTEXT ( ( #4755, #3082, #3802 ) ) REPRESENTATION_CONTEXT ( 'NONE', 'WORKASPACE' ) );
#357 = ORIENTED_EDGE ( 'NONE', *, *, #3763, .T. ) ;
#358 = CARTESIAN_POINT ( 'NONE',  ( -1.874999999999998890, 0.2000000000000000111, -2.164999999999999591 ) ) ;
#359 = EDGE_CURVE ( 'NONE', #135, #3598, #422, .T. ) ;
#361 = DIRECTION ( 'NONE',  ( 9.757819552369536751E-15, 0.000000000000000000, 1.000000000000000000 ) ) ;
#360 = LINE ( 'NONE', #10523, #7613 ) ;
#362 = EDGE_CURVE ( 'NONE', #6741, #10870, #4482, .T. ) ;
#363 = ORIENTED_EDGE ( 'NONE', *, *, #2877, .T. ) ;
#364 = ADVANCED_FACE ( 'NONE', ( #3761 ), #7206, .F. ) ;
#365 = VECTOR ( 'NONE', #4049, 1000.000000000000000 ) ;
#366 = ORIENTED_EDGE ( 'NONE', *, *, #10091, .F. ) ;
#367 = EDGE_CURVE ( 'NONE', #1444, #2099, #7868, .T. ) ;
#368 = EDGE_CURVE ( 'NONE', #7134, #6178, #2031, .T. ) ;
#369 = COLOUR_RGB ( '',0.7921568627450980005, 0.8196078431372548767, 0.9333333333333333481 ) ;
#370 = EDGE_CURVE ( 'NONE', #3535, #5905, #2975, .T. ) ;
#372 = ORIENTED_EDGE ( 'NONE', *, *, #777, .T. ) ;
#371 = CARTESIAN_POINT ( 'NONE',  ( -1.374999999999999112, 0.2000000000000000111, 2.100000000000032951 ) ) ;
#373 = ORIENTED_EDGE ( 'NONE', *, *, #8191, .T. ) ;
#374 = LINE ( 'NONE', #3644, #6052 ) ;
#375 = CARTESIAN_POINT ( 'NONE',  ( 1.125000000000000888, 0.2000000000000000111, 2.100000000000006306 ) ) ;
#376 = PLANE ( 'NONE',  #8988 ) ;
#377 = DIRECTION ( 'NONE',  ( 0.000000000000000000, -1.000000000000000000, 0.000000000000000000 ) ) ;
#378 = ORIENTED_EDGE ( 'NONE', *, *, #6288, .T. ) ;
#379 = LINE ( 'NONE', #1211, #8688 ) ;
#380 = CARTESIAN_POINT ( 'NONE',  ( -2.500000000000000000, 0.04999999999999969746, 2.500000000000000000 ) ) ;
#381 = AXIS2_PLACEMENT_3D ( 'NONE', #1768, #2542, #10872 ) ;
#382 = EDGE_CURVE ( 'NONE', #5806, #8561, #7515, .T. ) ;
#383 = CARTESIAN_POINT ( 'NONE',  ( -2.499999999999988454, 0.2000000000000000111, -1.374999999999996891 ) ) ;
#384 = EDGE_CURVE ( 'NONE', #8909, #8554, #10180, .T. ) ;
#385 = LINE ( 'NONE', #4607, #4931 ) ;
#386 = FACE_OUTER_BOUND ( 'NONE', #3840, .T. ) ;
#387 = AXIS2_PLACEMENT_3D ( 'NONE', #10586, #8085, #2973 ) ;
#388 = EDGE_LOOP ( 'NONE', ( #1865, #9026, #9623, #10426 ) ) ;
#389 = ORIENTED_EDGE ( 'NONE', *, *, #2180, .T. ) ;
#390 = ADVANCED_FACE ( 'NONE', ( #1579 ), #8299, .F. ) ;
#391 = CARTESIAN_POINT ( 'NONE',  ( -2.499999999999972911, 0.2000000000000000111, 0.1250000000000031364 ) ) ;
#392 = ORIENTED_EDGE ( 'NONE', *, *, #781, .F. ) ;
#394 = CARTESIAN_POINT ( 'NONE',  ( -2.099999999999967226, 0.000000000000000000, 0.6249999999999987788 ) ) ;
#393 = LINE ( 'NONE', #2891, #5617 ) ;
#395 = DIRECTION ( 'NONE',  ( 1.000000000000000000, 0.000000000000000000, -9.757819552369538328E-15 ) ) ;
#396 = DIRECTION ( 'NONE',  ( -1.000000000000000000, 0.000000000000000000, 1.029992063861229055E-14 ) ) ;
#397 = CARTESIAN_POINT ( 'NONE',  ( 2.165000000000000924, 0.2000000000000000111, 1.875000000000000666 ) ) ;
#398 = CARTESIAN_POINT ( 'NONE',  ( 0.1249999999999977796, 0.000000000000000000, -2.499999999999984457 ) ) ;
#399 = ORIENTED_EDGE ( 'NONE', *, *, #4239, .F. ) ;
#400 = ORIENTED_EDGE ( 'NONE', *, *, #3612, .F. ) ;
#401 = ORIENTED_EDGE ( 'NONE', *, *, #6899, .T. ) ;
#402 = CARTESIAN_POINT ( 'NONE',  ( 0.1250000000000025258, 0.2000000000000000111, 2.499999999999973799 ) ) ;
#403 = LINE ( 'NONE', #9127, #7275 ) ;
#404 = DIRECTION ( 'NONE',  ( -0.000000000000000000, -1.000000000000000000, -0.000000000000000000 ) ) ;
#405 = CARTESIAN_POINT ( 'NONE',  ( 2.165000000000000036, 0.04999999999999999584, -1.874999999999998002 ) ) ;
#406 = FACE_OUTER_BOUND ( 'NONE', #6780, .T. ) ;
#408 = ORIENTED_EDGE ( 'NONE', *, *, #8298, .T. ) ;
#407 = CARTESIAN_POINT ( 'NONE',  ( -2.499999999999985789, 0.2000000000000000111, -1.124999999999996891 ) ) ;
#409 = CARTESIAN_POINT ( 'NONE',  ( -2.099999999999985434, 0.2000000000000000111, -1.125000000000000888 ) ) ;
#410 = CARTESIAN_POINT ( 'NONE',  ( -2.499999999999985789, 0.2000000000000000111, -1.124999999999996891 ) ) ;
#411 = CARTESIAN_POINT ( 'NONE',  ( -1.809999999999999609, 0.2000000000000000111, 2.100000000000001865 ) ) ;
#412 = CARTESIAN_POINT ( 'NONE',  ( -1.374999999999997558, 0.2000000000000000111, 2.499999999999989786 ) ) ;
#414 = DIRECTION ( 'NONE',  ( -1.000000000000000000, -0.000000000000000000, 1.084202172485504118E-14 ) ) ;
#413 = DIRECTION ( 'NONE',  ( -3.794707603699675727E-15, -0.000000000000000000, -1.000000000000000000 ) ) ;
#415 = ORIENTED_EDGE ( 'NONE', *, *, #621, .T. ) ;
#416 = EDGE_CURVE ( 'NONE', #6299, #1344, #5578, .T. ) ;
#417 = ORIENTED_EDGE ( 'NONE', *, *, #7432, .T. ) ;
#419 = VERTEX_POINT ( 'NONE', #5131 ) ;
#418 = FILL_AREA_STYLE ('',( #1144 ) ) ;
#420 = ORIENTED_EDGE ( 'NONE', *, *, #8042, .T. ) ;
#421 = SURFACE_STYLE_USAGE ( .BOTH. , #646 ) ;
#422 = LINE ( 'NONE', #315, #7546 ) ;
#423 = DIRECTION ( 'NONE',  ( 0.000000000000000000, 0.000000000000000000, 1.000000000000000000 ) ) ;
#424 = CARTESIAN_POINT ( 'NONE',  ( -1.374999999999978018, 0.05000000000000000278, 1.341700188450789965E-14 ) ) ;
#425 = ORIENTED_EDGE ( 'NONE', *, *, #10624, .T. ) ;
#426 = EDGE_CURVE ( 'NONE', #7600, #9081, #5897, .T. ) ;
#427 = EDGE_CURVE ( 'NONE', #4419, #5533, #2566, .T. ) ;
#428 = LINE ( 'NONE', #5584, #6192 ) ;
#429 = LINE ( 'NONE', #3988, #1324 ) ;
#430 = DIRECTION ( 'NONE',  ( 0.000000000000000000, -1.000000000000000000, 0.000000000000000000 ) ) ;
#431 = EDGE_CURVE ( 'NONE', #10119, #7834, #8410, .T. ) ;
#432 = ADVANCED_FACE ( 'NONE', ( #1517 ), #6757, .F. ) ;
#433 =( NAMED_UNIT ( * ) SI_UNIT ( $, .STERADIAN. ) SOLID_ANGLE_UNIT ( ) );
#434 = EDGE_CURVE ( 'NONE', #10807, #6550, #3242, .T. ) ;
#435 = CARTESIAN_POINT ( 'NONE',  ( 1.809999999999999165, 0.2000000000000000111, 2.100000000000000977 ) ) ;
#436 = EDGE_CURVE ( 'NONE', #4051, #2890, #9355, .T. ) ;
#437 = ORIENTED_EDGE ( 'NONE', *, *, #6063, .F. ) ;
#438 = CARTESIAN_POINT ( 'NONE',  ( 9.012430558785522105E-15, 0.05000000000000000278, 0.8749999999999774625 ) ) ;
#439 = CARTESIAN_POINT ( 'NONE',  ( 2.499999999999995559, 0.2000000000000000111, 1.124999999999998668 ) ) ;
#440 = ADVANCED_FACE ( 'NONE', ( #10899 ), #4127, .T. ) ;
#441 = VECTOR ( 'NONE', #2766, 1000.000000000000114 ) ;
#442 = ORIENTED_EDGE ( 'NONE', *, *, #5921, .F. ) ;
#443 = EDGE_CURVE ( 'NONE', #4671, #3450, #5066, .T. ) ;
#445 = DIRECTION ( 'NONE',  ( 1.000000000000000000, 0.000000000000000000, -3.794707603699675727E-15 ) ) ;
#444 = CARTESIAN_POINT ( 'NONE',  ( -1.375000000000002220, 0.2000000000000000111, -2.499999999999968914 ) ) ;
#446 = DIRECTION ( 'NONE',  ( 1.000000000000000000, 0.000000000000000000, -1.084202172485504276E-14 ) ) ;
#447 = LINE ( 'NONE', #10720, #4571 ) ;
#448 = CARTESIAN_POINT ( 'NONE',  ( 2.499999999999983125, 0.2000000000000000111, 0.8749999999999984457 ) ) ;
#449 = CARTESIAN_POINT ( 'NONE',  ( 2.499999999999995559, 0.2000000000000000111, 1.124999999999998668 ) ) ;
#450 = EDGE_LOOP ( 'NONE', ( #10770, #6183, #6209, #4498 ) ) ;
#451 = AXIS2_PLACEMENT_3D ( 'NONE', #6316, #8977, #9799 ) ;
#452 = CARTESIAN_POINT ( 'NONE',  ( -0.8749999999999983347, 0.2000000000000000111, -2.099999999999973888 ) ) ;
#453 = VERTEX_POINT ( 'NONE', #9301 ) ;
#454 = ORIENTED_EDGE ( 'NONE', *, *, #3081, .F. ) ;
#455 = CARTESIAN_POINT ( 'NONE',  ( -0.1250000000000022204, 0.000000000000000000, -2.499999999999972022 ) ) ;
#456 = DIRECTION ( 'NONE',  ( 0.000000000000000000, 1.000000000000000000, 0.000000000000000000 ) ) ;
#457 = VECTOR ( 'NONE', #7358, 1000.000000000000000 ) ;
#458 = FACE_OUTER_BOUND ( 'NONE', #4730, .T. ) ;
#459 = CARTESIAN_POINT ( 'NONE',  ( -0.8750000000000022204, 0.2000000000000000111, -2.499999999999974243 ) ) ;
#460 = CARTESIAN_POINT ( 'NONE',  ( 1.125000000000001554, 0.2000000000000000111, -2.099999999999994760 ) ) ;
#461 = VECTOR ( 'NONE', #7717, 1000.000000000000000 ) ;
#463 = ORIENTED_EDGE ( 'NONE', *, *, #8034, .F. ) ;
#462 = DIRECTION ( 'NONE',  ( 1.000000000000000000, 0.000000000000000000, -9.757819552369538328E-15 ) ) ;
#464 = DIRECTION ( 'NONE',  ( 1.000000000000000000, 0.000000000000000000, -2.168404344970728034E-15 ) ) ;
#465 = DIRECTION ( 'NONE',  ( 0.000000000000000000, 1.000000000000000000, 0.000000000000000000 ) ) ;
#466 = LINE ( 'NONE', #8140, #1191 ) ;
#467 = CARTESIAN_POINT ( 'NONE',  ( 1.524999999999999023, 0.2000000000000000111, -1.675000000000001377 ) ) ;
#468 = CLOSED_SHELL ( 'NONE', ( #8520, #6268, #10688, #6572, #705, #3617, #6064 ) ) ;
#469 = VECTOR ( 'NONE', #7538, 1000.000000000000000 ) ;
#471 = LINE ( 'NONE', #3860, #8627 ) ;
#470 = DIRECTION ( 'NONE',  ( 1.000000000000000000, -0.000000000000000000, 0.000000000000000000 ) ) ;
#472 = ORIENTED_EDGE ( 'NONE', *, *, #9732, .F. ) ;
#473 = VERTEX_POINT ( 'NONE', #10075 ) ;
#474 = EDGE_LOOP ( 'NONE', ( #9984, #919, #9330, #879, #5225, #9976, #2287, #4921, #4011, #5992, #7678, #8642, #4268, #6029, #7586, #3512, #4442, #5943, #5054, #3615, #10007, #9922, #700, #3499, #9622, #6258, #5835, #3451, #2989, #979, #4287, #6825, #5745, #5348, #9362, #3914 ) ) ;
#475 = AXIS2_PLACEMENT_3D ( 'NONE', #6879, #5037, #10265 ) ;
#476 = VERTEX_POINT ( 'NONE', #9248 ) ;
#477 = DIRECTION ( 'NONE',  ( -0.000000000000000000, -1.000000000000000000, -0.000000000000000000 ) ) ;
#478 = DIRECTION ( 'NONE',  ( -0.000000000000000000, 1.000000000000000000, 0.000000000000000000 ) ) ;
#479 = DIRECTION ( 'NONE',  ( -1.040834085586084257E-14, 0.000000000000000000, -1.000000000000000000 ) ) ;
#480 = ORIENTED_EDGE ( 'NONE', *, *, #6281, .T. ) ;
#481 = CARTESIAN_POINT ( 'NONE',  ( 0.3750000000000024980, 0.2000000000000000111, 2.499999999999980904 ) ) ;
#482 = DIRECTION ( 'NONE',  ( -1.000000000000000000, 0.000000000000000000, 9.757819552369536751E-15 ) ) ;
#483 = UNCERTAINTY_MEASURE_WITH_UNIT (LENGTH_MEASURE( 1.000000000000000082E-05 ), #7590, 'distance_accuracy_value', 'NONE');
#484 = ORIENTED_EDGE ( 'NONE', *, *, #7705, .T. ) ;
#485 = LINE ( 'NONE', #1271, #6853 ) ;
#486 = MECHANICAL_DESIGN_GEOMETRIC_PRESENTATION_REPRESENTATION (  '', ( #10242 ), #3500 ) ;
#487 = VECTOR ( 'NONE', #6600, 1000.000000000000000 ) ;
#488 = VECTOR ( 'NONE', #2136, 1000.000000000000000 ) ;
#489 = ADVANCED_FACE ( 'NONE', ( #10957 ), #1633, .F. ) ;
#490 = VECTOR ( 'NONE', #6119, 1000.000000000000000 ) ;
#491 =( NAMED_UNIT ( * ) PLANE_ANGLE_UNIT ( ) SI_UNIT ( $, .RADIAN. ) );
#492 = CARTESIAN_POINT ( 'NONE',  ( -2.099999999999959677, 0.2000000000000000111, 1.374999999999999112 ) ) ;
#493 = ORIENTED_EDGE ( 'NONE', *, *, #1512, .F. ) ;
#494 = EDGE_CURVE ( 'NONE', #1578, #6864, #745, .T. ) ;
#495 = DIRECTION ( 'NONE',  ( 1.000000000000000000, 0.000000000000000000, -1.084202172485504276E-14 ) ) ;
#496 = CARTESIAN_POINT ( 'NONE',  ( -2.099999999999972555, 0.000000000000000000, 0.1249999999999988065 ) ) ;
#497 = VECTOR ( 'NONE', #3282, 1000.000000000000000 ) ;
#498 = EDGE_LOOP ( 'NONE', ( #7719, #3178, #3337, #1012 ) ) ;
#500 = DIRECTION ( 'NONE',  ( -3.794707603699675727E-15, 0.000000000000000000, -1.000000000000000000 ) ) ;
#499 = LINE ( 'NONE', #10667, #4744 ) ;
#501 = LINE ( 'NONE', #2164, #5986 ) ;
#502 = VECTOR ( 'NONE', #8954, 1000.000000000000000 ) ;
#503 = LINE ( 'NONE', #3053, #7951 ) ;
#504 = VECTOR ( 'NONE', #3335, 1000.000000000000000 ) ;
#505 = PLANE ( 'NONE',  #2926 ) ;
#506 = EDGE_CURVE ( 'NONE', #6852, #3743, #8467, .T. ) ;
#507 = EDGE_CURVE ( 'NONE', #6016, #3394, #909, .T. ) ;
#508 = ORIENTED_EDGE ( 'NONE', *, *, #3021, .F. ) ;
#509 = ADVANCED_FACE ( 'NONE', ( #13 ), #3405, .T. ) ;
#510 = AXIS2_PLACEMENT_3D ( 'NONE', #2746, #6866, #5909 ) ;
#511 = EDGE_CURVE ( 'NONE', #6395, #4793, #231, .T. ) ;
#512 = CARTESIAN_POINT ( 'NONE',  ( 0.000000000000000000, 0.2000000000000000111, 0.000000000000000000 ) ) ;
#513 = VECTOR ( 'NONE', #5568, 1000.000000000000000 ) ;
#514 = ORIENTED_EDGE ( 'NONE', *, *, #9611, .F. ) ;
#515 = VECTOR ( 'NONE', #8780, 1000.000000000000000 ) ;
#516 = EDGE_LOOP ( 'NONE', ( #4318, #6636, #7106, #408 ) ) ;
#517 = ORIENTED_EDGE ( 'NONE', *, *, #5573, .T. ) ;
#518 = DIRECTION ( 'NONE',  ( -0.000000000000000000, -1.000000000000000000, -0.000000000000000000 ) ) ;
#519 = VECTOR ( 'NONE', #2892, 1000.000000000000000 ) ;
#520 = LINE ( 'NONE', #1290, #10079 ) ;
#521 = LINE ( 'NONE', #4797, #9908 ) ;
#522 = ORIENTED_EDGE ( 'NONE', *, *, #8325, .F. ) ;
#523 = CARTESIAN_POINT ( 'NONE',  ( 2.100000000000000089, 0.000000000000000000, -1.625000000000000000 ) ) ;
#524 = VECTOR ( 'NONE', #533, 1000.000000000000000 ) ;
#525 = ADVANCED_FACE ( 'NONE', ( #2683 ), #2011, .T. ) ;
#526 = COLOUR_RGB ( '',0.7921568627450980005, 0.8196078431372548767, 0.9333333333333333481 ) ;
#528 = ORIENTED_EDGE ( 'NONE', *, *, #5779, .T. ) ;
#527 = DIRECTION ( 'NONE',  ( 1.000000000000000000, 0.000000000000000000, -1.040834085586084257E-14 ) ) ;
#529 = LINE ( 'NONE', #3970, #1762 ) ;
#530 = CARTESIAN_POINT ( 'NONE',  ( -0.3749999999999975020, 0.000000000000000000, 2.499999999999978684 ) ) ;
#531 = DIRECTION ( 'NONE',  ( -3.794707603699675727E-15, -0.000000000000000000, -1.000000000000000000 ) ) ;
#532 = LINE ( 'NONE', #2184, #9536 ) ;
#533 = DIRECTION ( 'NONE',  ( 1.000000000000000000, 0.000000000000000000, 0.000000000000000000 ) ) ;
#535 = CARTESIAN_POINT ( 'NONE',  ( 2.100000000000000977, 0.2000000000000000111, 1.810000000000000719 ) ) ;
#534 = DIRECTION ( 'NONE',  ( -0.000000000000000000, -1.000000000000000000, -0.000000000000000000 ) ) ;
#536 = EDGE_LOOP ( 'NONE', ( #3606, #5800, #10235, #10224 ) ) ;
#537 = ORIENTED_EDGE ( 'NONE', *, *, #10615, .T. ) ;
#539 = ORIENTED_EDGE ( 'NONE', *, *, #1107, .T. ) ;
#538 = DIRECTION ( 'NONE',  ( -0.000000000000000000, 1.000000000000000000, 0.000000000000000000 ) ) ;
#540 = ORIENTED_EDGE ( 'NONE', *, *, #7503, .T. ) ;
#541 = PRESENTATION_LAYER_ASSIGNMENT (  '', '', ( #10471 ) ) ;
#542 = FILL_AREA_STYLE_COLOUR ( '', #7388 ) ;
#543 = DIRECTION ( 'NONE',  ( -0.000000000000000000, -1.000000000000000000, -0.000000000000000000 ) ) ;
#544 = VERTEX_POINT ( 'NONE', #7014 ) ;
#545 = DIRECTION ( 'NONE',  ( 9.893344823930226383E-15, 0.000000000000000000, 1.000000000000000000 ) ) ;
#546 = DIRECTION ( 'NONE',  ( -0.000000000000000000, -1.000000000000000000, -0.000000000000000000 ) ) ;
#547 = EDGE_LOOP ( 'NONE', ( #1112, #2698, #74, #1554 ) ) ;
#548 = CARTESIAN_POINT ( 'NONE',  ( -2.499999999999962252, 0.2000000000000000111, 1.125000000000003109 ) ) ;
#549 = AXIS2_PLACEMENT_3D ( 'NONE', #6862, #4309, #7088 ) ;
#550 = PLANE ( 'NONE',  #6182 ) ;
#551 = CARTESIAN_POINT ( 'NONE',  ( 1.625000000000001110, 0.2000000000000000111, 2.100000000000000533 ) ) ;
#552 = ORIENTED_EDGE ( 'NONE', *, *, #5666, .T. ) ;
#553 = LINE ( 'NONE', #3047, #1207 ) ;
#554 = CARTESIAN_POINT ( 'NONE',  ( 2.499999999999988454, 0.000000000000000000, 1.374999999999998668 ) ) ;
#555 = VECTOR ( 'NONE', #7277, 1000.000000000000000 ) ;
#556 = ORIENTED_EDGE ( 'NONE', *, *, #6973, .F. ) ;
#558 = LINE ( 'NONE', #2216, #3549 ) ;
#557 = LINE ( 'NONE', #9771, #2641 ) ;
#559 = CARTESIAN_POINT ( 'NONE',  ( -0.8750000000000022204, 0.2000000000000000111, -2.499999999999974243 ) ) ;
#560 = CARTESIAN_POINT ( 'NONE',  ( -1.625000000000002220, 0.2000000000000000111, -2.499999999999956035 ) ) ;
#561 = CARTESIAN_POINT ( 'NONE',  ( 2.100000000000000089, 0.2000000000000000111, -1.625000000000000000 ) ) ;
#562 = EDGE_CURVE ( 'NONE', #1294, #2838, #2628, .T. ) ;
#563 = EDGE_LOOP ( 'NONE', ( #10784, #946, #4098, #3219 ) ) ;
#564 = PLANE ( 'NONE',  #8847 ) ;
#565 = ORIENTED_EDGE ( 'NONE', *, *, #5052, .F. ) ;
#566 = ORIENTED_EDGE ( 'NONE', *, *, #6568, .T. ) ;
#567 = VERTEX_POINT ( 'NONE', #62 ) ;
#568 = EDGE_CURVE ( 'NONE', #1306, #10518, #3621, .T. ) ;
#569 = PLANE ( 'NONE',  #1353 ) ;
#570 = CARTESIAN_POINT ( 'NONE',  ( -2.500000000000046185, 0.2000000000000000111, -1.875000000000000000 ) ) ;
#571 = DIRECTION ( 'NONE',  ( -3.930232875260377980E-15, 0.000000000000000000, -1.000000000000000000 ) ) ;
#572 = EDGE_CURVE ( 'NONE', #7808, #7236, #6113, .T. ) ;
#573 = EDGE_CURVE ( 'NONE', #10518, #5200, #1963, .T. ) ;
#574 = CARTESIAN_POINT ( 'NONE',  ( -1.625000000000001332, 0.2000000000000000111, 2.100000000000001865 ) ) ;
#575 = VERTEX_POINT ( 'NONE', #9410 ) ;
#576 = CARTESIAN_POINT ( 'NONE',  ( -0.3749999999999991118, 0.2000000000000000111, 2.100000000000021849 ) ) ;
#578 = ORIENTED_EDGE ( 'NONE', *, *, #8313, .F. ) ;
#577 = CARTESIAN_POINT ( 'NONE',  ( 2.099999999999980105, 0.2000000000000000111, -0.3749999999999975575 ) ) ;
#579 = EDGE_CURVE ( 'NONE', #4761, #6846, #4346, .T. ) ;
#580 = EDGE_CURVE ( 'NONE', #10836, #5917, #5180, .T. ) ;
#581 = FILL_AREA_STYLE ('',( #1469 ) ) ;
#582 = SURFACE_STYLE_FILL_AREA ( #1189 ) ;
#583 = CARTESIAN_POINT ( 'NONE',  ( 2.500000000000000000, 0.04999999999999969746, 2.500000000000000000 ) ) ;
#584 = LINE ( 'NONE', #10741, #10070 ) ;
#585 = EDGE_CURVE ( 'NONE', #6864, #3392, #6970, .T. ) ;
#586 = DIRECTION ( 'NONE',  ( 1.040834085586083468E-14, -0.000000000000000000, 1.000000000000000000 ) ) ;
#588 = DIRECTION ( 'NONE',  ( -1.000000000000000000, 0.000000000000000000, 9.757819552369538328E-15 ) ) ;
#587 = CARTESIAN_POINT ( 'NONE',  ( -1.675000000000000044, 0.2000000000000000111, 1.524999999999998135 ) ) ;
#589 = ORIENTED_EDGE ( 'NONE', *, *, #3902, .F. ) ;
#590 = VERTEX_POINT ( 'NONE', #118 ) ;
#591 = ADVANCED_FACE ( 'NONE', ( #6854 ), #282, .F. ) ;
#593 = ORIENTED_EDGE ( 'NONE', *, *, #7757, .T. ) ;
#592 = CARTESIAN_POINT ( 'NONE',  ( 0.6250000000000025535, 0.2000000000000000111, 2.499999999999968470 ) ) ;
#594 = ORIENTED_EDGE ( 'NONE', *, *, #4983, .F. ) ;
#595 = SURFACE_STYLE_FILL_AREA ( #1208 ) ;
#596 = DIRECTION ( 'NONE',  ( -1.000000000000000000, 0.000000000000000000, 3.794707603699675727E-15 ) ) ;
#597 = VERTEX_POINT ( 'NONE', #7079 ) ;
#598 = DIRECTION ( 'NONE',  ( -1.000000000000000000, 0.000000000000000000, 9.893344823930226383E-15 ) ) ;
#599 = LINE ( 'NONE', #7372, #4875 ) ;
#600 = VERTEX_POINT ( 'NONE', #9457 ) ;
#601 = SURFACE_STYLE_FILL_AREA ( #2155 ) ;
#602 = CARTESIAN_POINT ( 'NONE',  ( 1.624999999999997780, 0.2000000000000000111, -2.500000000000000000 ) ) ;
#603 = VERTEX_POINT ( 'NONE', #5226 ) ;
#604 = CARTESIAN_POINT ( 'NONE',  ( -0.6250000000000006661, 0.2000000000000000111, -2.100000000000009859 ) ) ;
#605 = CARTESIAN_POINT ( 'NONE',  ( 0.000000000000000000, 0.2000000000000000111, 0.000000000000000000 ) ) ;
#606 = VERTEX_POINT ( 'NONE', #9511 ) ;
#608 = CARTESIAN_POINT ( 'NONE',  ( 0.3749999999999977796, 0.000000000000000000, -2.499999999999976907 ) ) ;
#607 = CARTESIAN_POINT ( 'NONE',  ( 1.809999999999999165, 0.000000000000000000, 2.100000000000000977 ) ) ;
#609 = DIRECTION ( 'NONE',  ( 9.757819552369536751E-15, 0.000000000000000000, 1.000000000000000000 ) ) ;
#610 = DIRECTION ( 'NONE',  ( -0.000000000000000000, -1.000000000000000000, -0.000000000000000000 ) ) ;
#611 = CARTESIAN_POINT ( 'NONE',  ( -2.099999999999964562, 0.2000000000000000111, 0.8749999999999990008 ) ) ;
#612 = ORIENTED_EDGE ( 'NONE', *, *, #1650, .T. ) ;
#613 = DIRECTION ( 'NONE',  ( -1.000000000000000000, 0.000000000000000000, -2.949029909160572061E-14 ) ) ;
#614 = VERTEX_POINT ( 'NONE', #4564 ) ;
#615 = ORIENTED_EDGE ( 'NONE', *, *, #3503, .T. ) ;
#616 = ORIENTED_EDGE ( 'NONE', *, *, #5442, .F. ) ;
#617 = CYLINDRICAL_SURFACE ( 'NONE', #7936, 0.1499999999999999667 ) ;
#618 =( LENGTH_UNIT ( ) NAMED_UNIT ( * ) SI_UNIT ( .MILLI., .METRE. ) );
#619 = CARTESIAN_POINT ( 'NONE',  ( -0.3750000000000022204, 0.2000000000000000111, -2.499999999999979128 ) ) ;
#620 = DIRECTION ( 'NONE',  ( 9.757819552369536751E-15, 0.000000000000000000, 1.000000000000000000 ) ) ;
#621 = EDGE_CURVE ( 'NONE', #7485, #1003, #8801, .T. ) ;
#622 = ORIENTED_EDGE ( 'NONE', *, *, #10748, .T. ) ;
#623 = DIRECTION ( 'NONE',  ( 0.000000000000000000, 1.000000000000000000, 0.000000000000000000 ) ) ;
#624 = VECTOR ( 'NONE', #1487, 1000.000000000000000 ) ;
#625 = ADVANCED_FACE ( 'NONE', ( #7733 ), #1176, .T. ) ;
#627 = ORIENTED_EDGE ( 'NONE', *, *, #7246, .F. ) ;
#626 = CARTESIAN_POINT ( 'NONE',  ( -1.375000000000000444, 0.2000000000000000111, -1.675000000000000711 ) ) ;
#628 = VECTOR ( 'NONE', #7387, 1000.000000000000000 ) ;
#629 = PLANE ( 'NONE',  #3135 ) ;
#630 = EDGE_CURVE ( 'NONE', #9706, #1782, #4462, .T. ) ;
#631 = CARTESIAN_POINT ( 'NONE',  ( 1.874999999999999112, 0.2000000000000000111, 2.165000000000000480 ) ) ;
#632 = CARTESIAN_POINT ( 'NONE',  ( 1.524999999999999023, 0.000000000000000000, 1.674999999999998712 ) ) ;
#633 = LINE ( 'NONE', #2572, #7091 ) ;
#635 = PLANE ( 'NONE',  #1864 ) ;
#634 = LINE ( 'NONE', #9920, #10448 ) ;
#636 = EDGE_LOOP ( 'NONE', ( #9642, #9229, #1840, #9546 ) ) ;
#637 = EDGE_CURVE ( 'NONE', #5349, #8984, #957, .T. ) ;
#638 = AXIS2_PLACEMENT_3D ( 'NONE', #2833, #5377, #4542 ) ;
#639 = ORIENTED_EDGE ( 'NONE', *, *, #8931, .T. ) ;
#640 = ADVANCED_FACE ( 'NONE', ( #9576 ), #5350, .F. ) ;
#641 = EDGE_CURVE ( 'NONE', #5413, #9497, #2852, .T. ) ;
#642 = ADVANCED_FACE ( 'NONE', ( #3908 ), #3787, .T. ) ;
#644 = VERTEX_POINT ( 'NONE', #6360 ) ;
#643 = PRESENTATION_STYLE_ASSIGNMENT (( #4137 ) ) ;
#645 = ORIENTED_EDGE ( 'NONE', *, *, #845, .T. ) ;
#646 = SURFACE_SIDE_STYLE ('',( #10752 ) ) ;
#647 = CARTESIAN_POINT ( 'NONE',  ( -1.675000000000000044, 0.2000000000000000111, 1.524999999999998135 ) ) ;
#648 = VECTOR ( 'NONE', #10111, 1000.000000000000000 ) ;
#649 = EDGE_LOOP ( 'NONE', ( #865, #7765, #5409, #5115 ) ) ;
#650 = DIRECTION ( 'NONE',  ( -1.439820485060763520E-13, 0.000000000000000000, -1.000000000000000000 ) ) ;
#651 = FACE_OUTER_BOUND ( 'NONE', #218, .T. ) ;
#652 = ORIENTED_EDGE ( 'NONE', *, *, #160, .F. ) ;
#653 = CLOSED_SHELL ( 'NONE', ( #7296, #10071, #8739, #6697, #2594, #7718 ) ) ;
#654 = VECTOR ( 'NONE', #6256, 1000.000000000000000 ) ;
#655 = EDGE_CURVE ( 'NONE', #3837, #2827, #7185, .T. ) ;
#656 = CARTESIAN_POINT ( 'NONE',  ( -2.499999999999972911, 0.000000000000000000, 0.1250000000000031364 ) ) ;
#657 = CARTESIAN_POINT ( 'NONE',  ( -2.499999999999956923, 0.2000000000000000111, 1.625000000000003109 ) ) ;
#658 = LINE ( 'NONE', #2434, #10583 ) ;
#659 = CARTESIAN_POINT ( 'NONE',  ( 2.100000000000000089, 0.2000000000000000111, -1.625000000000000000 ) ) ;
#660 = DIRECTION ( 'NONE',  ( 1.040834085586083468E-14, -0.000000000000000000, 1.000000000000000000 ) ) ;
#661 = ORIENTED_EDGE ( 'NONE', *, *, #7100, .T. ) ;
#663 = PLANE ( 'NONE',  #4393 ) ;
#662 = CARTESIAN_POINT ( 'NONE',  ( 2.100000000000000089, 0.2000000000000000111, -1.625000000000000000 ) ) ;
#664 = VECTOR ( 'NONE', #6760, 1000.000000000000000 ) ;
#665 = CARTESIAN_POINT ( 'NONE',  ( 0.3749999999999993339, 0.2000000000000000111, -2.100000000000020073 ) ) ;
#666 = VECTOR ( 'NONE', #1102, 1000.000000000000000 ) ;
#667 = LINE ( 'NONE', #2336, #8506 ) ;
#668 = DIRECTION ( 'NONE',  ( 9.757819552369538328E-15, 0.000000000000000000, 1.000000000000000000 ) ) ;
#669 = AXIS2_PLACEMENT_3D ( 'NONE', #3791, #8915, #8966 ) ;
#670 = EDGE_LOOP ( 'NONE', ( #7919, #6861, #10382, #6112 ) ) ;
#671 = CARTESIAN_POINT ( 'NONE',  ( 2.499999999999974687, 0.2000000000000000111, -0.8750000000000015543 ) ) ;
#672 = VECTOR ( 'NONE', #915, 1000.000000000000000 ) ;
#673 = ORIENTED_EDGE ( 'NONE', *, *, #10280, .T. ) ;
#674 = ORIENTED_EDGE ( 'NONE', *, *, #10003, .F. ) ;
#675 = DIRECTION ( 'NONE',  ( 0.000000000000000000, 0.000000000000000000, -1.000000000000000000 ) ) ;
#676 = AXIS2_PLACEMENT_3D ( 'NONE', #6009, #225, #9405 ) ;
#677 = VECTOR ( 'NONE', #9954, 1000.000000000000000 ) ;
#678 = SURFACE_STYLE_FILL_AREA ( #7558 ) ;
#679 = CARTESIAN_POINT ( 'NONE',  ( 0.000000000000000000, 0.000000000000000000, 0.000000000000000000 ) ) ;
#680 = PLANE ( 'NONE',  #6180 ) ;
#681 = ORIENTED_EDGE ( 'NONE', *, *, #8798, .T. ) ;
#682 = DIRECTION ( 'NONE',  ( -0.7071067811865474617, 0.000000000000000000, -0.7071067811865474617 ) ) ;
#683 = VECTOR ( 'NONE', #6093, 1000.000000000000000 ) ;
#684 = VECTOR ( 'NONE', #6682, 1000.000000000000000 ) ;
#686 = ORIENTED_EDGE ( 'NONE', *, *, #3616, .T. ) ;
#685 = CARTESIAN_POINT ( 'NONE',  ( -0.3749999999999991118, 0.2000000000000000111, 2.100000000000021849 ) ) ;
#687 = CARTESIAN_POINT ( 'NONE',  ( -2.499999999999975131, 0.2000000000000000111, -0.1249999999999968636 ) ) ;
#688 = VECTOR ( 'NONE', #4964, 1000.000000000000000 ) ;
#689 = CARTESIAN_POINT ( 'NONE',  ( -0.3749999999999991118, 0.2000000000000000111, 2.100000000000021849 ) ) ;
#690 = SURFACE_STYLE_USAGE ( .BOTH. , #5899 ) ;
#691 = CARTESIAN_POINT ( 'NONE',  ( 2.100000000000000089, 0.04999999999999999584, -1.625000000000000000 ) ) ;
#692 = VECTOR ( 'NONE', #2691, 1000.000000000000000 ) ;
#693 = CARTESIAN_POINT ( 'NONE',  ( -1.625000000000002220, 0.2000000000000000111, -2.499999999999956035 ) ) ;
#694 = LINE ( 'NONE', #2414, #4750 ) ;
#695 = VECTOR ( 'NONE', #1648, 1000.000000000000000 ) ;
#697 = DIRECTION ( 'NONE',  ( 9.757819552369538328E-15, 0.000000000000000000, 1.000000000000000000 ) ) ;
#696 = DIRECTION ( 'NONE',  ( -1.000000000000000000, 0.000000000000000000, 9.757819552369536751E-15 ) ) ;
#698 = EDGE_CURVE ( 'NONE', #6560, #7151, #3060, .T. ) ;
#699 = ORIENTED_EDGE ( 'NONE', *, *, #4971, .T. ) ;
#700 = ORIENTED_EDGE ( 'NONE', *, *, #9113, .T. ) ;
#701 = EDGE_CURVE ( 'NONE', #10974, #4538, #3110, .T. ) ;
#702 = ORIENTED_EDGE ( 'NONE', *, *, #2127, .F. ) ;
#703 = ORIENTED_EDGE ( 'NONE', *, *, #10104, .T. ) ;
#704 = SURFACE_STYLE_FILL_AREA ( #6816 ) ;
#705 = ADVANCED_FACE ( 'NONE', ( #344 ), #6470, .F. ) ;
#706 = FACE_OUTER_BOUND ( 'NONE', #2558, .T. ) ;
#707 = STYLED_ITEM ( 'NONE', ( #2454 ), #2731 ) ;
#708 = EDGE_LOOP ( 'NONE', ( #46, #3303, #6662, #6196 ) ) ;
#709 = PLANE ( 'NONE',  #2471 ) ;
#710 = ADVANCED_FACE ( 'NONE', ( #9899 ), #8961, .T. ) ;
#711 = DIRECTION ( 'NONE',  ( 9.757819552369538328E-15, -0.000000000000000000, 1.000000000000000000 ) ) ;
#712 = EDGE_CURVE ( 'NONE', #2702, #10168, #6301, .T. ) ;
#713 = ADVANCED_FACE ( 'NONE', ( #9670 ), #1236, .T. ) ;
#714 = UNCERTAINTY_MEASURE_WITH_UNIT (LENGTH_MEASURE( 1.000000000000000082E-05 ), #5857, 'distance_accuracy_value', 'NONE');
#715 = ORIENTED_EDGE ( 'NONE', *, *, #6007, .F. ) ;
#716 = ORIENTED_EDGE ( 'NONE', *, *, #6365, .T. ) ;
#717 = VECTOR ( 'NONE', #2162, 1000.000000000000000 ) ;
#718 = CARTESIAN_POINT ( 'NONE',  ( -2.099999999999967226, 0.2000000000000000111, 0.6249999999999987788 ) ) ;
#719 = DIRECTION ( 'NONE',  ( -0.000000000000000000, -1.000000000000000000, -0.000000000000000000 ) ) ;
#720 = FACE_OUTER_BOUND ( 'NONE', #2993, .T. ) ;
#721 = DIRECTION ( 'NONE',  ( 1.040834085586084257E-14, 0.000000000000000000, 1.000000000000000000 ) ) ;
#722 = ORIENTED_EDGE ( 'NONE', *, *, #4379, .T. ) ;
#723 = EDGE_CURVE ( 'NONE', #4765, #6161, #2172, .T. ) ;
#725 = CARTESIAN_POINT ( 'NONE',  ( -2.499999999999956923, 0.2000000000000000111, 1.625000000000003109 ) ) ;
#724 = DIRECTION ( 'NONE',  ( -3.862470239480026854E-15, -0.000000000000000000, -1.000000000000000000 ) ) ;
#726 = CARTESIAN_POINT ( 'NONE',  ( -0.1250000000000014710, 0.2000000000000000111, 2.099999999999985878 ) ) ;
#727 = STYLED_ITEM ( 'NONE', ( #4193 ), #10065 ) ;
#728 = EDGE_CURVE ( 'NONE', #2283, #5811, #7294, .T. ) ;
#729 = CARTESIAN_POINT ( 'NONE',  ( -1.874999999999998890, 0.2000000000000000111, -2.164999999999999591 ) ) ;
#730 = ORIENTED_EDGE ( 'NONE', *, *, #9521, .F. ) ;
#731 = PLANE ( 'NONE',  #5816 ) ;
#732 = EDGE_CURVE ( 'NONE', #10067, #4659, #4676, .T. ) ;
#733 = AXIS2_PLACEMENT_3D ( 'NONE', #5682, #9397, #4897 ) ;
#734 = VERTEX_POINT ( 'NONE', #1339 ) ;
#735 = EDGE_LOOP ( 'NONE', ( #8771, #2169, #8965, #3557 ) ) ;
#736 = VERTEX_POINT ( 'NONE', #9727 ) ;
#737 = DIRECTION ( 'NONE',  ( -1.000000000000000000, 0.000000000000000000, 0.000000000000000000 ) ) ;
#738 = DIRECTION ( 'NONE',  ( -1.000000000000000000, 0.000000000000000000, 1.040834085586083468E-14 ) ) ;
#739 = LINE ( 'NONE', #2562, #10601 ) ;
#740 = CARTESIAN_POINT ( 'NONE',  ( 2.499999999999972911, 0.2000000000000000111, -0.1250000000000014988 ) ) ;
#741 = ORIENTED_EDGE ( 'NONE', *, *, #3419, .T. ) ;
#742 = CARTESIAN_POINT ( 'NONE',  ( 1.124999999999997780, 0.2000000000000000111, -2.499999999999994671 ) ) ;
#743 = AXIS2_PLACEMENT_3D ( 'NONE', #6101, #329, #7001 ) ;
#744 = VERTEX_POINT ( 'NONE', #4622 ) ;
#745 = LINE ( 'NONE', #8362, #7052 ) ;
#746 = LINE ( 'NONE', #4247, #7625 ) ;
#747 = DIRECTION ( 'NONE',  ( -1.029992063861229055E-14, 0.000000000000000000, -1.000000000000000000 ) ) ;
#748 = LINE ( 'NONE', #4130, #8858 ) ;
#749 = DIRECTION ( 'NONE',  ( -1.000000000000000000, 0.000000000000000000, 5.825563911862536913E-15 ) ) ;
#750 = FACE_OUTER_BOUND ( 'NONE', #2499, .T. ) ;
#752 = LINE ( 'NONE', #7580, #5763 ) ;
#751 = PLANE ( 'NONE',  #8333 ) ;
#753 = VERTEX_POINT ( 'NONE', #5674 ) ;
#754 = ORIENTED_EDGE ( 'NONE', *, *, #9531, .F. ) ;
#755 = ORIENTED_EDGE ( 'NONE', *, *, #776, .T. ) ;
#756 = ORIENTED_EDGE ( 'NONE', *, *, #2673, .F. ) ;
#757 = PRESENTATION_STYLE_ASSIGNMENT (( #8375 ) ) ;
#758 = DIRECTION ( 'NONE',  ( 0.000000000000000000, -1.000000000000000000, 0.000000000000000000 ) ) ;
#759 = ORIENTED_EDGE ( 'NONE', *, *, #1072, .F. ) ;
#760 = DIRECTION ( 'NONE',  ( -2.949029909160572061E-14, 0.000000000000000000, 1.000000000000000000 ) ) ;
#761 = CARTESIAN_POINT ( 'NONE',  ( 2.499999999999980016, 0.04999999999999999584, -0.3750000000000014988 ) ) ;
#762 = ORIENTED_EDGE ( 'NONE', *, *, #5127, .F. ) ;
#763 = VERTEX_POINT ( 'NONE', #10678 ) ;
#764 = LINE ( 'NONE', #10871, #9418 ) ;
#765 = FACE_OUTER_BOUND ( 'NONE', #9647, .T. ) ;
#766 = EDGE_CURVE ( 'NONE', #3929, #7191, #7341, .T. ) ;
#767 = EDGE_CURVE ( 'NONE', #8787, #734, #2116, .T. ) ;
#768 = CARTESIAN_POINT ( 'NONE',  ( -0.3749999999999975020, 0.2000000000000000111, 2.499999999999978684 ) ) ;
#769 = CARTESIAN_POINT ( 'NONE',  ( 2.165000000000000036, 0.000000000000000000, -1.874999999999998002 ) ) ;
#770 = LINE ( 'NONE', #5656, #365 ) ;
#771 = ORIENTED_EDGE ( 'NONE', *, *, #5653, .F. ) ;
#773 = LINE ( 'NONE', #10995, #7933 ) ;
#772 = DIRECTION ( 'NONE',  ( 1.040834085586083468E-14, 0.000000000000000000, 1.000000000000000000 ) ) ;
#774 = DIRECTION ( 'NONE',  ( 0.000000000000000000, -1.000000000000000000, 0.000000000000000000 ) ) ;
#775 = DIRECTION ( 'NONE',  ( 1.000000000000000000, 0.000000000000000000, -1.457167719820531843E-13 ) ) ;
#776 = EDGE_CURVE ( 'NONE', #4260, #6605, #2225, .T. ) ;
#777 = EDGE_CURVE ( 'NONE', #2204, #3995, #1406, .T. ) ;
#778 = VERTEX_POINT ( 'NONE', #9082 ) ;
#779 = ADVANCED_FACE ( 'NONE', ( #8185 ), #569, .F. ) ;
#780 = CARTESIAN_POINT ( 'NONE',  ( -2.500000000000000000, 0.04999999999999969746, -1.374999999999999112 ) ) ;
#781 = EDGE_CURVE ( 'NONE', #2839, #4388, #7396, .T. ) ;
#782 = EDGE_LOOP ( 'NONE', ( #5372, #10547, #4390, #10653, #1859, #2814, #10392, #8744 ) ) ;
#783 = ORIENTED_EDGE ( 'NONE', *, *, #507, .F. ) ;
#784 = VERTEX_POINT ( 'NONE', #2350 ) ;
#785 = CARTESIAN_POINT ( 'NONE',  ( 2.499999999999956923, 0.2000000000000000111, -1.625000000000001332 ) ) ;
#786 = CARTESIAN_POINT ( 'NONE',  ( 1.525000000000000133, 0.2000000000000000111, -1.525000000000001465 ) ) ;
#787 = PLANE ( 'NONE',  #8482 ) ;
#788 = CARTESIAN_POINT ( 'NONE',  ( 1.675000000000000044, 0.000000000000000000, 1.524999999999997691 ) ) ;
#789 = ORIENTED_EDGE ( 'NONE', *, *, #292, .F. ) ;
#790 = LINE ( 'NONE', #3287, #6361 ) ;
#791 = ORIENTED_EDGE ( 'NONE', *, *, #5243, .F. ) ;
#792 = CARTESIAN_POINT ( 'NONE',  ( -1.125000000000002220, 0.2000000000000000111, -2.499999999999961364 ) ) ;
#793 = PRESENTATION_STYLE_ASSIGNMENT (( #7637 ) ) ;
#794 = CARTESIAN_POINT ( 'NONE',  ( 2.100000000000000533, 0.04999999999999999584, 1.625000000000002442 ) ) ;
#795 = LINE ( 'NONE', #10239, #2464 ) ;
#796 = AXIS2_PLACEMENT_3D ( 'NONE', #5424, #8213, #9697 ) ;
#797 = CARTESIAN_POINT ( 'NONE',  ( 2.100000000000020961, 0.2000000000000000111, 0.3750000000000000555 ) ) ;
#798 = DIRECTION ( 'NONE',  ( -2.344220913482196012E-15, 0.000000000000000000, -1.000000000000000000 ) ) ;
#800 = CARTESIAN_POINT ( 'NONE',  ( 1.624999999999997780, 0.2000000000000000111, -2.500000000000000000 ) ) ;
#799 = CARTESIAN_POINT ( 'NONE',  ( 2.500000000000000888, 0.2000000000000000111, 1.624999999999998668 ) ) ;
#801 = ORIENTED_EDGE ( 'NONE', *, *, #3080, .F. ) ;
#802 = EDGE_LOOP ( 'NONE', ( #593, #10947, #6520, #8283 ) ) ;
#803 = VECTOR ( 'NONE', #6484, 1000.000000000000000 ) ;
#805 = ORIENTED_EDGE ( 'NONE', *, *, #2886, .F. ) ;
#804 = CARTESIAN_POINT ( 'NONE',  ( 2.499999999999993783, 0.2000000000000000111, 1.874999999999998668 ) ) ;
#806 = ORIENTED_EDGE ( 'NONE', *, *, #3834, .F. ) ;
#807 = LINE ( 'NONE', #4864, #6346 ) ;
#808 = CARTESIAN_POINT ( 'NONE',  ( 0.000000000000000000, 0.000000000000000000, 0.000000000000000000 ) ) ;
#809 = VERTEX_POINT ( 'NONE', #5007 ) ;
#810 = VECTOR ( 'NONE', #7605, 1000.000000000000000 ) ;
#811 = CARTESIAN_POINT ( 'NONE',  ( -2.099999999999957012, 0.2000000000000000111, 1.624999999999998890 ) ) ;
#812 = VECTOR ( 'NONE', #5663, 1000.000000000000000 ) ;
#813 = CARTESIAN_POINT ( 'NONE',  ( 1.874999999999997780, 0.2000000000000000111, -2.499999999999992895 ) ) ;
#814 = UNCERTAINTY_MEASURE_WITH_UNIT (LENGTH_MEASURE( 1.000000000000000082E-05 ), #7105, 'distance_accuracy_value', 'NONE');
#815 = ORIENTED_EDGE ( 'NONE', *, *, #2741, .T. ) ;
#816 = VERTEX_POINT ( 'NONE', #785 ) ;
#817 = VERTEX_POINT ( 'NONE', #3399 ) ;
#818 = DIRECTION ( 'NONE',  ( 0.000000000000000000, 0.000000000000000000, -1.000000000000000000 ) ) ;
#819 = CARTESIAN_POINT ( 'NONE',  ( -1.625000000000000888, 0.000000000000000000, -2.099999999999999645 ) ) ;
#820 = LINE ( 'NONE', #10047, #6860 ) ;
#821 = CARTESIAN_POINT ( 'NONE',  ( 2.499999999999990674, 0.04999999999999999584, 0.6249999999999984457 ) ) ;
#822 = VERTEX_POINT ( 'NONE', #4888 ) ;
#824 = DIRECTION ( 'NONE',  ( -1.040834085586085203E-14, 0.000000000000000000, -1.000000000000000000 ) ) ;
#823 = DIRECTION ( 'NONE',  ( -1.439820485060763520E-13, 0.000000000000000000, -1.000000000000000000 ) ) ;
#825 = DIRECTION ( 'NONE',  ( 1.000000000000000000, -0.000000000000000000, -1.035655806553459049E-14 ) ) ;
#826 = LINE ( 'NONE', #729, #7549 ) ;
#827 = VECTOR ( 'NONE', #3583, 1000.000000000000000 ) ;
#828 = ADVANCED_FACE ( 'NONE', ( #10008 ), #2560, .F. ) ;
#829 = ORIENTED_EDGE ( 'NONE', *, *, #3271, .F. ) ;
#830 = CARTESIAN_POINT ( 'NONE',  ( 2.099999999999900169, 0.05000000000000000278, -3.023623018627459655E-13 ) ) ;
#831 = ADVANCED_FACE ( 'NONE', ( #4007 ), #617, .T. ) ;
#832 = VERTEX_POINT ( 'NONE', #3340 ) ;
#833 = VERTEX_POINT ( 'NONE', #5891 ) ;
#834 = VECTOR ( 'NONE', #10853, 1000.000000000000000 ) ;
#835 = ORIENTED_EDGE ( 'NONE', *, *, #10476, .F. ) ;
#836 = VERTEX_POINT ( 'NONE', #10785 ) ;
#837 = STYLED_ITEM ( 'NONE', ( #2106 ), #6496 ) ;
#838 = FACE_OUTER_BOUND ( 'NONE', #8167, .T. ) ;
#839 = VECTOR ( 'NONE', #6790, 1000.000000000000114 ) ;
#840 = EDGE_CURVE ( 'NONE', #3079, #8787, #10174, .T. ) ;
#841 = CARTESIAN_POINT ( 'NONE',  ( -1.525000000000000133, 0.2000000000000000111, 1.524999999999999245 ) ) ;
#842 = EDGE_CURVE ( 'NONE', #7231, #8868, #1625, .T. ) ;
#843 = DIRECTION ( 'NONE',  ( 1.000000000000000000, -0.000000000000000000, -1.439820485060763520E-13 ) ) ;
#844 = ORIENTED_EDGE ( 'NONE', *, *, #4321, .F. ) ;
#845 = EDGE_CURVE ( 'NONE', #9081, #6794, #5056, .T. ) ;
#846 = LINE ( 'NONE', #4894, #1379 ) ;
#847 = ADVANCED_FACE ( 'NONE', ( #838 ), #8455, .F. ) ;
#848 = AXIS2_PLACEMENT_3D ( 'NONE', #272, #5387, #8690 ) ;
#849 = VECTOR ( 'NONE', #2792, 1000.000000000000000 ) ;
#850 = AXIS2_PLACEMENT_3D ( 'NONE', #9254, #860, #4132 ) ;
#851 = ORIENTED_EDGE ( 'NONE', *, *, #4092, .F. ) ;
#852 = VECTOR ( 'NONE', #2955, 1000.000000000000000 ) ;
#853 = CARTESIAN_POINT ( 'NONE',  ( 1.625000000000002442, 0.2000000000000000111, 2.499999999999957367 ) ) ;
#854 = CARTESIAN_POINT ( 'NONE',  ( 2.499999999999972911, 0.2000000000000000111, -0.1250000000000014988 ) ) ;
#855 =( NAMED_UNIT ( * ) SI_UNIT ( $, .STERADIAN. ) SOLID_ANGLE_UNIT ( ) );
#856 = LINE ( 'NONE', #6702, #5474 ) ;
#857 = VECTOR ( 'NONE', #9486, 1000.000000000000000 ) ;
#858 = DIRECTION ( 'NONE',  ( -1.439820485060763520E-13, 0.000000000000000000, -1.000000000000000000 ) ) ;
#859 = EDGE_CURVE ( 'NONE', #9179, #2250, #6638, .T. ) ;
#860 = DIRECTION ( 'NONE',  ( 2.949029909160572061E-14, 0.000000000000000000, -1.000000000000000000 ) ) ;
#861 = CARTESIAN_POINT ( 'NONE',  ( 0.8749999999999993339, 0.2000000000000000111, -2.100000000000025402 ) ) ;
#862 = VECTOR ( 'NONE', #620, 1000.000000000000000 ) ;
#863 = ADVANCED_FACE ( 'NONE', ( #6748 ), #8287, .F. ) ;
#864 = AXIS2_PLACEMENT_3D ( 'NONE', #10820, #4932, #10986 ) ;
#865 = ORIENTED_EDGE ( 'NONE', *, *, #1169, .T. ) ;
#866 = ORIENTED_EDGE ( 'NONE', *, *, #766, .F. ) ;
#867 = VECTOR ( 'NONE', #8008, 1000.000000000000000 ) ;
#868 = VERTEX_POINT ( 'NONE', #10941 ) ;
#869 = ORIENTED_EDGE ( 'NONE', *, *, #1257, .T. ) ;
#870 = VECTOR ( 'NONE', #10474, 1000.000000000000000 ) ;
#871 = VECTOR ( 'NONE', #10100, 1000.000000000000000 ) ;
#872 = DIRECTION ( 'NONE',  ( 9.825582188149880778E-15, 0.000000000000000000, 1.000000000000000000 ) ) ;
#873 = ORIENTED_EDGE ( 'NONE', *, *, #5109, .F. ) ;
#874 = CARTESIAN_POINT ( 'NONE',  ( -0.6250000000000022204, 0.000000000000000000, -2.499999999999966693 ) ) ;
#876 = LINE ( 'NONE', #8329, #6489 ) ;
#875 = DIRECTION ( 'NONE',  ( 2.775557561562891351E-14, 0.000000000000000000, -1.000000000000000000 ) ) ;
#877 = AXIS2_PLACEMENT_3D ( 'NONE', #1682, #4962, #8363 ) ;
#878 = ORIENTED_EDGE ( 'NONE', *, *, #10167, .F. ) ;
#879 = ORIENTED_EDGE ( 'NONE', *, *, #8101, .T. ) ;
#880 = VECTOR ( 'NONE', #5136, 1000.000000000000000 ) ;
#881 =( NAMED_UNIT ( * ) PLANE_ANGLE_UNIT ( ) SI_UNIT ( $, .RADIAN. ) );
#882 = ORIENTED_EDGE ( 'NONE', *, *, #630, .T. ) ;
#883 = COLOUR_RGB ( '',0.7921568627450980005, 0.8196078431372548767, 0.9333333333333333481 ) ;
#884 = CARTESIAN_POINT ( 'NONE',  ( -2.099999999999962341, 0.2000000000000000111, 1.124999999999998890 ) ) ;
#885 = DIRECTION ( 'NONE',  ( -0.7071067811865475727, 0.000000000000000000, -0.7071067811865475727 ) ) ;
#886 = LINE ( 'NONE', #3323, #648 ) ;
#887 = CARTESIAN_POINT ( 'NONE',  ( -2.099999999999957012, 0.2000000000000000111, 1.624999999999998890 ) ) ;
#888 = ORIENTED_EDGE ( 'NONE', *, *, #9270, .T. ) ;
#890 = CARTESIAN_POINT ( 'NONE',  ( 1.375000000000007327, 0.05000000000000000278, -5.217722955087081734E-15 ) ) ;
#889 = FACE_OUTER_BOUND ( 'NONE', #9431, .T. ) ;
#891 = LINE ( 'NONE', #10052, #1855 ) ;
#892 = VECTOR ( 'NONE', #4340, 1000.000000000000000 ) ;
#893 = DIRECTION ( 'NONE',  ( -1.000000000000000000, 0.000000000000000000, -2.949029909160572061E-14 ) ) ;
#894 = EDGE_LOOP ( 'NONE', ( #6373, #4774, #1485, #1753 ) ) ;
#895 = LINE ( 'NONE', #4284, #6005 ) ;
#896 = DIRECTION ( 'NONE',  ( -1.000000000000000000, -0.000000000000000000, 1.457167719820531843E-13 ) ) ;
#897 = ORIENTED_EDGE ( 'NONE', *, *, #1606, .F. ) ;
#898 = ORIENTED_EDGE ( 'NONE', *, *, #6334, .T. ) ;
#899 = ORIENTED_EDGE ( 'NONE', *, *, #6896, .F. ) ;
#900 = CARTESIAN_POINT ( 'NONE',  ( -0.1249999999999974881, 0.04999999999999999584, 2.499999999999986233 ) ) ;
#901 = DIRECTION ( 'NONE',  ( 1.000000000000000000, 0.000000000000000000, -9.757819552369538328E-15 ) ) ;
#902 = CARTESIAN_POINT ( 'NONE',  ( 0.000000000000000000, 1.000000000000000000, 0.000000000000000000 ) ) ;
#903 = DIRECTION ( 'NONE',  ( -2.949029909160572061E-14, 0.000000000000000000, 1.000000000000000000 ) ) ;
#904 = ADVANCED_FACE ( 'NONE', ( #4 ), #8353, .F. ) ;
#905 = ORIENTED_EDGE ( 'NONE', *, *, #10540, .F. ) ;
#906 = VECTOR ( 'NONE', #6286, 1000.000000000000000 ) ;
#907 = AXIS2_PLACEMENT_3D ( 'NONE', #3966, #462, #3068 ) ;
#908 = ORIENTED_EDGE ( 'NONE', *, *, #5812, .T. ) ;
#909 = LINE ( 'NONE', #853, #8473 ) ;
#910 = EDGE_CURVE ( 'NONE', #6604, #117, #10891, .T. ) ;
#911 = FILL_AREA_STYLE_COLOUR ( '', #1414 ) ;
#912 =( NAMED_UNIT ( * ) PLANE_ANGLE_UNIT ( ) SI_UNIT ( $, .RADIAN. ) );
#913 = LINE ( 'NONE', #5015, #8694 ) ;
#914 = VECTOR ( 'NONE', #9110, 1000.000000000000000 ) ;
#915 = DIRECTION ( 'NONE',  ( -1.000000000000000000, 0.000000000000000000, 1.040834085586084257E-14 ) ) ;
#916 = CARTESIAN_POINT ( 'NONE',  ( 2.500000000000000000, 1.000000000000000000, 2.500000000000000000 ) ) ;
#917 = EDGE_CURVE ( 'NONE', #10057, #9393, #6586, .T. ) ;
#918 = CARTESIAN_POINT ( 'NONE',  ( 0.000000000000000000, 0.2000000000000000111, 0.000000000000000000 ) ) ;
#919 = ORIENTED_EDGE ( 'NONE', *, *, #94, .F. ) ;
#920 = EDGE_CURVE ( 'NONE', #10922, #2349, #9346, .T. ) ;
#921 = EDGE_CURVE ( 'NONE', #597, #1325, #5836, .T. ) ;
#923 = ORIENTED_EDGE ( 'NONE', *, *, #10945, .F. ) ;
#922 = LINE ( 'NONE', #3686, #8004 ) ;
#924 = ORIENTED_EDGE ( 'NONE', *, *, #10705, .F. ) ;
#925 = EDGE_CURVE ( 'NONE', #10000, #9308, #6847, .T. ) ;
#926 = SURFACE_SIDE_STYLE ('',( #10355 ) ) ;
#927 = CARTESIAN_POINT ( 'NONE',  ( 1.524999999999999023, 0.000000000000000000, 1.674999999999998712 ) ) ;
#928 = EDGE_LOOP ( 'NONE', ( #9613, #5620, #3786, #8462 ) ) ;
#929 = FACE_OUTER_BOUND ( 'NONE', #9300, .T. ) ;
#931 = CARTESIAN_POINT ( 'NONE',  ( -3.023623018627362215E-13, 0.05000000000000000278, -2.099999999999832667 ) ) ;
#930 = CYLINDRICAL_SURFACE ( 'NONE', #9377, 0.1499999999999999667 ) ;
#932 = UNCERTAINTY_MEASURE_WITH_UNIT (LENGTH_MEASURE( 1.000000000000000082E-05 ), #6919, 'distance_accuracy_value', 'NONE');
#933 = ORIENTED_EDGE ( 'NONE', *, *, #917, .T. ) ;
#934 = EDGE_LOOP ( 'NONE', ( #5024, #3426, #3875, #7346 ) ) ;
#935 = FILL_AREA_STYLE_COLOUR ( '', #6551 ) ;
#936 = EDGE_LOOP ( 'NONE', ( #4714, #3906, #2915, #8070 ) ) ;
#937 = CARTESIAN_POINT ( 'NONE',  ( 1.625000000000001554, 0.04999999999999999584, -2.100000000000000089 ) ) ;
#938 = DIRECTION ( 'NONE',  ( -1.000000000000000000, 0.000000000000000000, 0.000000000000000000 ) ) ;
#939 = FACE_OUTER_BOUND ( 'NONE', #6999, .T. ) ;
#940 = DIRECTION ( 'NONE',  ( -0.000000000000000000, -1.000000000000000000, -0.000000000000000000 ) ) ;
#941 = EDGE_LOOP ( 'NONE', ( #8102, #6033, #5078, #9963 ) ) ;
#943 = FACE_OUTER_BOUND ( 'NONE', #85, .T. ) ;
#942 = CARTESIAN_POINT ( 'NONE',  ( 1.625000000000002442, 0.2000000000000000111, 2.499999999999957367 ) ) ;
#944 = FACE_OUTER_BOUND ( 'NONE', #1954, .T. ) ;
#945 = LINE ( 'NONE', #6793, #5772 ) ;
#946 = ORIENTED_EDGE ( 'NONE', *, *, #579, .F. ) ;
#947 = DIRECTION ( 'NONE',  ( -1.000000000000000000, 0.000000000000000000, -2.949029909160572061E-14 ) ) ;
#948 = LINE ( 'NONE', #3117, #8013 ) ;
#949 = VERTEX_POINT ( 'NONE', #108 ) ;
#950 = VERTEX_POINT ( 'NONE', #900 ) ;
#951 = ORIENTED_EDGE ( 'NONE', *, *, #3896, .T. ) ;
#952 = DIRECTION ( 'NONE',  ( 0.000000000000000000, -1.000000000000000000, 0.000000000000000000 ) ) ;
#953 = LINE ( 'NONE', #4342, #7589 ) ;
#954 = CARTESIAN_POINT ( 'NONE',  ( 1.525000000000000133, 0.2000000000000000111, -1.525000000000001465 ) ) ;
#955 = ORIENTED_EDGE ( 'NONE', *, *, #1402, .T. ) ;
#956 = ORIENTED_EDGE ( 'NONE', *, *, #7427, .T. ) ;
#957 = LINE ( 'NONE', #3514, #3301 ) ;
#958 = LINE ( 'NONE', #2465, #3534 ) ;
#959 = FACE_OUTER_BOUND ( 'NONE', #4837, .T. ) ;
#960 = DIRECTION ( 'NONE',  ( -1.000000000000000000, 0.000000000000000000, 2.168404344970728034E-15 ) ) ;
#961 = DIRECTION ( 'NONE',  ( 0.000000000000000000, -1.000000000000000000, 0.000000000000000000 ) ) ;
#962 = DIRECTION ( 'NONE',  ( 8.439195288535886079E-14, 0.000000000000000000, -1.000000000000000000 ) ) ;
#963 = LINE ( 'NONE', #187, #6913 ) ;
#964 = EDGE_CURVE ( 'NONE', #10137, #2751, #3446, .T. ) ;
#966 = ORIENTED_EDGE ( 'NONE', *, *, #6082, .F. ) ;
#965 = LINE ( 'NONE', #7742, #1968 ) ;
#967 = EDGE_CURVE ( 'NONE', #590, #7061, #6903, .T. ) ;
#968 = LINE ( 'NONE', #4358, #1717 ) ;
#969 = LINE ( 'NONE', #9473, #7250 ) ;
#970 = EDGE_LOOP ( 'NONE', ( #9108, #1087, #10791, #539 ) ) ;
#971 = DIRECTION ( 'NONE',  ( -0.000000000000000000, -1.000000000000000000, -0.000000000000000000 ) ) ;
#972 = ADVANCED_FACE ( 'NONE', ( #269 ), #2776, .F. ) ;
#974 = LINE ( 'NONE', #7037, #6116 ) ;
#973 = CARTESIAN_POINT ( 'NONE',  ( 2.499999999999962252, 0.000000000000000000, -1.125000000000001332 ) ) ;
#975 = EDGE_CURVE ( 'NONE', #614, #2259, #5116, .T. ) ;
#976 = ORIENTED_EDGE ( 'NONE', *, *, #9144, .T. ) ;
#977 = EDGE_CURVE ( 'NONE', #9399, #10508, #7726, .T. ) ;
#978 = AXIS2_PLACEMENT_3D ( 'NONE', #1825, #1103, #991 ) ;
#979 = ORIENTED_EDGE ( 'NONE', *, *, #1519, .F. ) ;
#980 = EDGE_CURVE ( 'NONE', #1623, #2727, #9401, .T. ) ;
#981 = DIRECTION ( 'NONE',  ( 0.000000000000000000, -1.000000000000000000, 0.000000000000000000 ) ) ;
#982 = ORIENTED_EDGE ( 'NONE', *, *, #4717, .T. ) ;
#983 = FACE_OUTER_BOUND ( 'NONE', #498, .T. ) ;
#984 = CARTESIAN_POINT ( 'NONE',  ( -1.287490079826769229E-15, 0.05000000000000000278, -0.1250000000000226208 ) ) ;
#985 = LINE ( 'NONE', #4326, #3304 ) ;
#986 = DIRECTION ( 'NONE',  ( 0.000000000000000000, -1.000000000000000000, 0.000000000000000000 ) ) ;
#987 = VECTOR ( 'NONE', #9147, 1000.000000000000000 ) ;
#988 = ORIENTED_EDGE ( 'NONE', *, *, #8056, .F. ) ;
#990 = DIRECTION ( 'NONE',  ( 0.000000000000000000, -1.000000000000000000, 0.000000000000000000 ) ) ;
#989 = CARTESIAN_POINT ( 'NONE',  ( 2.100000000000000977, 0.2000000000000000111, 1.810000000000000719 ) ) ;
#991 = DIRECTION ( 'NONE',  ( 0.000000000000000000, -0.000000000000000000, 1.000000000000000000 ) ) ;
#992 = FACE_OUTER_BOUND ( 'NONE', #9175, .T. ) ;
#993 = VECTOR ( 'NONE', #8064, 1000.000000000000000 ) ;
#994 = EDGE_CURVE ( 'NONE', #4047, #3098, #6957, .T. ) ;
#995 = ORIENTED_EDGE ( 'NONE', *, *, #2816, .F. ) ;
#996 = VECTOR ( 'NONE', #5935, 1000.000000000000000 ) ;
#997 = FACE_OUTER_BOUND ( 'NONE', #4518, .T. ) ;
#998 = CARTESIAN_POINT ( 'NONE',  ( 2.499999999999954259, 0.000000000000000000, -1.875000000000001554 ) ) ;
#999 = ORIENTED_EDGE ( 'NONE', *, *, #1464, .F. ) ;
#1000 = ORIENTED_EDGE ( 'NONE', *, *, #5110, .T. ) ;
#1001 = ORIENTED_EDGE ( 'NONE', *, *, #1261, .T. ) ;
#1002 = DIRECTION ( 'NONE',  ( 0.000000000000000000, -0.000000000000000000, 1.000000000000000000 ) ) ;
#1003 = VERTEX_POINT ( 'NONE', #3661 ) ;
#1004 = CLOSED_SHELL ( 'NONE', ( #10821, #2041, #9518, #7966, #4250, #4035 ) ) ;
#1005 = CIRCLE ( 'NONE', #8817, 0.2500000000000000000 ) ;
#1006 = DIRECTION ( 'NONE',  ( -1.040834085586084257E-14, 0.000000000000000000, -1.000000000000000000 ) ) ;
#1007 = CARTESIAN_POINT ( 'NONE',  ( -2.499999999999977796, 0.000000000000000000, -0.3749999999999968914 ) ) ;
#1008 = DIRECTION ( 'NONE',  ( 1.000000000000000000, -0.000000000000000000, -0.000000000000000000 ) ) ;
#1009 = VERTEX_POINT ( 'NONE', #5174 ) ;
#1010 = AXIS2_PLACEMENT_3D ( 'NONE', #5157, #148, #9326 ) ;
#1011 = VECTOR ( 'NONE', #10248, 1000.000000000000000 ) ;
#1012 = ORIENTED_EDGE ( 'NONE', *, *, #9801, .T. ) ;
#1013 = CARTESIAN_POINT ( 'NONE',  ( 1.125000000000001554, 0.2000000000000000111, -2.099999999999994760 ) ) ;
#1014 = DIRECTION ( 'NONE',  ( 0.000000000000000000, -0.000000000000000000, 1.000000000000000000 ) ) ;
#1015 = PRESENTATION_STYLE_ASSIGNMENT (( #10552 ) ) ;
#1016 = DIRECTION ( 'NONE',  ( -1.000000000000000000, 0.000000000000000000, 3.930232875260377980E-15 ) ) ;
#1017 = CARTESIAN_POINT ( 'NONE',  ( 0.000000000000000000, 0.05000000000000000278, -2.099999999999999645 ) ) ;
#1018 = LINE ( 'NONE', #9514, #1907 ) ;
#1019 = CARTESIAN_POINT ( 'NONE',  ( -1.125000000000001332, 0.000000000000000000, 2.099999999999996536 ) ) ;
#1020 = VECTOR ( 'NONE', #961, 1000.000000000000000 ) ;
#1021 = VECTOR ( 'NONE', #5402, 1000.000000000000000 ) ;
#1023 = ORIENTED_EDGE ( 'NONE', *, *, #2810, .T. ) ;
#1022 = CARTESIAN_POINT ( 'NONE',  ( 0.000000000000000000, 0.2000000000000000111, 0.000000000000000000 ) ) ;
#1024 = AXIS2_PLACEMENT_3D ( 'NONE', #9578, #8805, #1902 ) ;
#1025 = FACE_OUTER_BOUND ( 'NONE', #1203, .T. ) ;
#1026 = DIRECTION ( 'NONE',  ( 3.794707603699675727E-15, -0.000000000000000000, 1.000000000000000000 ) ) ;
#1027 = DIRECTION ( 'NONE',  ( 0.000000000000000000, 1.000000000000000000, 0.000000000000000000 ) ) ;
#1028 = VECTOR ( 'NONE', #3183, 1000.000000000000000 ) ;
#1029 = ORIENTED_EDGE ( 'NONE', *, *, #5993, .T. ) ;
#1030 = DIRECTION ( 'NONE',  ( 0.000000000000000000, -1.000000000000000000, 0.000000000000000000 ) ) ;
#1031 = VECTOR ( 'NONE', #8510, 1000.000000000000000 ) ;
#1033 = LINE ( 'NONE', #10315, #4528 ) ;
#1032 = CARTESIAN_POINT ( 'NONE',  ( 2.499999999999995559, 0.2000000000000000111, 1.124999999999998668 ) ) ;
#1034 = EDGE_CURVE ( 'NONE', #2801, #2859, #1953, .T. ) ;
#1035 = ORIENTED_EDGE ( 'NONE', *, *, #10874, .T. ) ;
#1036 = VECTOR ( 'NONE', #7321, 1000.000000000000000 ) ;
#1037 = ORIENTED_EDGE ( 'NONE', *, *, #3811, .F. ) ;
#1038 = VECTOR ( 'NONE', #3798, 1000.000000000000000 ) ;
#1039 = VECTOR ( 'NONE', #8052, 1000.000000000000000 ) ;
#1040 = EDGE_LOOP ( 'NONE', ( #3317, #5953, #5241, #4314 ) ) ;
#1041 = EDGE_CURVE ( 'NONE', #1197, #3498, #8516, .T. ) ;
#1042 = ORIENTED_EDGE ( 'NONE', *, *, #10004, .F. ) ;
#1043 = PLANE ( 'NONE',  #6062 ) ;
#1044 = LINE ( 'NONE', #4210, #810 ) ;
#1045 = FILL_AREA_STYLE_COLOUR ( '', #3841 ) ;
#1046 = CARTESIAN_POINT ( 'NONE',  ( -2.099999999999975220, 0.000000000000000000, -1.809999999999999609 ) ) ;
#1047 = VECTOR ( 'NONE', #7093, 1000.000000000000000 ) ;
#1048 = EDGE_LOOP ( 'NONE', ( #8105, #41, #627, #8927 ) ) ;
#1049 = EDGE_CURVE ( 'NONE', #4757, #419, #1833, .T. ) ;
#1050 = EDGE_CURVE ( 'NONE', #7361, #9351, #8685, .T. ) ;
#1052 = DIRECTION ( 'NONE',  ( 1.000000000000000000, 0.000000000000000000, -1.035655806553459206E-14 ) ) ;
#1051 = DIRECTION ( 'NONE',  ( 3.862470239480026854E-15, -0.000000000000000000, 1.000000000000000000 ) ) ;
#1053 = LINE ( 'NONE', #8672, #3994 ) ;
#1054 = VECTOR ( 'NONE', #7801, 1000.000000000000000 ) ;
#1055 = CARTESIAN_POINT ( 'NONE',  ( 0.8750000000000025535, 0.2000000000000000111, 2.499999999999975575 ) ) ;
#1056 = ORIENTED_EDGE ( 'NONE', *, *, #4043, .T. ) ;
#1057 = DIRECTION ( 'NONE',  ( -1.000000000000000000, 0.000000000000000000, 0.000000000000000000 ) ) ;
#1058 = EDGE_CURVE ( 'NONE', #10129, #4224, #4290, .T. ) ;
#1059 = DIRECTION ( 'NONE',  ( 0.000000000000000000, -1.000000000000000000, 0.000000000000000000 ) ) ;
#1060 = EDGE_CURVE ( 'NONE', #9833, #2702, #1890, .T. ) ;
#1061 = ORIENTED_EDGE ( 'NONE', *, *, #6618, .T. ) ;
#1062 = ORIENTED_EDGE ( 'NONE', *, *, #8524, .F. ) ;
#1063 = ORIENTED_EDGE ( 'NONE', *, *, #7894, .F. ) ;
#1064 = CARTESIAN_POINT ( 'NONE',  ( -2.499999999999983125, 0.2000000000000000111, -0.8749999999999968914 ) ) ;
#1065 = EDGE_LOOP ( 'NONE', ( #5671, #9725, #6585, #9314 ) ) ;
#1066 = EDGE_CURVE ( 'NONE', #5525, #1294, #7882, .T. ) ;
#1067 = PRESENTATION_LAYER_ASSIGNMENT (  '', '', ( #9056 ) ) ;
#1068 = CARTESIAN_POINT ( 'NONE',  ( 1.874999999999997780, 0.2000000000000000111, -2.499999999999992895 ) ) ;
#1069 = DIRECTION ( 'NONE',  ( 0.000000000000000000, -0.000000000000000000, 1.000000000000000000 ) ) ;
#1070 = DIRECTION ( 'NONE',  ( 1.000000000000000000, -0.000000000000000000, -1.421904488505580640E-16 ) ) ;
#1071 = ORIENTED_EDGE ( 'NONE', *, *, #10404, .T. ) ;
#1072 = EDGE_CURVE ( 'NONE', #5919, #6560, #57, .T. ) ;
#1073 = PRESENTATION_LAYER_ASSIGNMENT (  '', '', ( #8171 ) ) ;
#1074 = ORIENTED_EDGE ( 'NONE', *, *, #8092, .T. ) ;
#1075 = DIRECTION ( 'NONE',  ( -1.000000000000000000, 0.000000000000000000, 1.040834085586083468E-14 ) ) ;
#1076 = CARTESIAN_POINT ( 'NONE',  ( 2.100000000000000533, 0.2000000000000000111, 1.625000000000002442 ) ) ;
#1077 = DIRECTION ( 'NONE',  ( -0.000000000000000000, -1.000000000000000000, -0.000000000000000000 ) ) ;
#1078 = VECTOR ( 'NONE', #2991, 1000.000000000000000 ) ;
#1079 = CARTESIAN_POINT ( 'NONE',  ( 2.099999999999995648, 0.2000000000000000111, 1.125000000000002442 ) ) ;
#1080 = LINE ( 'NONE', #8585, #1021 ) ;
#1081 = AXIS2_PLACEMENT_3D ( 'NONE', #2069, #4739, #8968 ) ;
#1083 = ORIENTED_EDGE ( 'NONE', *, *, #7703, .F. ) ;
#1082 = LINE ( 'NONE', #5355, #3390 ) ;
#1084 = CARTESIAN_POINT ( 'NONE',  ( 2.499999999999983125, 0.2000000000000000111, 0.8749999999999984457 ) ) ;
#1085 = SURFACE_STYLE_FILL_AREA ( #3528 ) ;
#1086 = CARTESIAN_POINT ( 'NONE',  ( 2.100000000000016076, 0.2000000000000000111, -0.1249999999999999167 ) ) ;
#1087 = ORIENTED_EDGE ( 'NONE', *, *, #3618, .F. ) ;
#1088 = LINE ( 'NONE', #3466, #10632 ) ;
#1090 = DIRECTION ( 'NONE',  ( 0.000000000000000000, -1.000000000000000000, 0.000000000000000000 ) ) ;
#1089 = CARTESIAN_POINT ( 'NONE',  ( 2.499999999999990674, 0.2000000000000000111, 0.6249999999999984457 ) ) ;
#1091 = ORIENTED_EDGE ( 'NONE', *, *, #3227, .T. ) ;
#1092 = AXIS2_PLACEMENT_3D ( 'NONE', #8270, #3431, #3262 ) ;
#1093 = ORIENTED_EDGE ( 'NONE', *, *, #287, .T. ) ;
#1095 = ORIENTED_EDGE ( 'NONE', *, *, #4506, .T. ) ;
#1094 = CARTESIAN_POINT ( 'NONE',  ( 2.499999999999977796, 0.2000000000000000111, 0.3749999999999985012 ) ) ;
#1096 = EDGE_LOOP ( 'NONE', ( #6783, #7917, #4399, #9344 ) ) ;
#1097 = FACE_OUTER_BOUND ( 'NONE', #474, .T. ) ;
#1098 = CARTESIAN_POINT ( 'NONE',  ( -0.6249999999999975575, 0.2000000000000000111, 2.499999999999991562 ) ) ;
#1099 = CARTESIAN_POINT ( 'NONE',  ( 0.000000000000000000, 0.2000000000000000111, 0.000000000000000000 ) ) ;
#1100 = ORIENTED_EDGE ( 'NONE', *, *, #3811, .T. ) ;
#1102 = DIRECTION ( 'NONE',  ( 1.000000000000000000, -0.000000000000000000, -3.930232875260377980E-15 ) ) ;
#1101 = PLANE ( 'NONE',  #8864 ) ;
#1103 = DIRECTION ( 'NONE',  ( -0.000000000000000000, 1.000000000000000000, 0.000000000000000000 ) ) ;
#1104 = CARTESIAN_POINT ( 'NONE',  ( 2.500000000000000888, 0.04999999999999969746, -2.500000000000000000 ) ) ;
#1105 = ORIENTED_EDGE ( 'NONE', *, *, #9595, .F. ) ;
#1106 = ADVANCED_FACE ( 'NONE', ( #3501 ), #4392, .T. ) ;
#1107 = EDGE_CURVE ( 'NONE', #10807, #10916, #2720, .T. ) ;
#1108 = FACE_OUTER_BOUND ( 'NONE', #1592, .T. ) ;
#1109 = PLANE ( 'NONE',  #4463 ) ;
#1110 = ORIENTED_EDGE ( 'NONE', *, *, #7561, .T. ) ;
#1111 = VERTEX_POINT ( 'NONE', #5336 ) ;
#1112 = ORIENTED_EDGE ( 'NONE', *, *, #8579, .T. ) ;
#1113 = EDGE_CURVE ( 'NONE', #1287, #7792, #8746, .T. ) ;
#1114 = CARTESIAN_POINT ( 'NONE',  ( 1.125000000000000888, 0.2000000000000000111, 2.100000000000006306 ) ) ;
#1115 = ORIENTED_EDGE ( 'NONE', *, *, #2186, .F. ) ;
#1116 = SURFACE_SIDE_STYLE ('',( #5340 ) ) ;
#1117 = EDGE_CURVE ( 'NONE', #199, #5047, #5598, .T. ) ;
#1118 = DIRECTION ( 'NONE',  ( 1.000000000000000000, 0.000000000000000000, -1.040834085586084257E-14 ) ) ;
#1119 = PLANE ( 'NONE',  #7075 ) ;
#1120 = DIRECTION ( 'NONE',  ( 1.000000000000000000, 0.000000000000000000, -1.439820485060763520E-13 ) ) ;
#1121 = EDGE_CURVE ( 'NONE', #8403, #3498, #9656, .T. ) ;
#1122 = VERTEX_POINT ( 'NONE', #8166 ) ;
#1123 = ORIENTED_EDGE ( 'NONE', *, *, #1060, .F. ) ;
#1124 = EDGE_CURVE ( 'NONE', #5248, #9046, #9002, .T. ) ;
#1125 = EDGE_CURVE ( 'NONE', #7835, #419, #2889, .T. ) ;
#1126 = ORIENTED_EDGE ( 'NONE', *, *, #4914, .F. ) ;
#1127 = ORIENTED_EDGE ( 'NONE', *, *, #7786, .T. ) ;
#1128 = DIRECTION ( 'NONE',  ( 2.949029909160572061E-14, 0.000000000000000000, -1.000000000000000000 ) ) ;
#1129 =( NAMED_UNIT ( * ) PLANE_ANGLE_UNIT ( ) SI_UNIT ( $, .RADIAN. ) );
#1130 = DIRECTION ( 'NONE',  ( -1.000000000000000000, -0.000000000000000000, -2.344220913482196012E-15 ) ) ;
#1131 = CARTESIAN_POINT ( 'NONE',  ( 2.499999999999956923, 0.2000000000000000111, -1.625000000000001332 ) ) ;
#1132 = DIRECTION ( 'NONE',  ( -0.000000000000000000, -1.000000000000000000, -0.000000000000000000 ) ) ;
#1133 = EDGE_CURVE ( 'NONE', #4507, #473, #3823, .T. ) ;
#1134 = EDGE_LOOP ( 'NONE', ( #639, #5582, #4664, #1305 ) ) ;
#1135 = LINE ( 'NONE', #4520, #7035 ) ;
#1136 = SURFACE_STYLE_USAGE ( .BOTH. , #6079 ) ;
#1137 = CARTESIAN_POINT ( 'NONE',  ( 1.125000000000000888, 0.000000000000000000, 2.100000000000006306 ) ) ;
#1138 = ORIENTED_EDGE ( 'NONE', *, *, #2664, .T. ) ;
#1139 = DIRECTION ( 'NONE',  ( -0.000000000000000000, 1.000000000000000000, 0.000000000000000000 ) ) ;
#1141 = DIRECTION ( 'NONE',  ( 1.000000000000000000, 0.000000000000000000, 2.949029909160572061E-14 ) ) ;
#1140 = DIRECTION ( 'NONE',  ( 3.794707603699675727E-15, -0.000000000000000000, 1.000000000000000000 ) ) ;
#1142 = VERTEX_POINT ( 'NONE', #8839 ) ;
#1143 = ORIENTED_EDGE ( 'NONE', *, *, #573, .T. ) ;
#1145 = ORIENTED_EDGE ( 'NONE', *, *, #3552, .T. ) ;
#1144 = FILL_AREA_STYLE_COLOUR ( '', #4976 ) ;
#1146 = ORIENTED_EDGE ( 'NONE', *, *, #8184, .T. ) ;
#1147 = DIRECTION ( 'NONE',  ( 0.000000000000000000, 0.000000000000000000, 1.000000000000000000 ) ) ;
#1148 = CARTESIAN_POINT ( 'NONE',  ( -2.099999999999975220, 0.2000000000000000111, -1.809999999999999609 ) ) ;
#1149 = PLANE ( 'NONE',  #2061 ) ;
#1150 = DIRECTION ( 'NONE',  ( -1.000000000000000000, 0.000000000000000000, 1.040834085586084257E-14 ) ) ;
#1151 = EDGE_LOOP ( 'NONE', ( #1171, #2639, #8358, #10940, #674 ) ) ;
#1153 = DIRECTION ( 'NONE',  ( -1.000000000000000000, 0.000000000000000000, 6.472848790956864884E-16 ) ) ;
#1152 = CARTESIAN_POINT ( 'NONE',  ( -0.6249999999999975575, 0.000000000000000000, 2.499999999999991562 ) ) ;
#1154 = AXIS2_PLACEMENT_3D ( 'NONE', #10101, #3378, #5028 ) ;
#1155 = DIRECTION ( 'NONE',  ( 0.000000000000000000, -1.000000000000000000, 0.000000000000000000 ) ) ;
#1156 = PLANE ( 'NONE',  #8629 ) ;
#1157 = CARTESIAN_POINT ( 'NONE',  ( -1.375000000000002220, 0.000000000000000000, -2.499999999999968914 ) ) ;
#1158 = VECTOR ( 'NONE', #3666, 1000.000000000000000 ) ;
#1159 = DIRECTION ( 'NONE',  ( -0.000000000000000000, 1.000000000000000000, 0.000000000000000000 ) ) ;
#1160 = VERTEX_POINT ( 'NONE', #3048 ) ;
#1161 = ORIENTED_EDGE ( 'NONE', *, *, #3352, .F. ) ;
#1162 = LINE ( 'NONE', #5545, #2498 ) ;
#1163 = ORIENTED_EDGE ( 'NONE', *, *, #9857, .F. ) ;
#1164 =( NAMED_UNIT ( * ) SI_UNIT ( $, .STERADIAN. ) SOLID_ANGLE_UNIT ( ) );
#1165 = FACE_OUTER_BOUND ( 'NONE', #4549, .T. ) ;
#1166 = CARTESIAN_POINT ( 'NONE',  ( 1.874999999999997780, 0.2000000000000000111, -2.499999999999992895 ) ) ;
#1167 = CARTESIAN_POINT ( 'NONE',  ( -1.625000000000000888, 0.2000000000000000111, -2.099999999999999645 ) ) ;
#1168 = ORIENTED_EDGE ( 'NONE', *, *, #8548, .F. ) ;
#1169 = EDGE_CURVE ( 'NONE', #8036, #950, #4716, .T. ) ;
#1170 = EDGE_CURVE ( 'NONE', #8514, #2842, #1162, .T. ) ;
#1171 = ORIENTED_EDGE ( 'NONE', *, *, #6140, .F. ) ;
#1172 = ORIENTED_EDGE ( 'NONE', *, *, #10010, .T. ) ;
#1173 = VERTEX_POINT ( 'NONE', #8104 ) ;
#1174 = ADVANCED_FACE ( 'NONE', ( #2932 ), #1386, .F. ) ;
#1175 = VECTOR ( 'NONE', #6881, 1000.000000000000000 ) ;
#1176 = PLANE ( 'NONE',  #6687 ) ;
#1177 = SURFACE_SIDE_STYLE ('',( #5227 ) ) ;
#1178 = EDGE_CURVE ( 'NONE', #4876, #7405, #6340, .T. ) ;
#1179 = LINE ( 'NONE', #3624, #9895 ) ;
#1180 = EDGE_CURVE ( 'NONE', #8035, #251, #9708, .T. ) ;
#1181 = CARTESIAN_POINT ( 'NONE',  ( 0.3750000000000024980, 0.000000000000000000, 2.499999999999980904 ) ) ;
#1182 = CARTESIAN_POINT ( 'NONE',  ( -3.523657060577444887E-15, 0.05000000000000000278, -1.625000000000005551 ) ) ;
#1183 = VECTOR ( 'NONE', #5753, 1000.000000000000000 ) ;
#1184 = COLOUR_RGB ( '',0.7921568627450980005, 0.8196078431372548767, 0.9333333333333333481 ) ;
#1186 = EDGE_LOOP ( 'NONE', ( #6341, #8217, #10534, #5571 ) ) ;
#1185 = DIRECTION ( 'NONE',  ( -0.000000000000000000, -1.000000000000000000, -0.000000000000000000 ) ) ;
#1187 = EDGE_CURVE ( 'NONE', #334, #4338, #8788, .T. ) ;
#1188 = CARTESIAN_POINT ( 'NONE',  ( 2.499999999999983125, 0.2000000000000000111, 0.8749999999999984457 ) ) ;
#1189 = FILL_AREA_STYLE ('',( #3853 ) ) ;
#1190 = DIRECTION ( 'NONE',  ( 2.949029909160572061E-14, 0.000000000000000000, -1.000000000000000000 ) ) ;
#1191 = VECTOR ( 'NONE', #10801, 1000.000000000000000 ) ;
#1192 = ORIENTED_EDGE ( 'NONE', *, *, #4710, .T. ) ;
#1193 = EDGE_CURVE ( 'NONE', #6245, #9263, #2102, .T. ) ;
#1194 = CARTESIAN_POINT ( 'NONE',  ( -2.099999999999959677, 0.04999999999999999584, 1.374999999999999112 ) ) ;
#1196 = PLANE ( 'NONE',  #3288 ) ;
#1195 = CARTESIAN_POINT ( 'NONE',  ( 0.8750000000000025535, 0.2000000000000000111, 2.499999999999975575 ) ) ;
#1197 = VERTEX_POINT ( 'NONE', #554 ) ;
#1198 = ORIENTED_EDGE ( 'NONE', *, *, #2343, .F. ) ;
#1199 = AXIS2_PLACEMENT_3D ( 'NONE', #10669, #3052, #9827 ) ;
#1200 = AXIS2_PLACEMENT_3D ( 'NONE', #7138, #10514, #184 ) ;
#1202 = ORIENTED_EDGE ( 'NONE', *, *, #25, .T. ) ;
#1201 = SURFACE_STYLE_FILL_AREA ( #418 ) ;
#1203 = EDGE_LOOP ( 'NONE', ( #10859, #8678, #1061, #2429 ) ) ;
#1204 = LINE ( 'NONE', #4372, #10141 ) ;
#1205 = VECTOR ( 'NONE', #5342, 1000.000000000000114 ) ;
#1206 = DIRECTION ( 'NONE',  ( 1.000000000000000000, -0.000000000000000000, 0.000000000000000000 ) ) ;
#1207 = VECTOR ( 'NONE', #9061, 1000.000000000000000 ) ;
#1208 = FILL_AREA_STYLE ('',( #542 ) ) ;
#1209 = DIRECTION ( 'NONE',  ( 0.000000000000000000, -1.000000000000000000, 0.000000000000000000 ) ) ;
#1210 = VERTEX_POINT ( 'NONE', #6403 ) ;
#1211 = CARTESIAN_POINT ( 'NONE',  ( 2.100000000000005418, 0.2000000000000000111, -1.125000000000000000 ) ) ;
#1212 = CARTESIAN_POINT ( 'NONE',  ( 0.3750000000000076050, 0.05000000000000000278, -1.473837328222671522E-15 ) ) ;
#1213 = AXIS2_PLACEMENT_3D ( 'NONE', #10707, #8153, #596 ) ;
#1214 = PLANE ( 'NONE',  #6504 ) ;
#1215 = VECTOR ( 'NONE', #8768, 1000.000000000000000 ) ;
#1216 = VECTOR ( 'NONE', #4544, 1000.000000000000000 ) ;
#1217 = CARTESIAN_POINT ( 'NONE',  ( 2.499999999999974687, 0.2000000000000000111, -0.8750000000000015543 ) ) ;
#1218 = VECTOR ( 'NONE', #1190, 1000.000000000000000 ) ;
#1219 = CARTESIAN_POINT ( 'NONE',  ( 1.874999999999999112, 0.2000000000000000111, 2.165000000000000480 ) ) ;
#1220 = ORIENTED_EDGE ( 'NONE', *, *, #6007, .T. ) ;
#1221 = VERTEX_POINT ( 'NONE', #9823 ) ;
#1222 = PLANE ( 'NONE',  #5331 ) ;
#1223 = AXIS2_PLACEMENT_3D ( 'NONE', #2522, #2366, #5137 ) ;
#1224 = ORIENTED_EDGE ( 'NONE', *, *, #8318, .F. ) ;
#1225 = VECTOR ( 'NONE', #5807, 1000.000000000000000 ) ;
#1226 = FILL_AREA_STYLE_COLOUR ( '', #7578 ) ;
#1227 = LINE ( 'NONE', #4614, #867 ) ;
#1228 = DIRECTION ( 'NONE',  ( 1.040834085586084257E-14, 0.000000000000000000, 1.000000000000000000 ) ) ;
#1229 = CARTESIAN_POINT ( 'NONE',  ( -2.164999999999975167, 0.000000000000000000, -1.875000000000000222 ) ) ;
#1230 = DIRECTION ( 'NONE',  ( 0.000000000000000000, 0.000000000000000000, -1.000000000000000000 ) ) ;
#1231 = CIRCLE ( 'NONE', #5485, 0.1499999999999999667 ) ;
#1232 = EDGE_CURVE ( 'NONE', #6151, #6284, #3944, .T. ) ;
#1233 = EDGE_LOOP ( 'NONE', ( #10179, #9063, #3724, #9591 ) ) ;
#1234 = ORIENTED_EDGE ( 'NONE', *, *, #7175, .T. ) ;
#1235 = ORIENTED_EDGE ( 'NONE', *, *, #3567, .T. ) ;
#1236 = PLANE ( 'NONE',  #2946 ) ;
#1237 = COLOUR_RGB ( '',0.7921568627450980005, 0.8196078431372548767, 0.9333333333333333481 ) ;
#1238 = CARTESIAN_POINT ( 'NONE',  ( 1.236668102991508054E-15, 0.05000000000000000278, 0.1250000000000232314 ) ) ;
#1239 = ADVANCED_FACE ( 'NONE', ( #4777 ), #9614, .F. ) ;
#1240 = ADVANCED_FACE ( 'NONE', ( #2159 ), #1222, .T. ) ;
#1241 = PLANE ( 'NONE',  #1200 ) ;
#1242 = CARTESIAN_POINT ( 'NONE',  ( -2.500000000000000000, 0.04999999999999969746, 2.500000000000000000 ) ) ;
#1243 = CARTESIAN_POINT ( 'NONE',  ( -1.809999999999998943, 0.2000000000000000111, -2.099999999999999645 ) ) ;
#1244 = VECTOR ( 'NONE', #2672, 1000.000000000000000 ) ;
#1245 = EDGE_CURVE ( 'NONE', #7452, #1702, #8003, .T. ) ;
#1246 = EDGE_CURVE ( 'NONE', #8770, #9032, #8948, .T. ) ;
#1248 = ORIENTED_EDGE ( 'NONE', *, *, #7912, .F. ) ;
#1247 = PLANE ( 'NONE',  #1081 ) ;
#1249 = PLANE ( 'NONE',  #6326 ) ;
#1250 = EDGE_CURVE ( 'NONE', #2598, #8658, #1660, .T. ) ;
#1251 = DIRECTION ( 'NONE',  ( 1.000000000000000000, 0.000000000000000000, -1.439820485060763520E-13 ) ) ;
#1252 = CARTESIAN_POINT ( 'NONE',  ( 0.6250000000000009992, 0.2000000000000000111, 2.100000000000011635 ) ) ;
#1253 = ADVANCED_FACE ( 'NONE', ( #4212 ), #7607, .T. ) ;
#1255 = DIRECTION ( 'NONE',  ( 0.000000000000000000, -1.000000000000000000, 0.000000000000000000 ) ) ;
#1254 = DIRECTION ( 'NONE',  ( 2.949029909160572061E-14, 0.000000000000000000, -1.000000000000000000 ) ) ;
#1256 = ORIENTED_EDGE ( 'NONE', *, *, #5860, .T. ) ;
#1257 = EDGE_CURVE ( 'NONE', #3550, #3954, #8273, .T. ) ;
#1258 = ORIENTED_EDGE ( 'NONE', *, *, #3620, .T. ) ;
#1259 = ADVANCED_FACE ( 'NONE', ( #10992 ), #9062, .F. ) ;
#1260 = CIRCLE ( 'NONE', #733, 0.1499999999999999667 ) ;
#1261 = EDGE_CURVE ( 'NONE', #8654, #8994, #1611, .T. ) ;
#1263 = ORIENTED_EDGE ( 'NONE', *, *, #5438, .T. ) ;
#1262 = SURFACE_STYLE_USAGE ( .BOTH. , #7202 ) ;
#1264 = VERTEX_POINT ( 'NONE', #9280 ) ;
#1265 = CARTESIAN_POINT ( 'NONE',  ( 1.675000000000000044, 0.2000000000000000111, -1.525000000000000355 ) ) ;
#1266 =( LENGTH_UNIT ( ) NAMED_UNIT ( * ) SI_UNIT ( .MILLI., .METRE. ) );
#1267 = CARTESIAN_POINT ( 'NONE',  ( -2.499999999999980460, 0.000000000000000000, -0.6249999999999968914 ) ) ;
#1268 = ORIENTED_EDGE ( 'NONE', *, *, #3002, .F. ) ;
#1269 = DIRECTION ( 'NONE',  ( 9.757819552369538328E-15, -0.000000000000000000, 1.000000000000000000 ) ) ;
#1270 = CARTESIAN_POINT ( 'NONE',  ( -1.625000000000000888, 0.2000000000000000111, -2.099999999999999645 ) ) ;
#1271 = CARTESIAN_POINT ( 'NONE',  ( 1.875000000000002442, 0.2000000000000000111, 2.499999999999955147 ) ) ;
#1272 = DIRECTION ( 'NONE',  ( 0.7071067811865475727, 0.000000000000000000, -0.7071067811865475727 ) ) ;
#1273 = VERTEX_POINT ( 'NONE', #4153 ) ;
#1274 = ORIENTED_EDGE ( 'NONE', *, *, #8448, .F. ) ;
#1275 = CARTESIAN_POINT ( 'NONE',  ( 2.499999999999974687, 0.2000000000000000111, -0.8750000000000015543 ) ) ;
#1276 = CARTESIAN_POINT ( 'NONE',  ( -2.099999999999967226, 0.2000000000000000111, 0.6249999999999987788 ) ) ;
#1277 = ORIENTED_EDGE ( 'NONE', *, *, #8586, .T. ) ;
#1279 = DIRECTION ( 'NONE',  ( 0.000000000000000000, -1.000000000000000000, 0.000000000000000000 ) ) ;
#1278 = DIRECTION ( 'NONE',  ( -1.000000000000000000, 0.000000000000000000, -0.000000000000000000 ) ) ;
#1280 = CARTESIAN_POINT ( 'NONE',  ( -1.809999999999998943, 0.2000000000000000111, -2.099999999999999645 ) ) ;
#1281 = LINE ( 'NONE', #1329, #9365 ) ;
#1282 = CARTESIAN_POINT ( 'NONE',  ( -2.499999999999967581, 0.2000000000000000111, 0.6250000000000031086 ) ) ;
#1283 = FACE_OUTER_BOUND ( 'NONE', #8653, .T. ) ;
#1284 = ORIENTED_EDGE ( 'NONE', *, *, #4719, .T. ) ;
#1285 = CARTESIAN_POINT ( 'NONE',  ( 2.499999999999977796, 0.2000000000000000111, 0.3749999999999985012 ) ) ;
#1286 = ORIENTED_EDGE ( 'NONE', *, *, #10944, .F. ) ;
#1287 = VERTEX_POINT ( 'NONE', #10826 ) ;
#1288 = EDGE_LOOP ( 'NONE', ( #9705, #3049, #5060, #9686 ) ) ;
#1289 = CARTESIAN_POINT ( 'NONE',  ( 1.625000000000001554, 0.2000000000000000111, -2.100000000000000089 ) ) ;
#1290 = CARTESIAN_POINT ( 'NONE',  ( -0.1450000000000073452, 0.05000000000000000278, 0.1450000000000083444 ) ) ;
#1291 = CARTESIAN_POINT ( 'NONE',  ( 0.000000000000000000, 0.000000000000000000, 0.000000000000000000 ) ) ;
#1292 = LINE ( 'NONE', #3916, #9543 ) ;
#1294 = VERTEX_POINT ( 'NONE', #1494 ) ;
#1293 = CARTESIAN_POINT ( 'NONE',  ( -2.099999999999969891, 0.2000000000000000111, 0.3749999999999990563 ) ) ;
#1295 = PLANE ( 'NONE',  #7617 ) ;
#1296 = PLANE ( 'NONE',  #4592 ) ;
#1297 = CARTESIAN_POINT ( 'NONE',  ( 1.625000000000001554, 0.2000000000000000111, -2.100000000000000089 ) ) ;
#1299 = CARTESIAN_POINT ( 'NONE',  ( 2.499999999999995559, 0.04999999999999999584, 1.124999999999998668 ) ) ;
#1298 = DIRECTION ( 'NONE',  ( -0.000000000000000000, -1.000000000000000000, -0.000000000000000000 ) ) ;
#1300 = ADVANCED_FACE ( 'NONE', ( #4828 ), #8219, .F. ) ;
#1301 = ORIENTED_EDGE ( 'NONE', *, *, #10280, .F. ) ;
#1302 = ORIENTED_EDGE ( 'NONE', *, *, #6283, .T. ) ;
#1303 = ADVANCED_FACE ( 'NONE', ( #10769 ), #8391, .T. ) ;
#1305 = ORIENTED_EDGE ( 'NONE', *, *, #4642, .T. ) ;
#1304 = DIRECTION ( 'NONE',  ( -0.000000000000000000, -1.000000000000000000, -0.000000000000000000 ) ) ;
#1306 = VERTEX_POINT ( 'NONE', #5039 ) ;
#1307 = PRODUCT_CONTEXT ( 'NONE', #4568, 'mechanical' ) ;
#1308 = DIRECTION ( 'NONE',  ( 0.000000000000000000, 0.000000000000000000, -1.000000000000000000 ) ) ;
#1309 = DIRECTION ( 'NONE',  ( -2.775557561562891351E-14, 0.000000000000000000, 1.000000000000000000 ) ) ;
#1310 = EDGE_CURVE ( 'NONE', #2827, #6794, #2271, .T. ) ;
#1311 = CARTESIAN_POINT ( 'NONE',  ( -0.3749999999999991118, 0.2000000000000000111, 2.100000000000021849 ) ) ;
#1312 = ORIENTED_EDGE ( 'NONE', *, *, #4443, .T. ) ;
#1313 = EDGE_CURVE ( 'NONE', #10852, #5053, #9993, .T. ) ;
#1314 = CARTESIAN_POINT ( 'NONE',  ( 1.809999999999999831, 0.2000000000000000111, -2.100000000000000089 ) ) ;
#1315 = EDGE_CURVE ( 'NONE', #2430, #10198, #770, .T. ) ;
#1316 = LINE ( 'NONE', #2981, #5574 ) ;
#1317 = EDGE_CURVE ( 'NONE', #1578, #10735, #6571, .T. ) ;
#1318 = PLANE ( 'NONE',  #3292 ) ;
#1319 = PRESENTATION_STYLE_ASSIGNMENT (( #9109 ) ) ;
#1320 = DIRECTION ( 'NONE',  ( 1.040834085586084257E-14, 0.000000000000000000, 1.000000000000000000 ) ) ;
#1321 = VERTEX_POINT ( 'NONE', #9168 ) ;
#1322 = FACE_OUTER_BOUND ( 'NONE', #2314, .T. ) ;
#1323 = CARTESIAN_POINT ( 'NONE',  ( 0.8749999999999781286, 0.05000000000000000278, -8.538092108323132848E-15 ) ) ;
#1324 = VECTOR ( 'NONE', #2257, 1000.000000000000000 ) ;
#1325 = VERTEX_POINT ( 'NONE', #9944 ) ;
#1327 = LINE ( 'NONE', #3051, #2125 ) ;
#1326 = DIRECTION ( 'NONE',  ( -1.000000000000000000, 0.000000000000000000, 3.794707603699675727E-15 ) ) ;
#1328 = PLANE ( 'NONE',  #3355 ) ;
#1329 = CARTESIAN_POINT ( 'NONE',  ( -0.6249999999999975575, 0.2000000000000000111, 2.499999999999991562 ) ) ;
#1330 = EDGE_CURVE ( 'NONE', #2576, #9612, #1553, .T. ) ;
#1331 = LINE ( 'NONE', #9775, #5815 ) ;
#1332 = LINE ( 'NONE', #8058, #10566 ) ;
#1333 = ORIENTED_EDGE ( 'NONE', *, *, #4580, .F. ) ;
#1334 = AXIS2_PLACEMENT_3D ( 'NONE', #5222, #588, #2309 ) ;
#1335 = DIRECTION ( 'NONE',  ( -0.000000000000000000, -1.000000000000000000, -0.000000000000000000 ) ) ;
#1336 = ORIENTED_EDGE ( 'NONE', *, *, #3021, .T. ) ;
#1337 = VERTEX_POINT ( 'NONE', #821 ) ;
#1338 = ORIENTED_EDGE ( 'NONE', *, *, #10227, .F. ) ;
#1339 = CARTESIAN_POINT ( 'NONE',  ( 2.499999999999985345, 0.04999999999999999584, 0.1249999999999985151 ) ) ;
#1340 = VECTOR ( 'NONE', #7924, 1000.000000000000000 ) ;
#1341 = AXIS2_PLACEMENT_3D ( 'NONE', #3794, #4469, #10519 ) ;
#1342 = DIRECTION ( 'NONE',  ( -9.893344823930226383E-15, 0.000000000000000000, -1.000000000000000000 ) ) ;
#1343 = CARTESIAN_POINT ( 'NONE',  ( 1.874999999999976685, 0.05000000000000000278, -1.941854637287711991E-14 ) ) ;
#1344 = VERTEX_POINT ( 'NONE', #2330 ) ;
#1345 = CARTESIAN_POINT ( 'NONE',  ( -1.624999999999997558, 0.2000000000000000111, 2.500000000000002220 ) ) ;
#1346 = VECTOR ( 'NONE', #2032, 1000.000000000000000 ) ;
#1348 = ORIENTED_EDGE ( 'NONE', *, *, #6218, .F. ) ;
#1347 = LINE ( 'NONE', #9630, #5687 ) ;
#1349 = CARTESIAN_POINT ( 'NONE',  ( -2.499999999999967581, 0.2000000000000000111, 0.6250000000000031086 ) ) ;
#1350 = DIRECTION ( 'NONE',  ( 1.000000000000000000, -0.000000000000000000, 0.000000000000000000 ) ) ;
#1351 = DIRECTION ( 'NONE',  ( -0.000000000000000000, 0.000000000000000000, 1.000000000000000000 ) ) ;
#1352 = DIRECTION ( 'NONE',  ( 0.000000000000000000, 1.000000000000000000, 0.000000000000000000 ) ) ;
#1353 = AXIS2_PLACEMENT_3D ( 'NONE', #1674, #8231, #9959 ) ;
#1354 = FACE_OUTER_BOUND ( 'NONE', #8094, .T. ) ;
#1355 = CLOSED_SHELL ( 'NONE', ( #8394, #390, #6691, #1596, #1801, #8870 ) ) ;
#1357 = PLANE ( 'NONE',  #3818 ) ;
#1356 = CARTESIAN_POINT ( 'NONE',  ( -1.525000000000000133, 0.2000000000000000111, 1.524999999999999245 ) ) ;
#1358 = EDGE_LOOP ( 'NONE', ( #9695, #10059, #3252, #1817 ) ) ;
#1359 = VERTEX_POINT ( 'NONE', #4936 ) ;
#1361 = ORIENTED_EDGE ( 'NONE', *, *, #1170, .T. ) ;
#1360 = PLANE ( 'NONE',  #7463 ) ;
#1362 = VECTOR ( 'NONE', #6444, 1000.000000000000000 ) ;
#1363 = VERTEX_POINT ( 'NONE', #3993 ) ;
#1364 = VECTOR ( 'NONE', #2133, 1000.000000000000000 ) ;
#1365 = CIRCLE ( 'NONE', #8118, 0.1499999999999999667 ) ;
#1366 = LINE ( 'NONE', #6219, #2817 ) ;
#1367 = ORIENTED_EDGE ( 'NONE', *, *, #7100, .F. ) ;
#1368 = DIRECTION ( 'NONE',  ( 0.000000000000000000, -1.000000000000000000, 0.000000000000000000 ) ) ;
#1369 = ADVANCED_FACE ( 'NONE', ( #10876 ), #3265, .F. ) ;
#1370 = EDGE_CURVE ( 'NONE', #3493, #2527, #10048, .T. ) ;
#1371 = LINE ( 'NONE', #4763, #9490 ) ;
#1372 = UNCERTAINTY_MEASURE_WITH_UNIT (LENGTH_MEASURE( 1.000000000000000082E-05 ), #6185, 'distance_accuracy_value', 'NONE');
#1373 = ORIENTED_EDGE ( 'NONE', *, *, #436, .F. ) ;
#1374 = DIRECTION ( 'NONE',  ( -1.040834085586084257E-14, 0.000000000000000000, -1.000000000000000000 ) ) ;
#1375 = MECHANICAL_DESIGN_GEOMETRIC_PRESENTATION_REPRESENTATION (  '', ( #8474 ), #8117 ) ;
#1376 = VECTOR ( 'NONE', #3327, 1000.000000000000000 ) ;
#1377 = EDGE_CURVE ( 'NONE', #3108, #7785, #2546, .T. ) ;
#1378 = AXIS2_PLACEMENT_3D ( 'NONE', #5410, #7034, #6869 ) ;
#1379 = VECTOR ( 'NONE', #8292, 1000.000000000000000 ) ;
#1380 = DIRECTION ( 'NONE',  ( -0.000000000000000000, -1.000000000000000000, -0.000000000000000000 ) ) ;
#1381 = CARTESIAN_POINT ( 'NONE',  ( -2.499999999999972911, 0.2000000000000000111, 0.1250000000000031364 ) ) ;
#1382 = EDGE_CURVE ( 'NONE', #7366, #6501, #5927, .T. ) ;
#1383 = EDGE_CURVE ( 'NONE', #10939, #7289, #5259, .T. ) ;
#1384 = CARTESIAN_POINT ( 'NONE',  ( 0.1250000000000018319, 0.04999999999999969746, 2.500000000000000000 ) ) ;
#1385 = LINE ( 'NONE', #2101, #1561 ) ;
#1386 = PLANE ( 'NONE',  #6042 ) ;
#1387 = VECTOR ( 'NONE', #9785, 1000.000000000000000 ) ;
#1388 = ORIENTED_EDGE ( 'NONE', *, *, #5529, .F. ) ;
#1390 = DIRECTION ( 'NONE',  ( -3.794707603699675727E-15, -0.000000000000000000, -1.000000000000000000 ) ) ;
#1389 = LINE ( 'NONE', #4780, #1039 ) ;
#1391 = LINE ( 'NONE', #3948, #3679 ) ;
#1392 = CIRCLE ( 'NONE', #5117, 0.2500000000000000000 ) ;
#1393 = DIRECTION ( 'NONE',  ( 1.084202172485504276E-14, 0.000000000000000000, 1.000000000000000000 ) ) ;
#1394 = VECTOR ( 'NONE', #2555, 1000.000000000000000 ) ;
#1395 = PLANE ( 'NONE',  #102 ) ;
#1396 = ADVANCED_FACE ( 'NONE', ( #10161 ), #6787, .T. ) ;
#1397 = ORIENTED_EDGE ( 'NONE', *, *, #5168, .F. ) ;
#1398 = VECTOR ( 'NONE', #5484, 1000.000000000000000 ) ;
#1399 = EDGE_CURVE ( 'NONE', #5083, #2026, #10323, .T. ) ;
#1400 = CARTESIAN_POINT ( 'NONE',  ( -2.099999999999967226, 0.04999999999999999584, 0.6249999999999987788 ) ) ;
#1401 = VECTOR ( 'NONE', #10194, 1000.000000000000000 ) ;
#1402 = EDGE_CURVE ( 'NONE', #10745, #2195, #91, .T. ) ;
#1403 = ORIENTED_EDGE ( 'NONE', *, *, #3817, .T. ) ;
#1404 = VECTOR ( 'NONE', #8992, 1000.000000000000114 ) ;
#1405 = VERTEX_POINT ( 'NONE', #3434 ) ;
#1406 = LINE ( 'NONE', #402, #6141 ) ;
#1407 = DIRECTION ( 'NONE',  ( 2.949029909160572061E-14, 0.000000000000000000, -1.000000000000000000 ) ) ;
#1408 = AXIS2_PLACEMENT_3D ( 'NONE', #8072, #6533, #2181 ) ;
#1409 = FACE_OUTER_BOUND ( 'NONE', #4084, .T. ) ;
#1410 = DIRECTION ( 'NONE',  ( 0.000000000000000000, 0.000000000000000000, 1.000000000000000000 ) ) ;
#1411 = ORIENTED_EDGE ( 'NONE', *, *, #5728, .F. ) ;
#1412 = FACE_OUTER_BOUND ( 'NONE', #8668, .T. ) ;
#1413 = AXIS2_PLACEMENT_3D ( 'NONE', #8415, #7576, #10965 ) ;
#1414 = COLOUR_RGB ( '',0.7921568627450980005, 0.8196078431372548767, 0.9333333333333333481 ) ;
#1416 = ORIENTED_EDGE ( 'NONE', *, *, #416, .F. ) ;
#1415 = PLANE ( 'NONE',  #4459 ) ;
#1417 = CARTESIAN_POINT ( 'NONE',  ( -2.165000000000000036, 0.000000000000000000, 1.874999999999999556 ) ) ;
#1418 = LINE ( 'NONE', #10694, #9187 ) ;
#1419 = LINE ( 'NONE', #5565, #4772 ) ;
#1420 = LINE ( 'NONE', #5688, #6355 ) ;
#1421 = DIRECTION ( 'NONE',  ( 1.035655806553459049E-14, -0.000000000000000000, 1.000000000000000000 ) ) ;
#1423 = CARTESIAN_POINT ( 'NONE',  ( 1.525000000000000133, 0.000000000000000000, 1.524999999999998801 ) ) ;
#1422 = DIRECTION ( 'NONE',  ( 9.757819552369536751E-15, 0.000000000000000000, 1.000000000000000000 ) ) ;
#1424 = VECTOR ( 'NONE', #6057, 1000.000000000000000 ) ;
#1425 = ORIENTED_EDGE ( 'NONE', *, *, #3625, .F. ) ;
#1426 = VERTEX_POINT ( 'NONE', #5207 ) ;
#1428 = ORIENTED_EDGE ( 'NONE', *, *, #6155, .T. ) ;
#1427 = LINE ( 'NONE', #9860, #9586 ) ;
#1429 = ORIENTED_EDGE ( 'NONE', *, *, #6618, .F. ) ;
#1430 = LINE ( 'NONE', #9154, #10764 ) ;
#1431 = PLANE ( 'NONE',  #8492 ) ;
#1432 = ORIENTED_EDGE ( 'NONE', *, *, #4719, .F. ) ;
#1433 = LINE ( 'NONE', #2200, #2821 ) ;
#1434 = DIRECTION ( 'NONE',  ( 1.000000000000000000, 0.000000000000000000, -1.029992063861228897E-14 ) ) ;
#1435 = EDGE_LOOP ( 'NONE', ( #3955, #9994, #10510, #8090 ) ) ;
#1436 = AXIS2_PLACEMENT_3D ( 'NONE', #1022, #10308, #6195 ) ;
#1437 = LINE ( 'NONE', #2096, #326 ) ;
#1438 = LINE ( 'NONE', #551, #7476 ) ;
#1439 = VERTEX_POINT ( 'NONE', #887 ) ;
#1440 = FACE_OUTER_BOUND ( 'NONE', #5148, .T. ) ;
#1441 = EDGE_CURVE ( 'NONE', #822, #1197, #2597, .T. ) ;
#1442 = CARTESIAN_POINT ( 'NONE',  ( -2.499999999999988454, 0.2000000000000000111, -1.374999999999996891 ) ) ;
#1443 = VECTOR ( 'NONE', #9610, 1000.000000000000000 ) ;
#1444 = VERTEX_POINT ( 'NONE', #9328 ) ;
#1446 =( LENGTH_UNIT ( ) NAMED_UNIT ( * ) SI_UNIT ( .MILLI., .METRE. ) );
#1445 = LINE ( 'NONE', #7383, #4412 ) ;
#1447 = PLANE ( 'NONE',  #7408 ) ;
#1448 = PLANE ( 'NONE',  #4586 ) ;
#1449 = CARTESIAN_POINT ( 'NONE',  ( 2.099999999999974776, 0.2000000000000000111, -0.8749999999999975575 ) ) ;
#1450 = EDGE_CURVE ( 'NONE', #9308, #2026, #4375, .T. ) ;
#1451 = ORIENTED_EDGE ( 'NONE', *, *, #5775, .T. ) ;
#1452 = DIRECTION ( 'NONE',  ( -1.000000000000000000, 0.000000000000000000, 3.930232875260377980E-15 ) ) ;
#1453 = ADVANCED_FACE ( 'NONE', ( #8727 ), #1711, .T. ) ;
#1454 = ORIENTED_EDGE ( 'NONE', *, *, #27, .T. ) ;
#1455 = ORIENTED_EDGE ( 'NONE', *, *, #5451, .F. ) ;
#1456 = ORIENTED_EDGE ( 'NONE', *, *, #10089, .T. ) ;
#1457 = EDGE_CURVE ( 'NONE', #3535, #7729, #5982, .T. ) ;
#1458 = DIRECTION ( 'NONE',  ( 0.000000000000000000, 0.000000000000000000, 1.000000000000000000 ) ) ;
#1459 = EDGE_CURVE ( 'NONE', #5525, #6253, #1771, .T. ) ;
#1460 = LINE ( 'NONE', #6420, #5456 ) ;
#1461 = EDGE_CURVE ( 'NONE', #10427, #1619, #8560, .T. ) ;
#1462 = FACE_OUTER_BOUND ( 'NONE', #6065, .T. ) ;
#1463 = VERTEX_POINT ( 'NONE', #1046 ) ;
#1464 = EDGE_CURVE ( 'NONE', #9343, #816, #7712, .T. ) ;
#1465 = DIRECTION ( 'NONE',  ( 0.7071067811865475727, 0.000000000000000000, 0.7071067811865475727 ) ) ;
#1466 = ADVANCED_FACE ( 'NONE', ( #7666 ), #45, .F. ) ;
#1468 = ORIENTED_EDGE ( 'NONE', *, *, #579, .T. ) ;
#1467 = CARTESIAN_POINT ( 'NONE',  ( 0.1250000000000025258, 0.2000000000000000111, 2.499999999999973799 ) ) ;
#1469 = FILL_AREA_STYLE_COLOUR ( '', #7798 ) ;
#1470 = CARTESIAN_POINT ( 'NONE',  ( -1.125000000000002220, 0.2000000000000000111, -2.499999999999961364 ) ) ;
#1471 = CARTESIAN_POINT ( 'NONE',  ( -1.125000000000000888, 0.2000000000000000111, -2.100000000000004530 ) ) ;
#1472 = CARTESIAN_POINT ( 'NONE',  ( 2.499999999999967581, 0.000000000000000000, -0.6250000000000015543 ) ) ;
#1473 = CARTESIAN_POINT ( 'NONE',  ( 1.374999999999998668, 0.04999999999999999584, 2.099999999999969891 ) ) ;
#1475 = CARTESIAN_POINT ( 'NONE',  ( 1.375000000000002442, 0.04999999999999999584, 2.499999999999970246 ) ) ;
#1474 = PLANE ( 'NONE',  #4055 ) ;
#1476 = EDGE_CURVE ( 'NONE', #4222, #5196, #207, .T. ) ;
#1477 = ORIENTED_EDGE ( 'NONE', *, *, #1107, .F. ) ;
#1478 = VERTEX_POINT ( 'NONE', #6882 ) ;
#1480 = ORIENTED_EDGE ( 'NONE', *, *, #7020, .T. ) ;
#1479 = FACE_OUTER_BOUND ( 'NONE', #9273, .T. ) ;
#1481 = EDGE_LOOP ( 'NONE', ( #1514, #8569, #882, #5405, #7073, #9499, #10353, #815 ) ) ;
#1482 =( NAMED_UNIT ( * ) SI_UNIT ( $, .STERADIAN. ) SOLID_ANGLE_UNIT ( ) );
#1483 = DIRECTION ( 'NONE',  ( 1.439820485060763520E-13, -0.000000000000000000, 1.000000000000000000 ) ) ;
#1484 = DIRECTION ( 'NONE',  ( -1.439820485060763520E-13, 0.000000000000000000, -1.000000000000000000 ) ) ;
#1485 = ORIENTED_EDGE ( 'NONE', *, *, #2945, .F. ) ;
#1486 = DIRECTION ( 'NONE',  ( 1.040834085586084257E-14, 0.000000000000000000, 1.000000000000000000 ) ) ;
#1487 = DIRECTION ( 'NONE',  ( -0.000000000000000000, -1.000000000000000000, -0.000000000000000000 ) ) ;
#1488 = UNCERTAINTY_MEASURE_WITH_UNIT (LENGTH_MEASURE( 1.000000000000000082E-05 ), #10900, 'distance_accuracy_value', 'NONE');
#1489 = ORIENTED_EDGE ( 'NONE', *, *, #7215, .T. ) ;
#1490 = CARTESIAN_POINT ( 'NONE',  ( -0.6249999999999975575, 0.2000000000000000111, 2.499999999999991562 ) ) ;
#1491 = CARTESIAN_POINT ( 'NONE',  ( 1.473837328222674480E-15, 0.05000000000000000278, 0.3750000000000083267 ) ) ;
#1492 = CARTESIAN_POINT ( 'NONE',  ( -2.499999999999956923, 0.2000000000000000111, 1.625000000000003109 ) ) ;
#1493 = CARTESIAN_POINT ( 'NONE',  ( 0.6249999999999930056, 0.05000000000000000278, -2.371692252312270508E-15 ) ) ;
#1494 = CARTESIAN_POINT ( 'NONE',  ( 0.3749999999999993339, 0.000000000000000000, -2.100000000000020073 ) ) ;
#1495 = ORIENTED_EDGE ( 'NONE', *, *, #2356, .F. ) ;
#1497 = CARTESIAN_POINT ( 'NONE',  ( 1.809999999999999165, 0.2000000000000000111, 2.100000000000000977 ) ) ;
#1496 = DIRECTION ( 'NONE',  ( -9.757819552369536751E-15, 0.000000000000000000, -1.000000000000000000 ) ) ;
#1498 = PLANE ( 'NONE',  #309 ) ;
#1499 = FACE_OUTER_BOUND ( 'NONE', #10333, .T. ) ;
#1500 = CARTESIAN_POINT ( 'NONE',  ( 2.100000000000016076, 0.000000000000000000, -0.1249999999999999167 ) ) ;
#1501 = ORIENTED_EDGE ( 'NONE', *, *, #9415, .F. ) ;
#1502 = CARTESIAN_POINT ( 'NONE',  ( -1.625000000000002220, 0.000000000000000000, -2.499999999999956035 ) ) ;
#1503 = ORIENTED_EDGE ( 'NONE', *, *, #9075, .T. ) ;
#1504 = VERTEX_POINT ( 'NONE', #10269 ) ;
#1505 = DIRECTION ( 'NONE',  ( 1.000000000000000000, 0.000000000000000000, -1.084202172485504276E-14 ) ) ;
#1506 = PLANE ( 'NONE',  #3375 ) ;
#1507 = LINE ( 'NONE', #4678, #4218 ) ;
#1508 = DIRECTION ( 'NONE',  ( 0.000000000000000000, 1.000000000000000000, -0.000000000000000000 ) ) ;
#1509 = VERTEX_POINT ( 'NONE', #2654 ) ;
#1510 = LINE ( 'NONE', #1679, #2967 ) ;
#1511 = VECTOR ( 'NONE', #6997, 1000.000000000000000 ) ;
#1512 = EDGE_CURVE ( 'NONE', #1998, #4641, #6897, .T. ) ;
#1514 = ORIENTED_EDGE ( 'NONE', *, *, #4984, .T. ) ;
#1513 = CARTESIAN_POINT ( 'NONE',  ( 1.374999999999998668, 0.2000000000000000111, 2.099999999999969891 ) ) ;
#1515 = ADVANCED_FACE ( 'NONE', ( #6993 ), #255, .T. ) ;
#1516 = AXIS2_PLACEMENT_3D ( 'NONE', #4556, #7948, #3731 ) ;
#1517 = FACE_OUTER_BOUND ( 'NONE', #3277, .T. ) ;
#1518 = ADVANCED_FACE ( 'NONE', ( #3648 ), #2198, .F. ) ;
#1519 = EDGE_CURVE ( 'NONE', #816, #10550, #10432, .T. ) ;
#1520 = DIRECTION ( 'NONE',  ( 1.000000000000000000, 0.000000000000000000, -1.029992063861228897E-14 ) ) ;
#1521 = CARTESIAN_POINT ( 'NONE',  ( -0.1249999999999974881, 0.2000000000000000111, 2.499999999999986233 ) ) ;
#1522 = DIRECTION ( 'NONE',  ( -0.000000000000000000, 1.000000000000000000, 0.000000000000000000 ) ) ;
#1523 = LINE ( 'NONE', #1585, #8834 ) ;
#1524 = EDGE_CURVE ( 'NONE', #6094, #280, #2033, .T. ) ;
#1525 = LINE ( 'NONE', #9145, #4220 ) ;
#1527 = CARTESIAN_POINT ( 'NONE',  ( -1.124999999999997558, 0.2000000000000000111, 2.499999999999996447 ) ) ;
#1526 = CARTESIAN_POINT ( 'NONE',  ( -0.8749999999999975575, 0.2000000000000000111, 2.499999999999984013 ) ) ;
#1528 = AXIS2_PLACEMENT_3D ( 'NONE', #8757, #1128, #3673 ) ;
#1529 = ORIENTED_EDGE ( 'NONE', *, *, #370, .T. ) ;
#1530 = AXIS2_PLACEMENT_3D ( 'NONE', #3054, #9951, #9890 ) ;
#1531 = ORIENTED_EDGE ( 'NONE', *, *, #10199, .F. ) ;
#1532 = EDGE_CURVE ( 'NONE', #10218, #7485, #5420, .T. ) ;
#1534 = ORIENTED_EDGE ( 'NONE', *, *, #6189, .F. ) ;
#1533 = DIRECTION ( 'NONE',  ( -0.000000000000000000, -1.000000000000000000, -0.000000000000000000 ) ) ;
#1535 = ORIENTED_EDGE ( 'NONE', *, *, #1370, .F. ) ;
#1536 = VECTOR ( 'NONE', #6522, 1000.000000000000000 ) ;
#1537 = ADVANCED_FACE ( 'NONE', ( #4698 ), #9694, .F. ) ;
#1538 = CLOSED_SHELL ( 'NONE', ( #7504, #9729, #9071, #10425, #1396, #7167 ) ) ;
#1539 = PRESENTATION_STYLE_ASSIGNMENT (( #5804 ) ) ;
#1540 = CARTESIAN_POINT ( 'NONE',  ( -2.099999999999967226, 0.2000000000000000111, 0.6249999999999987788 ) ) ;
#1541 = VECTOR ( 'NONE', #5877, 1000.000000000000000 ) ;
#1542 = ORIENTED_EDGE ( 'NONE', *, *, #8655, .T. ) ;
#1543 = CARTESIAN_POINT ( 'NONE',  ( 0.8749999999999985567, 0.000000000000000000, 2.099999999999975664 ) ) ;
#1544 = DIRECTION ( 'NONE',  ( 0.000000000000000000, -1.000000000000000000, 0.000000000000000000 ) ) ;
#1545 = ORIENTED_EDGE ( 'NONE', *, *, #9003, .F. ) ;
#1546 = EDGE_CURVE ( 'NONE', #4557, #8155, #10652, .T. ) ;
#1547 = ORIENTED_EDGE ( 'NONE', *, *, #6838, .F. ) ;
#1548 = AXIS2_PLACEMENT_3D ( 'NONE', #3215, #4872, #8271 ) ;
#1549 = FACE_OUTER_BOUND ( 'NONE', #5922, .T. ) ;
#1550 = CARTESIAN_POINT ( 'NONE',  ( 2.100000000000000977, 0.2000000000000000111, 1.810000000000000719 ) ) ;
#1551 = CARTESIAN_POINT ( 'NONE',  ( -1.624999999999997558, 0.2000000000000000111, 2.500000000000002220 ) ) ;
#1552 = DIRECTION ( 'NONE',  ( 0.000000000000000000, 1.000000000000000000, 0.000000000000000000 ) ) ;
#1553 = LINE ( 'NONE', #1442, #8000 ) ;
#1554 = ORIENTED_EDGE ( 'NONE', *, *, #6892, .T. ) ;
#1556 = FACE_OUTER_BOUND ( 'NONE', #10894, .T. ) ;
#1555 = CARTESIAN_POINT ( 'NONE',  ( 0.000000000000000000, 0.2000000000000000111, 0.000000000000000000 ) ) ;
#1557 = VECTOR ( 'NONE', #9882, 1000.000000000000000 ) ;
#1558 = DIRECTION ( 'NONE',  ( -1.035655806553459049E-14, -0.000000000000000000, -1.000000000000000000 ) ) ;
#1559 = VECTOR ( 'NONE', #9357, 1000.000000000000000 ) ;
#1560 = CARTESIAN_POINT ( 'NONE',  ( 2.500000000000000000, 1.000000000000000000, -2.500000000000000000 ) ) ;
#1561 = VECTOR ( 'NONE', #3158, 1000.000000000000000 ) ;
#1562 = ORIENTED_EDGE ( 'NONE', *, *, #5785, .F. ) ;
#1563 = DIRECTION ( 'NONE',  ( 1.000000000000000000, 0.000000000000000000, -2.243176908590699067E-16 ) ) ;
#1564 = VECTOR ( 'NONE', #2352, 1000.000000000000000 ) ;
#1565 = ORIENTED_EDGE ( 'NONE', *, *, #7104, .F. ) ;
#1566 = VERTEX_POINT ( 'NONE', #9811 ) ;
#1567 = ORIENTED_EDGE ( 'NONE', *, *, #10405, .F. ) ;
#1568 = DIRECTION ( 'NONE',  ( -1.000000000000000000, -0.000000000000000000, 1.084202172485504118E-14 ) ) ;
#1569 = AXIS2_PLACEMENT_3D ( 'NONE', #10730, #6473, #9838 ) ;
#1570 = AXIS2_PLACEMENT_3D ( 'NONE', #10330, #4444, #7831 ) ;
#1571 = CARTESIAN_POINT ( 'NONE',  ( 1.097754699641595485E-14, 0.05000000000000000278, 1.125000000000022871 ) ) ;
#1572 = DIRECTION ( 'NONE',  ( 0.000000000000000000, 1.000000000000000000, -0.000000000000000000 ) ) ;
#1573 = CARTESIAN_POINT ( 'NONE',  ( -2.500000000000046185, 0.2000000000000000111, -1.875000000000000000 ) ) ;
#1574 = ORIENTED_EDGE ( 'NONE', *, *, #7436, .T. ) ;
#1575 = CARTESIAN_POINT ( 'NONE',  ( 2.499999999999980016, 0.2000000000000000111, -0.3750000000000014988 ) ) ;
#1576 = AXIS2_PLACEMENT_3D ( 'NONE', #194, #10356, #10145 ) ;
#1577 = VECTOR ( 'NONE', #724, 1000.000000000000000 ) ;
#1578 = VERTEX_POINT ( 'NONE', #7047 ) ;
#1579 = FACE_OUTER_BOUND ( 'NONE', #10731, .T. ) ;
#1580 = VECTOR ( 'NONE', #4853, 1000.000000000000000 ) ;
#1581 = FACE_OUTER_BOUND ( 'NONE', #934, .T. ) ;
#1582 = CARTESIAN_POINT ( 'NONE',  ( -2.499999999999985789, 0.2000000000000000111, -1.124999999999996891 ) ) ;
#1583 = CARTESIAN_POINT ( 'NONE',  ( 0.8749999999999985567, 0.2000000000000000111, 2.099999999999975664 ) ) ;
#1584 = VECTOR ( 'NONE', #3363, 1000.000000000000000 ) ;
#1585 = CARTESIAN_POINT ( 'NONE',  ( -1.213659148304413140E-15, 0.05000000000000000278, -1.875000000000001554 ) ) ;
#1586 = CARTESIAN_POINT ( 'NONE',  ( -2.500000000000000000, 1.000000000000000000, 2.500000000000000000 ) ) ;
#1587 = VECTOR ( 'NONE', #586, 1000.000000000000000 ) ;
#1589 = CARTESIAN_POINT ( 'NONE',  ( -2.499999999999980460, 0.2000000000000000111, -0.6249999999999968914 ) ) ;
#1588 = LINE ( 'NONE', #4255, #8139 ) ;
#1590 = ORIENTED_EDGE ( 'NONE', *, *, #8600, .T. ) ;
#1591 =( GEOMETRIC_REPRESENTATION_CONTEXT ( 3 ) GLOBAL_UNCERTAINTY_ASSIGNED_CONTEXT ( ( #932 ) ) GLOBAL_UNIT_ASSIGNED_CONTEXT ( ( #6919, #1129, #1842 ) ) REPRESENTATION_CONTEXT ( 'NONE', 'WORKASPACE' ) );
#1592 = EDGE_LOOP ( 'NONE', ( #10143, #3379, #4558, #311 ) ) ;
#1593 = EDGE_CURVE ( 'NONE', #5273, #10562, #5371, .T. ) ;
#1594 = EDGE_CURVE ( 'NONE', #2933, #8419, #4600, .T. ) ;
#1595 = VERTEX_POINT ( 'NONE', #3764 ) ;
#1596 = ADVANCED_FACE ( 'NONE', ( #7926 ), #2978, .F. ) ;
#1597 = VERTEX_POINT ( 'NONE', #1267 ) ;
#1598 = FILL_AREA_STYLE ('',( #2578 ) ) ;
#1599 = FACE_OUTER_BOUND ( 'NONE', #9741, .T. ) ;
#1600 = VECTOR ( 'NONE', #901, 1000.000000000000000 ) ;
#1601 = ORIENTED_EDGE ( 'NONE', *, *, #6351, .F. ) ;
#1602 = CARTESIAN_POINT ( 'NONE',  ( -1.625000000000002220, 0.2000000000000000111, -2.499999999999956035 ) ) ;
#1603 = EDGE_CURVE ( 'NONE', #10550, #2178, #4536, .T. ) ;
#1604 = DIRECTION ( 'NONE',  ( -1.439820485060763520E-13, 0.000000000000000000, -1.000000000000000000 ) ) ;
#1605 = ORIENTED_EDGE ( 'NONE', *, *, #10197, .F. ) ;
#1606 = EDGE_CURVE ( 'NONE', #10201, #4994, #2918, .T. ) ;
#1607 = ORIENTED_EDGE ( 'NONE', *, *, #3910, .T. ) ;
#1608 = CARTESIAN_POINT ( 'NONE',  ( -1.375000000000000444, 0.04999999999999999584, -1.675000000000000711 ) ) ;
#1609 = PLANE ( 'NONE',  #273 ) ;
#1610 = LINE ( 'NONE', #10160, #3116 ) ;
#1611 = LINE ( 'NONE', #4992, #8540 ) ;
#1612 = VECTOR ( 'NONE', #7330, 1000.000000000000000 ) ;
#1613 = ORIENTED_EDGE ( 'NONE', *, *, #6482, .F. ) ;
#1615 = FACE_OUTER_BOUND ( 'NONE', #3981, .T. ) ;
#1614 = DIRECTION ( 'NONE',  ( -9.757819552369538328E-15, 0.000000000000000000, -1.000000000000000000 ) ) ;
#1616 = LINE ( 'NONE', #8397, #81 ) ;
#1617 = MECHANICAL_DESIGN_GEOMETRIC_PRESENTATION_REPRESENTATION (  '', ( #8711 ), #356 ) ;
#1618 = DIRECTION ( 'NONE',  ( -1.040834085586083310E-14, -0.000000000000000000, -1.000000000000000000 ) ) ;
#1619 = VERTEX_POINT ( 'NONE', #5581 ) ;
#1620 = DIRECTION ( 'NONE',  ( 2.243176908590699067E-16, -0.000000000000000000, 1.000000000000000000 ) ) ;
#1621 = STYLED_ITEM ( 'NONE', ( #643 ), #10088 ) ;
#1622 = ORIENTED_EDGE ( 'NONE', *, *, #8297, .F. ) ;
#1623 = VERTEX_POINT ( 'NONE', #2875 ) ;
#1624 = ORIENTED_EDGE ( 'NONE', *, *, #3429, .F. ) ;
#1625 = LINE ( 'NONE', #2394, #3851 ) ;
#1626 =( NAMED_UNIT ( * ) SI_UNIT ( $, .STERADIAN. ) SOLID_ANGLE_UNIT ( ) );
#1627 = CARTESIAN_POINT ( 'NONE',  ( -2.499999999999972911, 0.2000000000000000111, 0.1250000000000031364 ) ) ;
#1628 = CARTESIAN_POINT ( 'NONE',  ( 3.023623018627557095E-13, 0.05000000000000000278, 2.099999999999967670 ) ) ;
#1629 = VERTEX_POINT ( 'NONE', #4760 ) ;
#1630 = DIRECTION ( 'NONE',  ( -1.000000000000000000, 0.000000000000000000, 9.757819552369538328E-15 ) ) ;
#1631 = VECTOR ( 'NONE', #9435, 1000.000000000000000 ) ;
#1632 = ORIENTED_EDGE ( 'NONE', *, *, #5451, .T. ) ;
#1633 = PLANE ( 'NONE',  #3847 ) ;
#1634 = COLOUR_RGB ( '',0.7921568627450980005, 0.8196078431372548767, 0.9333333333333333481 ) ;
#1635 = DIRECTION ( 'NONE',  ( -3.794707603699675727E-15, 0.000000000000000000, -1.000000000000000000 ) ) ;
#1636 = PLANE ( 'NONE',  #6912 ) ;
#1637 = PLANE ( 'NONE',  #5618 ) ;
#1638 = FACE_OUTER_BOUND ( 'NONE', #1096, .T. ) ;
#1640 = DIRECTION ( 'NONE',  ( 0.000000000000000000, 0.000000000000000000, 1.000000000000000000 ) ) ;
#1639 = DIRECTION ( 'NONE',  ( 1.439820485060763520E-13, -0.000000000000000000, 1.000000000000000000 ) ) ;
#1641 = ORIENTED_EDGE ( 'NONE', *, *, #7646, .F. ) ;
#1642 = EDGE_LOOP ( 'NONE', ( #2559, #7394, #5907, #6709 ) ) ;
#1644 = ORIENTED_EDGE ( 'NONE', *, *, #9270, .F. ) ;
#1643 = CARTESIAN_POINT ( 'NONE',  ( -2.164999999999975167, 0.2000000000000000111, -1.875000000000000222 ) ) ;
#1645 = ORIENTED_EDGE ( 'NONE', *, *, #7843, .F. ) ;
#1646 = LINE ( 'NONE', #7529, #2982 ) ;
#1647 = VERTEX_POINT ( 'NONE', #1311 ) ;
#1648 = DIRECTION ( 'NONE',  ( 1.000000000000000000, -0.000000000000000000, -4.065758146821081023E-15 ) ) ;
#1649 = CARTESIAN_POINT ( 'NONE',  ( 1.355252715606620613E-15, 0.05000000000000000278, 0.1249999999999760469 ) ) ;
#1650 = EDGE_CURVE ( 'NONE', #4376, #9455, #2088, .T. ) ;
#1651 = ORIENTED_EDGE ( 'NONE', *, *, #4787, .F. ) ;
#1652 = EDGE_LOOP ( 'NONE', ( #5515, #9111, #6043, #1234 ) ) ;
#1653 = FILL_AREA_STYLE_COLOUR ( '', #6229 ) ;
#1654 = ADVANCED_FACE ( 'NONE', ( #8937 ), #8088, .F. ) ;
#1655 = ORIENTED_EDGE ( 'NONE', *, *, #7890, .T. ) ;
#1656 = CARTESIAN_POINT ( 'NONE',  ( -0.1249999999999974881, 0.2000000000000000111, 2.499999999999986233 ) ) ;
#1657 = EDGE_CURVE ( 'NONE', #3498, #10030, #1366, .T. ) ;
#1658 = CARTESIAN_POINT ( 'NONE',  ( 0.6250000000000009992, 0.2000000000000000111, 2.100000000000011635 ) ) ;
#1659 = DIRECTION ( 'NONE',  ( 1.000000000000000000, 0.000000000000000000, -2.344220913482196012E-15 ) ) ;
#1660 = LINE ( 'NONE', #7442, #5684 ) ;
#1661 = EDGE_CURVE ( 'NONE', #10975, #9262, #1986, .T. ) ;
#1662 = ORIENTED_EDGE ( 'NONE', *, *, #7651, .F. ) ;
#1663 = ADVANCED_FACE ( 'NONE', ( #6663 ), #7368, .T. ) ;
#1665 = CARTESIAN_POINT ( 'NONE',  ( 2.100000000000010747, 0.2000000000000000111, -0.6249999999999998890 ) ) ;
#1664 = DIRECTION ( 'NONE',  ( 1.000000000000000000, 0.000000000000000000, -3.794707603699675727E-15 ) ) ;
#1666 = CARTESIAN_POINT ( 'NONE',  ( -2.165000000000000036, 0.2000000000000000111, 1.874999999999999556 ) ) ;
#1667 = DIRECTION ( 'NONE',  ( 1.000000000000000000, 0.000000000000000000, -1.002887009549091444E-14 ) ) ;
#1668 = ORIENTED_EDGE ( 'NONE', *, *, #2813, .F. ) ;
#1669 = LINE ( 'NONE', #5048, #10261 ) ;
#1670 = ORIENTED_EDGE ( 'NONE', *, *, #9282, .T. ) ;
#1671 = ORIENTED_EDGE ( 'NONE', *, *, #8655, .F. ) ;
#1672 = ORIENTED_EDGE ( 'NONE', *, *, #9806, .F. ) ;
#1673 = ORIENTED_EDGE ( 'NONE', *, *, #994, .T. ) ;
#1674 = CARTESIAN_POINT ( 'NONE',  ( 2.499999999999962252, 0.2000000000000000111, -1.125000000000001332 ) ) ;
#1675 = EDGE_CURVE ( 'NONE', #9234, #4620, #1646, .T. ) ;
#1676 = LINE ( 'NONE', #5058, #4400 ) ;
#1677 = CARTESIAN_POINT ( 'NONE',  ( 1.374999999999997780, 0.2000000000000000111, -2.499999999999987566 ) ) ;
#1678 = ORIENTED_EDGE ( 'NONE', *, *, #7169, .T. ) ;
#1679 = CARTESIAN_POINT ( 'NONE',  ( -1.875000000000011990, 0.05000000000000000278, 1.092293233474232702E-14 ) ) ;
#1680 = VERTEX_POINT ( 'NONE', #10865 ) ;
#1681 = CARTESIAN_POINT ( 'NONE',  ( 2.100000000000016076, 0.2000000000000000111, -0.1249999999999999167 ) ) ;
#1682 = CARTESIAN_POINT ( 'NONE',  ( 0.000000000000000000, 0.2000000000000000111, 0.000000000000000000 ) ) ;
#1683 = LINE ( 'NONE', #9141, #1725 ) ;
#1684 = DIRECTION ( 'NONE',  ( -0.000000000000000000, -1.000000000000000000, -0.000000000000000000 ) ) ;
#1685 = VECTOR ( 'NONE', #4267, 1000.000000000000000 ) ;
#1686 = DIRECTION ( 'NONE',  ( 5.825563911862536913E-15, 0.000000000000000000, 1.000000000000000000 ) ) ;
#1687 = CARTESIAN_POINT ( 'NONE',  ( -1.874999999999998890, 0.000000000000000000, -2.164999999999999591 ) ) ;
#1688 = CARTESIAN_POINT ( 'NONE',  ( -1.375000000000002220, 0.2000000000000000111, -2.499999999999968914 ) ) ;
#1689 = ORIENTED_EDGE ( 'NONE', *, *, #2738, .F. ) ;
#1690 = EDGE_LOOP ( 'NONE', ( #9817, #5367, #3667, #10529 ) ) ;
#1691 = VECTOR ( 'NONE', #3783, 1000.000000000000000 ) ;
#1693 = ORIENTED_EDGE ( 'NONE', *, *, #5457, .T. ) ;
#1692 = SURFACE_STYLE_USAGE ( .BOTH. , #7525 ) ;
#1694 = ORIENTED_EDGE ( 'NONE', *, *, #7215, .F. ) ;
#1695 = CARTESIAN_POINT ( 'NONE',  ( -2.165000000000000036, 0.2000000000000000111, 1.874999999999999556 ) ) ;
#1696 = EDGE_LOOP ( 'NONE', ( #8509, #3800, #10142, #7281, #3864 ) ) ;
#1697 = FACE_OUTER_BOUND ( 'NONE', #56, .T. ) ;
#1698 = AXIS2_PLACEMENT_3D ( 'NONE', #9829, #4834, #8279 ) ;
#1700 = FACE_OUTER_BOUND ( 'NONE', #4014, .T. ) ;
#1699 = CARTESIAN_POINT ( 'NONE',  ( 0.1250000000000025258, 0.2000000000000000111, 2.499999999999973799 ) ) ;
#1701 = ORIENTED_EDGE ( 'NONE', *, *, #79, .T. ) ;
#1702 = VERTEX_POINT ( 'NONE', #1540 ) ;
#1703 = VECTOR ( 'NONE', #10345, 1000.000000000000000 ) ;
#1704 = LINE ( 'NONE', #40, #9246 ) ;
#1705 = VERTEX_POINT ( 'NONE', #9104 ) ;
#1706 = VECTOR ( 'NONE', #4275, 1000.000000000000000 ) ;
#1707 = LINE ( 'NONE', #8433, #9087 ) ;
#1708 = LINE ( 'NONE', #1658, #10387 ) ;
#1709 = CARTESIAN_POINT ( 'NONE',  ( -2.499999999999959588, 0.000000000000000000, 1.375000000000003109 ) ) ;
#1710 = ADVANCED_FACE ( 'NONE', ( #3985 ), #1431, .T. ) ;
#1711 = PLANE ( 'NONE',  #1744 ) ;
#1712 = ORIENTED_EDGE ( 'NONE', *, *, #4847, .T. ) ;
#1714 = DIRECTION ( 'NONE',  ( 6.472848790956864884E-16, -0.000000000000000000, 1.000000000000000000 ) ) ;
#1713 = CARTESIAN_POINT ( 'NONE',  ( -2.499999999999962252, 0.2000000000000000111, 1.125000000000003109 ) ) ;
#1715 = CARTESIAN_POINT ( 'NONE',  ( 0.000000000000000000, 0.2000000000000000111, 0.000000000000000000 ) ) ;
#1716 = LINE ( 'NONE', #4158, #461 ) ;
#1717 = VECTOR ( 'NONE', #1026, 1000.000000000000000 ) ;
#1718 = ORIENTED_EDGE ( 'NONE', *, *, #5395, .T. ) ;
#1719 = EDGE_CURVE ( 'NONE', #5506, #6994, #8210, .T. ) ;
#1720 = LINE ( 'NONE', #8567, #1031 ) ;
#1721 = FACE_OUTER_BOUND ( 'NONE', #10818, .T. ) ;
#1722 = ORIENTED_EDGE ( 'NONE', *, *, #5580, .F. ) ;
#1723 = VERTEX_POINT ( 'NONE', #3086 ) ;
#1724 = ORIENTED_EDGE ( 'NONE', *, *, #8127, .T. ) ;
#1725 = VECTOR ( 'NONE', #5734, 1000.000000000000000 ) ;
#1726 = CARTESIAN_POINT ( 'NONE',  ( -1.341700188450789176E-14, 0.05000000000000000278, -1.374999999999977129 ) ) ;
#1727 = VECTOR ( 'NONE', #7611, 1000.000000000000000 ) ;
#1728 =( LENGTH_UNIT ( ) NAMED_UNIT ( * ) SI_UNIT ( .MILLI., .METRE. ) );
#1729 = ADVANCED_FACE ( 'NONE', ( #1599 ), #3203, .T. ) ;
#1730 = LINE ( 'NONE', #4955, #8131 ) ;
#1731 = DIRECTION ( 'NONE',  ( -1.000000000000000000, 0.000000000000000000, -2.949029909160572061E-14 ) ) ;
#1732 = EDGE_CURVE ( 'NONE', #9263, #8981, #10035, .T. ) ;
#1733 = VERTEX_POINT ( 'NONE', #4920 ) ;
#1734 = ADVANCED_FACE ( 'NONE', ( #5746 ), #8260, .T. ) ;
#1735 = VECTOR ( 'NONE', #7385, 1000.000000000000000 ) ;
#1736 = AXIS2_PLACEMENT_3D ( 'NONE', #7687, #6072, #65 ) ;
#1737 = AXIS2_PLACEMENT_3D ( 'NONE', #1677, #2514, #6641 ) ;
#1738 = ORIENTED_EDGE ( 'NONE', *, *, #4320, .T. ) ;
#1739 = VECTOR ( 'NONE', #5061, 1000.000000000000000 ) ;
#1740 = DIRECTION ( 'NONE',  ( -1.029992063861229055E-14, 0.000000000000000000, -1.000000000000000000 ) ) ;
#1741 = DIRECTION ( 'NONE',  ( 2.949029909160572061E-14, 0.000000000000000000, -1.000000000000000000 ) ) ;
#1742 =( NAMED_UNIT ( * ) SI_UNIT ( $, .STERADIAN. ) SOLID_ANGLE_UNIT ( ) );
#1743 = CARTESIAN_POINT ( 'NONE',  ( 2.500000000000000000, 0.04999999999999969746, 2.500000000000000000 ) ) ;
#1744 = AXIS2_PLACEMENT_3D ( 'NONE', #1099, #5095, #4484 ) ;
#1745 = CARTESIAN_POINT ( 'NONE',  ( 1.374999999999998668, 0.2000000000000000111, 2.099999999999969891 ) ) ;
#1746 = LINE ( 'NONE', #7738, #7621 ) ;
#1747 = DIRECTION ( 'NONE',  ( -0.000000000000000000, -1.000000000000000000, -0.000000000000000000 ) ) ;
#1748 = STYLED_ITEM ( 'NONE', ( #2590 ), #9877 ) ;
#1749 = ORIENTED_EDGE ( 'NONE', *, *, #1034, .F. ) ;
#1750 = VECTOR ( 'NONE', #1351, 1000.000000000000000 ) ;
#1752 = ORIENTED_EDGE ( 'NONE', *, *, #1512, .T. ) ;
#1751 = PLANE ( 'NONE',  #1436 ) ;
#1753 = ORIENTED_EDGE ( 'NONE', *, *, #5109, .T. ) ;
#1754 = AXIS2_PLACEMENT_3D ( 'NONE', #7149, #138, #4363 ) ;
#1755 = AXIS2_PLACEMENT_3D ( 'NONE', #444, #2161, #1614 ) ;
#1756 = LINE ( 'NONE', #9425, #7922 ) ;
#1757 = DIRECTION ( 'NONE',  ( 0.000000000000000000, 0.000000000000000000, 1.000000000000000000 ) ) ;
#1758 = ORIENTED_EDGE ( 'NONE', *, *, #10902, .F. ) ;
#1759 = FACE_OUTER_BOUND ( 'NONE', #3483, .T. ) ;
#1761 = CARTESIAN_POINT ( 'NONE',  ( 1.374999999999999334, 0.2000000000000000111, -2.100000000000030731 ) ) ;
#1760 = DIRECTION ( 'NONE',  ( 1.040834085586085046E-14, 0.000000000000000000, 1.000000000000000000 ) ) ;
#1762 = VECTOR ( 'NONE', #6596, 1000.000000000000000 ) ;
#1763 = ORIENTED_EDGE ( 'NONE', *, *, #4374, .F. ) ;
#1764 = ORIENTED_EDGE ( 'NONE', *, *, #2130, .F. ) ;
#1765 = CARTESIAN_POINT ( 'NONE',  ( -0.3749999999999975020, 0.000000000000000000, 2.499999999999978684 ) ) ;
#1766 = ORIENTED_EDGE ( 'NONE', *, *, #23, .F. ) ;
#1767 = MECHANICAL_DESIGN_GEOMETRIC_PRESENTATION_REPRESENTATION (  '', ( #8526 ), #3718 ) ;
#1768 = CARTESIAN_POINT ( 'NONE',  ( 0.6250000000000025535, 0.2000000000000000111, 2.499999999999968470 ) ) ;
#1769 = CARTESIAN_POINT ( 'NONE',  ( -2.500000000000000000, 0.04999999999999969746, 2.500000000000000000 ) ) ;
#1770 = CARTESIAN_POINT ( 'NONE',  ( 2.499999999999969802, 0.2000000000000000111, -1.375000000000001332 ) ) ;
#1771 = LINE ( 'NONE', #3385, #5996 ) ;
#1772 = ORIENTED_EDGE ( 'NONE', *, *, #6225, .F. ) ;
#1774 = DIRECTION ( 'NONE',  ( 0.000000000000000000, -1.000000000000000000, 0.000000000000000000 ) ) ;
#1773 = DIRECTION ( 'NONE',  ( -1.000000000000000000, 0.000000000000000000, -2.949029909160572061E-14 ) ) ;
#1775 = CARTESIAN_POINT ( 'NONE',  ( -0.3749999999999975020, 0.2000000000000000111, 2.499999999999978684 ) ) ;
#1776 = DIRECTION ( 'NONE',  ( 1.457167719820531843E-13, 0.000000000000000000, 1.000000000000000000 ) ) ;
#1777 = ORIENTED_EDGE ( 'NONE', *, *, #2357, .T. ) ;
#1778 = CARTESIAN_POINT ( 'NONE',  ( 2.499999999999983125, 0.2000000000000000111, 0.8749999999999984457 ) ) ;
#1779 = EDGE_CURVE ( 'NONE', #1623, #5200, #4819, .T. ) ;
#1780 = DIRECTION ( 'NONE',  ( 0.000000000000000000, -1.000000000000000000, 0.000000000000000000 ) ) ;
#1781 = ORIENTED_EDGE ( 'NONE', *, *, #10491, .T. ) ;
#1782 = VERTEX_POINT ( 'NONE', #647 ) ;
#1783 = EDGE_LOOP ( 'NONE', ( #4694, #995, #6608, #276 ) ) ;
#1784 = DIRECTION ( 'NONE',  ( 0.000000000000000000, -1.000000000000000000, 0.000000000000000000 ) ) ;
#1785 = MECHANICAL_DESIGN_GEOMETRIC_PRESENTATION_REPRESENTATION (  '', ( #8171 ), #6414 ) ;
#1786 =( NAMED_UNIT ( * ) SI_UNIT ( $, .STERADIAN. ) SOLID_ANGLE_UNIT ( ) );
#1787 = CARTESIAN_POINT ( 'NONE',  ( -1.374999999999998446, 0.2000000000000000111, -2.099999999999968558 ) ) ;
#1788 = EDGE_CURVE ( 'NONE', #1111, #7812, #6716, .T. ) ;
#1789 = PLANE ( 'NONE',  #3153 ) ;
#1790 = ORIENTED_EDGE ( 'NONE', *, *, #8383, .F. ) ;
#1791 = VECTOR ( 'NONE', #3159, 1000.000000000000000 ) ;
#1792 = EDGE_CURVE ( 'NONE', #5556, #4761, #2316, .T. ) ;
#1793 = VECTOR ( 'NONE', #8256, 1000.000000000000000 ) ;
#1794 = ORIENTED_EDGE ( 'NONE', *, *, #3684, .T. ) ;
#1795 = EDGE_CURVE ( 'NONE', #2, #950, #5863, .T. ) ;
#1796 = DIRECTION ( 'NONE',  ( 0.7071067811865440200, 0.000000000000000000, 0.7071067811865511255 ) ) ;
#1797 = ADVANCED_FACE ( 'NONE', ( #706 ), #6493, .F. ) ;
#1798 = DIRECTION ( 'NONE',  ( -1.000000000000000000, 0.000000000000000000, -9.611305745276845088E-14 ) ) ;
#1799 = CARTESIAN_POINT ( 'NONE',  ( 1.374999999999997780, 0.000000000000000000, -2.499999999999987566 ) ) ;
#1800 = LINE ( 'NONE', #5183, #4413 ) ;
#1801 = ADVANCED_FACE ( 'NONE', ( #10811 ), #9865, .T. ) ;
#1802 = VECTOR ( 'NONE', #10108, 1000.000000000000000 ) ;
#1803 = CARTESIAN_POINT ( 'NONE',  ( -1.809999999999998943, 0.2000000000000000111, -2.099999999999999645 ) ) ;
#1804 = DIRECTION ( 'NONE',  ( -1.000000000000000000, 0.000000000000000000, 3.794707603699675727E-15 ) ) ;
#1805 = CARTESIAN_POINT ( 'NONE',  ( 1.625000000000002442, 0.2000000000000000111, 2.499999999999957367 ) ) ;
#1807 = ORIENTED_EDGE ( 'NONE', *, *, #10146, .F. ) ;
#1806 = SURFACE_STYLE_USAGE ( .BOTH. , #5191 ) ;
#1808 =( NAMED_UNIT ( * ) PLANE_ANGLE_UNIT ( ) SI_UNIT ( $, .RADIAN. ) );
#1809 = FACE_OUTER_BOUND ( 'NONE', #3241, .T. ) ;
#1810 = VERTEX_POINT ( 'NONE', #2373 ) ;
#1811 = ADVANCED_FACE ( 'NONE', ( #4090 ), #7481, .T. ) ;
#1812 = PLANE ( 'NONE',  #2832 ) ;
#1814 = LINE ( 'NONE', #4475, #9671 ) ;
#1813 = LINE ( 'NONE', #7449, #7253 ) ;
#1815 = ORIENTED_EDGE ( 'NONE', *, *, #10012, .T. ) ;
#1816 = ORIENTED_EDGE ( 'NONE', *, *, #8857, .F. ) ;
#1817 = ORIENTED_EDGE ( 'NONE', *, *, #3425, .T. ) ;
#1818 = CARTESIAN_POINT ( 'NONE',  ( 0.000000000000000000, 0.2000000000000000111, 0.000000000000000000 ) ) ;
#1819 = PLANE ( 'NONE',  #5264 ) ;
#1820 = SURFACE_STYLE_FILL_AREA ( #7821 ) ;
#1821 = CARTESIAN_POINT ( 'NONE',  ( 1.525000000000000133, 0.000000000000000000, -1.525000000000001465 ) ) ;
#1822 = ORIENTED_EDGE ( 'NONE', *, *, #2060, .F. ) ;
#1824 = DIRECTION ( 'NONE',  ( 0.7071067811865500152, 0.000000000000000000, 0.7071067811865451302 ) ) ;
#1823 = CARTESIAN_POINT ( 'NONE',  ( 1.125000000000002442, 0.2000000000000000111, 2.499999999999963141 ) ) ;
#1825 = CARTESIAN_POINT ( 'NONE',  ( 0.000000000000000000, 0.2000000000000000111, 0.000000000000000000 ) ) ;
#1826 = DIRECTION ( 'NONE',  ( 1.000000000000000000, 0.000000000000000000, -1.439820485060763520E-13 ) ) ;
#1827 = ORIENTED_EDGE ( 'NONE', *, *, #8174, .T. ) ;
#1828 = CARTESIAN_POINT ( 'NONE',  ( -2.499999999999959588, 0.000000000000000000, 1.375000000000003109 ) ) ;
#1829 = DIRECTION ( 'NONE',  ( -0.000000000000000000, -1.000000000000000000, -0.000000000000000000 ) ) ;
#1830 = ORIENTED_EDGE ( 'NONE', *, *, #1519, .T. ) ;
#1831 = ORIENTED_EDGE ( 'NONE', *, *, #10956, .T. ) ;
#1832 = EDGE_LOOP ( 'NONE', ( #7201, #2717, #9321, #4371 ) ) ;
#1833 = LINE ( 'NONE', #8572, #7274 ) ;
#1834 = CARTESIAN_POINT ( 'NONE',  ( 2.499999999999990674, 0.2000000000000000111, 0.6249999999999984457 ) ) ;
#1835 = LINE ( 'NONE', #4395, #6724 ) ;
#1836 = CARTESIAN_POINT ( 'NONE',  ( 0.8749999999999978906, 0.2000000000000000111, -2.499999999999982236 ) ) ;
#1837 = PLANE ( 'NONE',  #1334 ) ;
#1838 = ORIENTED_EDGE ( 'NONE', *, *, #2738, .T. ) ;
#1839 = EDGE_CURVE ( 'NONE', #6852, #3568, #10311, .T. ) ;
#1840 = ORIENTED_EDGE ( 'NONE', *, *, #2611, .T. ) ;
#1841 = CARTESIAN_POINT ( 'NONE',  ( 0.8749999999999993339, 0.000000000000000000, -2.100000000000025402 ) ) ;
#1842 =( NAMED_UNIT ( * ) SI_UNIT ( $, .STERADIAN. ) SOLID_ANGLE_UNIT ( ) );
#1843 = EDGE_CURVE ( 'NONE', #2001, #10201, #3464, .T. ) ;
#1844 = CARTESIAN_POINT ( 'NONE',  ( -2.099999999999959677, 0.000000000000000000, 1.374999999999999112 ) ) ;
#1845 = EDGE_CURVE ( 'NONE', #5692, #5053, #3529, .T. ) ;
#1846 = DIRECTION ( 'NONE',  ( -0.000000000000000000, -1.000000000000000000, -0.000000000000000000 ) ) ;
#1847 = LINE ( 'NONE', #10400, #2081 ) ;
#1848 = LINE ( 'NONE', #2855, #1054 ) ;
#1849 = LINE ( 'NONE', #6924, #10800 ) ;
#1850 = ADVANCED_FACE ( 'NONE', ( #3418 ), #7653, .F. ) ;
#1851 = EDGE_CURVE ( 'NONE', #575, #4547, #5146, .T. ) ;
#1852 = ADVANCED_FACE ( 'NONE', ( #5195 ), #2643, .T. ) ;
#1854 = ORIENTED_EDGE ( 'NONE', *, *, #10884, .T. ) ;
#1853 = FACE_OUTER_BOUND ( 'NONE', #9755, .T. ) ;
#1855 = VECTOR ( 'NONE', #2386, 1000.000000000000000 ) ;
#1856 = EDGE_CURVE ( 'NONE', #6501, #4803, #4262, .T. ) ;
#1857 = CARTESIAN_POINT ( 'NONE',  ( -2.000000000000000000, 0.9499999999999999556, -2.000000000000000000 ) ) ;
#1858 = DIRECTION ( 'NONE',  ( -1.214306433183764966E-14, 0.000000000000000000, -1.000000000000000000 ) ) ;
#1859 = ORIENTED_EDGE ( 'NONE', *, *, #1856, .F. ) ;
#1860 = CARTESIAN_POINT ( 'NONE',  ( -2.099999999999977884, 0.2000000000000000111, -0.3750000000000012212 ) ) ;
#1862 = LINE ( 'NONE', #3533, #10210 ) ;
#1861 = LINE ( 'NONE', #3750, #6004 ) ;
#1863 = ORIENTED_EDGE ( 'NONE', *, *, #6915, .F. ) ;
#1864 = AXIS2_PLACEMENT_3D ( 'NONE', #1527, #3300, #697 ) ;
#1865 = ORIENTED_EDGE ( 'NONE', *, *, #1399, .T. ) ;
#1866 = ADVANCED_FACE ( 'NONE', ( #1809 ), #9313, .F. ) ;
#1867 = EDGE_CURVE ( 'NONE', #4419, #9125, #5025, .T. ) ;
#1869 = EDGE_LOOP ( 'NONE', ( #3250, #4160, #7889, #6734, #8496 ) ) ;
#1868 = SURFACE_STYLE_USAGE ( .BOTH. , #9480 ) ;
#1870 = ORIENTED_EDGE ( 'NONE', *, *, #2536, .F. ) ;
#1871 =( NAMED_UNIT ( * ) SI_UNIT ( $, .STERADIAN. ) SOLID_ANGLE_UNIT ( ) );
#1872 = VECTOR ( 'NONE', #10715, 1000.000000000000000 ) ;
#1873 = LINE ( 'NONE', #8605, #6706 ) ;
#1874 = FACE_OUTER_BOUND ( 'NONE', #10983, .T. ) ;
#1875 = DIRECTION ( 'NONE',  ( 0.000000000000000000, 1.000000000000000000, -0.000000000000000000 ) ) ;
#1876 = AXIS2_PLACEMENT_3D ( 'NONE', #7931, #2659, #5425 ) ;
#1877 = ORIENTED_EDGE ( 'NONE', *, *, #3551, .F. ) ;
#1879 = DIRECTION ( 'NONE',  ( -5.825563911862536913E-15, 0.000000000000000000, -1.000000000000000000 ) ) ;
#1878 = FACE_OUTER_BOUND ( 'NONE', #5274, .T. ) ;
#1880 = EDGE_CURVE ( 'NONE', #4602, #8929, #7697, .T. ) ;
#1881 = DIRECTION ( 'NONE',  ( 2.344220913482196012E-15, 0.000000000000000000, 1.000000000000000000 ) ) ;
#1882 = CARTESIAN_POINT ( 'NONE',  ( 2.499999999999967581, 0.2000000000000000111, -0.6250000000000015543 ) ) ;
#1883 = ORIENTED_EDGE ( 'NONE', *, *, #10227, .T. ) ;
#1884 = VECTOR ( 'NONE', #8095, 1000.000000000000000 ) ;
#1885 = LINE ( 'NONE', #3657, #6905 ) ;
#1886 = CARTESIAN_POINT ( 'NONE',  ( 2.500000000000000000, 0.04999999999999969746, -1.625000000000000222 ) ) ;
#1887 = ORIENTED_EDGE ( 'NONE', *, *, #4234, .F. ) ;
#1888 = ORIENTED_EDGE ( 'NONE', *, *, #5911, .F. ) ;
#1889 = VERTEX_POINT ( 'NONE', #8424 ) ;
#1890 = LINE ( 'NONE', #10335, #2124 ) ;
#1891 = VERTEX_POINT ( 'NONE', #4418 ) ;
#1892 = CLOSED_SHELL ( 'NONE', ( #9528, #9888, #6971, #8651, #1537, #10422, #904, #831, #4930, #9999 ) ) ;
#1893 = AXIS2_PLACEMENT_3D ( 'NONE', #8828, #9599, #6040 ) ;
#1894 = CARTESIAN_POINT ( 'NONE',  ( 1.374999999999999334, 0.2000000000000000111, -2.100000000000030731 ) ) ;
#1895 = FACE_OUTER_BOUND ( 'NONE', #217, .T. ) ;
#1896 = LINE ( 'NONE', #6294, #1158 ) ;
#1897 = ORIENTED_EDGE ( 'NONE', *, *, #5251, .F. ) ;
#1898 = VECTOR ( 'NONE', #8558, 1000.000000000000000 ) ;
#1899 = ORIENTED_EDGE ( 'NONE', *, *, #7293, .T. ) ;
#1900 = CARTESIAN_POINT ( 'NONE',  ( -2.099999999999988098, 0.2000000000000000111, -1.375000000000001332 ) ) ;
#1901 =( NAMED_UNIT ( * ) PLANE_ANGLE_UNIT ( ) SI_UNIT ( $, .RADIAN. ) );
#1902 = DIRECTION ( 'NONE',  ( 0.000000000000000000, -0.000000000000000000, 1.000000000000000000 ) ) ;
#1903 = DIRECTION ( 'NONE',  ( -0.000000000000000000, -1.000000000000000000, -0.000000000000000000 ) ) ;
#1904 =( GEOMETRIC_REPRESENTATION_CONTEXT ( 3 ) GLOBAL_UNCERTAINTY_ASSIGNED_CONTEXT ( ( #7597 ) ) GLOBAL_UNIT_ASSIGNED_CONTEXT ( ( #7176, #6019, #1742 ) ) REPRESENTATION_CONTEXT ( 'NONE', 'WORKASPACE' ) );
#1905 = FACE_OUTER_BOUND ( 'NONE', #7393, .T. ) ;
#1906 = VECTOR ( 'NONE', #5625, 1000.000000000000000 ) ;
#1907 = VECTOR ( 'NONE', #7902, 1000.000000000000000 ) ;
#1908 = AXIS2_PLACEMENT_3D ( 'NONE', #1345, #6367, #8237 ) ;
#1910 = EDGE_LOOP ( 'NONE', ( #8079, #2971, #1163, #9624 ) ) ;
#1909 = LINE ( 'NONE', #2800, #9077 ) ;
#1911 = VECTOR ( 'NONE', #5292, 1000.000000000000000 ) ;
#1912 = DIRECTION ( 'NONE',  ( -1.000000000000000000, 0.000000000000000000, 1.439820485060763520E-13 ) ) ;
#1913 =( LENGTH_UNIT ( ) NAMED_UNIT ( * ) SI_UNIT ( .MILLI., .METRE. ) );
#1914 = CARTESIAN_POINT ( 'NONE',  ( -2.499999999999970246, 0.2000000000000000111, 0.3750000000000031641 ) ) ;
#1915 = AXIS2_PLACEMENT_3D ( 'NONE', #1282, #1393, #2109 ) ;
#1916 = VERTEX_POINT ( 'NONE', #927 ) ;
#1917 = LINE ( 'NONE', #75, #2299 ) ;
#1919 = DIRECTION ( 'NONE',  ( 1.000000000000000000, 0.000000000000000000, 2.949029909160572061E-14 ) ) ;
#1918 = DIRECTION ( 'NONE',  ( 2.949029909160572061E-14, 0.000000000000000000, -1.000000000000000000 ) ) ;
#1920 = EDGE_CURVE ( 'NONE', #6844, #9583, #73, .T. ) ;
#1921 = ADVANCED_FACE ( 'NONE', ( #133 ), #2579, .F. ) ;
#1922 = VERTEX_POINT ( 'NONE', #9426 ) ;
#1923 = VECTOR ( 'NONE', #7807, 1000.000000000000000 ) ;
#1924 = ORIENTED_EDGE ( 'NONE', *, *, #427, .F. ) ;
#1925 = ADVANCED_FACE ( 'NONE', ( #8593 ), #6080, .F. ) ;
#1926 = VECTOR ( 'NONE', #8143, 1000.000000000000000 ) ;
#1927 = VECTOR ( 'NONE', #1368, 1000.000000000000000 ) ;
#1929 = ORIENTED_EDGE ( 'NONE', *, *, #4657, .T. ) ;
#1928 = PLANE ( 'NONE',  #3561 ) ;
#1930 = EDGE_LOOP ( 'NONE', ( #5384, #7147, #5299, #3714 ) ) ;
#1931 = EDGE_CURVE ( 'NONE', #816, #4507, #969, .T. ) ;
#1932 = DIRECTION ( 'NONE',  ( -0.000000000000000000, 1.000000000000000000, 0.000000000000000000 ) ) ;
#1933 = DIRECTION ( 'NONE',  ( -0.000000000000000000, 0.000000000000000000, 1.000000000000000000 ) ) ;
#1934 = CARTESIAN_POINT ( 'NONE',  ( 1.374999999999999334, 0.000000000000000000, -2.100000000000030731 ) ) ;
#1935 = CARTESIAN_POINT ( 'NONE',  ( -2.499999999999983125, 0.2000000000000000111, -0.8749999999999968914 ) ) ;
#1936 = VECTOR ( 'NONE', #1520, 1000.000000000000000 ) ;
#1937 = ORIENTED_EDGE ( 'NONE', *, *, #7444, .T. ) ;
#1938 = ADVANCED_FACE ( 'NONE', ( #5081 ), #5240, .F. ) ;
#1940 = CARTESIAN_POINT ( 'NONE',  ( 2.499999999999969802, 0.04999999999999999584, -1.375000000000001332 ) ) ;
#1939 = DIRECTION ( 'NONE',  ( -1.000000000000000000, 0.000000000000000000, -2.775557561562891351E-14 ) ) ;
#1941 = EDGE_CURVE ( 'NONE', #4597, #3493, #2530, .T. ) ;
#1942 = LINE ( 'NONE', #5324, #8068 ) ;
#1943 = ADVANCED_FACE ( 'NONE', ( #7910 ), #2805, .F. ) ;
#1944 = VECTOR ( 'NONE', #9918, 1000.000000000000000 ) ;
#1945 = CYLINDRICAL_SURFACE ( 'NONE', #1876, 0.2500000000000000000 ) ;
#1946 = ORIENTED_EDGE ( 'NONE', *, *, #4526, .T. ) ;
#1947 = PRESENTATION_LAYER_ASSIGNMENT (  '', '', ( #3713 ) ) ;
#1948 = DIRECTION ( 'NONE',  ( -1.000000000000000000, 0.000000000000000000, 3.794707603699675727E-15 ) ) ;
#1949 = DIRECTION ( 'NONE',  ( -1.000000000000000000, 0.000000000000000000, 3.794707603699675727E-15 ) ) ;
#1950 = EDGE_LOOP ( 'NONE', ( #3069, #1388, #4652, #5641 ) ) ;
#1951 = EDGE_LOOP ( 'NONE', ( #4917, #341, #1529, #1883, #54, #9000, #4950, #10113, #4269, #6863, #9272, #1987, #10034, #1123, #8682, #5822, #9072, #10546, #10014, #2104, #7501, #565, #3758, #2872, #4451, #6956, #7911, #8001, #5334, #10256, #172, #528, #6233, #4001, #5381, #1924 ) ) ;
#1952 = VERTEX_POINT ( 'NONE', #1137 ) ;
#1953 = LINE ( 'NONE', #171, #6927 ) ;
#1954 = EDGE_LOOP ( 'NONE', ( #594, #279, #652, #3380 ) ) ;
#1955 = FILL_AREA_STYLE_COLOUR ( '', #3728 ) ;
#1956 = DIRECTION ( 'NONE',  ( -1.000000000000000000, 0.000000000000000000, 1.040834085586083468E-14 ) ) ;
#1957 = CARTESIAN_POINT ( 'NONE',  ( -0.1250000000000014710, 0.04999999999999999584, 2.099999999999985878 ) ) ;
#1958 = DIRECTION ( 'NONE',  ( 0.000000000000000000, -1.000000000000000000, 0.000000000000000000 ) ) ;
#1959 = ORIENTED_EDGE ( 'NONE', *, *, #7375, .T. ) ;
#1960 = ORIENTED_EDGE ( 'NONE', *, *, #1476, .T. ) ;
#1961 = ORIENTED_EDGE ( 'NONE', *, *, #436, .T. ) ;
#1962 = ORIENTED_EDGE ( 'NONE', *, *, #4176, .T. ) ;
#1963 = LINE ( 'NONE', #1841, #4178 ) ;
#1964 = PLANE ( 'NONE',  #9923 ) ;
#1965 = LINE ( 'NONE', #7960, #2623 ) ;
#1966 = CARTESIAN_POINT ( 'NONE',  ( -2.499999999999985789, 0.2000000000000000111, -1.124999999999996891 ) ) ;
#1967 = DIRECTION ( 'NONE',  ( 1.000000000000000000, 0.000000000000000000, -1.002887009549091444E-14 ) ) ;
#1968 = VECTOR ( 'NONE', #8541, 1000.000000000000000 ) ;
#1970 = VERTEX_POINT ( 'NONE', #1973 ) ;
#1969 = CARTESIAN_POINT ( 'NONE',  ( 2.100000000000005418, 0.2000000000000000111, -1.125000000000000000 ) ) ;
#1971 = AXIS2_PLACEMENT_3D ( 'NONE', #5875, #4933, #818 ) ;
#1972 = DIRECTION ( 'NONE',  ( -4.065758146821081023E-15, 0.000000000000000000, -1.000000000000000000 ) ) ;
#1973 = CARTESIAN_POINT ( 'NONE',  ( 2.100000000000005418, 0.2000000000000000111, -1.125000000000000000 ) ) ;
#1974 = ORIENTED_EDGE ( 'NONE', *, *, #4246, .F. ) ;
#1975 = LINE ( 'NONE', #6030, #3332 ) ;
#1977 = DIRECTION ( 'NONE',  ( -0.000000000000000000, -1.000000000000000000, -0.000000000000000000 ) ) ;
#1976 = DIRECTION ( 'NONE',  ( 1.035655806553459206E-14, 0.000000000000000000, 1.000000000000000000 ) ) ;
#1978 = ORIENTED_EDGE ( 'NONE', *, *, #2477, .T. ) ;
#1979 = ORIENTED_EDGE ( 'NONE', *, *, #9070, .T. ) ;
#1980 = EDGE_LOOP ( 'NONE', ( #4087, #8281, #616, #10590 ) ) ;
#1981 = ORIENTED_EDGE ( 'NONE', *, *, #2741, .F. ) ;
#1982 = CARTESIAN_POINT ( 'NONE',  ( 2.099999999999984990, 0.000000000000000000, 0.1250000000000024702 ) ) ;
#1983 = ADVANCED_FACE ( 'NONE', ( #6202 ), #4471, .F. ) ;
#1984 = LINE ( 'NONE', #5316, #4204 ) ;
#1985 = CARTESIAN_POINT ( 'NONE',  ( -1.125000000000001332, 0.2000000000000000111, 2.099999999999996536 ) ) ;
#1986 = LINE ( 'NONE', #8778, #9721 ) ;
#1987 = ORIENTED_EDGE ( 'NONE', *, *, #6831, .T. ) ;
#1989 = CARTESIAN_POINT ( 'NONE',  ( 2.499999999999972911, 0.2000000000000000111, -0.1250000000000014988 ) ) ;
#1988 = PLANE ( 'NONE',  #5296 ) ;
#1990 = EDGE_CURVE ( 'NONE', #1922, #2933, #9745, .T. ) ;
#1991 = PLANE ( 'NONE',  #3275 ) ;
#1992 = DIRECTION ( 'NONE',  ( -1.000000000000000000, 0.000000000000000000, -2.949029909160572061E-14 ) ) ;
#1993 = ADVANCED_FACE ( 'NONE', ( #6434 ), #1296, .F. ) ;
#1994 = PLANE ( 'NONE',  #8310 ) ;
#1995 = EDGE_CURVE ( 'NONE', #7236, #6812, #8922, .T. ) ;
#1996 = LINE ( 'NONE', #7878, #9965 ) ;
#1997 = EDGE_CURVE ( 'NONE', #8063, #10087, #5126, .T. ) ;
#1998 = VERTEX_POINT ( 'NONE', #7195 ) ;
#1999 = ORIENTED_EDGE ( 'NONE', *, *, #4176, .F. ) ;
#2000 = DIRECTION ( 'NONE',  ( 1.000000000000000000, -0.000000000000000000, -4.065758146821081023E-15 ) ) ;
#2001 = VERTEX_POINT ( 'NONE', #2073 ) ;
#2002 = DIRECTION ( 'NONE',  ( 6.472848790956864884E-16, 0.000000000000000000, 1.000000000000000000 ) ) ;
#2003 = DIRECTION ( 'NONE',  ( 1.000000000000000000, 0.000000000000000000, 2.344220913482196012E-15 ) ) ;
#2004 = CARTESIAN_POINT ( 'NONE',  ( -0.6249999999999926725, 0.05000000000000000278, 2.371692252312269325E-15 ) ) ;
#2005 = ORIENTED_EDGE ( 'NONE', *, *, #3222, .F. ) ;
#2006 = EDGE_LOOP ( 'NONE', ( #2822, #4427, #7527, #357 ) ) ;
#2007 = EDGE_CURVE ( 'NONE', #10086, #3643, #4636, .T. ) ;
#2008 = EDGE_CURVE ( 'NONE', #9351, #4970, #10470, .T. ) ;
#2009 = ORIENTED_EDGE ( 'NONE', *, *, #6502, .F. ) ;
#2010 = ORIENTED_EDGE ( 'NONE', *, *, #368, .F. ) ;
#2011 = PLANE ( 'NONE',  #5089 ) ;
#2012 = DIRECTION ( 'NONE',  ( 0.000000000000000000, 0.000000000000000000, 1.000000000000000000 ) ) ;
#2013 = LINE ( 'NONE', #6117, #2970 ) ;
#2014 = DIRECTION ( 'NONE',  ( 0.000000000000000000, -1.000000000000000000, 0.000000000000000000 ) ) ;
#2015 = EDGE_CURVE ( 'NONE', #8418, #950, #3023, .T. ) ;
#2016 = FACE_OUTER_BOUND ( 'NONE', #9791, .T. ) ;
#2018 = ORIENTED_EDGE ( 'NONE', *, *, #10823, .T. ) ;
#2017 = CARTESIAN_POINT ( 'NONE',  ( 2.499999999999985345, 0.2000000000000000111, 0.1249999999999985151 ) ) ;
#2019 = DIRECTION ( 'NONE',  ( -1.000000000000000000, 0.000000000000000000, -2.949029909160572061E-14 ) ) ;
#2020 = PLANE ( 'NONE',  #4245 ) ;
#2021 = ORIENTED_EDGE ( 'NONE', *, *, #5442, .T. ) ;
#2022 = LINE ( 'NONE', #1860, #10106 ) ;
#2024 = FACE_OUTER_BOUND ( 'NONE', #6518, .T. ) ;
#2023 = CARTESIAN_POINT ( 'NONE',  ( 0.6250000000000025535, 0.2000000000000000111, 2.499999999999968470 ) ) ;
#2025 = ORIENTED_EDGE ( 'NONE', *, *, #1169, .F. ) ;
#2026 = VERTEX_POINT ( 'NONE', #10638 ) ;
#2028 = ORIENTED_EDGE ( 'NONE', *, *, #1125, .T. ) ;
#2027 =( LENGTH_UNIT ( ) NAMED_UNIT ( * ) SI_UNIT ( .MILLI., .METRE. ) );
#2029 = VERTEX_POINT ( 'NONE', #7032 ) ;
#2030 = CARTESIAN_POINT ( 'NONE',  ( 1.375000000000002442, 0.2000000000000000111, 2.499999999999970246 ) ) ;
#2031 = LINE ( 'NONE', #6323, #4381 ) ;
#2032 = DIRECTION ( 'NONE',  ( 1.000000000000000000, -0.000000000000000000, -1.439820485060763520E-13 ) ) ;
#2033 = LINE ( 'NONE', #424, #7074 ) ;
#2034 = VERTEX_POINT ( 'NONE', #10411 ) ;
#2035 = CARTESIAN_POINT ( 'NONE',  ( 2.499999999999977796, 0.2000000000000000111, 0.3749999999999985012 ) ) ;
#2036 = EDGE_CURVE ( 'NONE', #1306, #1623, #6313, .T. ) ;
#2037 = VECTOR ( 'NONE', #3145, 1000.000000000000000 ) ;
#2038 = LINE ( 'NONE', #8157, #9320 ) ;
#2039 = CARTESIAN_POINT ( 'NONE',  ( -0.6249999999999975575, 0.2000000000000000111, 2.499999999999991562 ) ) ;
#2040 = DIRECTION ( 'NONE',  ( 1.000000000000000000, 0.000000000000000000, -1.439820485060763520E-13 ) ) ;
#2041 = ADVANCED_FACE ( 'NONE', ( #8026 ), #2020, .F. ) ;
#2042 = AXIS2_PLACEMENT_3D ( 'NONE', #9569, #6240, #1120 ) ;
#2043 = DIRECTION ( 'NONE',  ( -0.7071067811865474617, 0.000000000000000000, -0.7071067811865474617 ) ) ;
#2044 = ORIENTED_EDGE ( 'NONE', *, *, #7022, .T. ) ;
#2045 = ORIENTED_EDGE ( 'NONE', *, *, #5643, .F. ) ;
#2046 = DIRECTION ( 'NONE',  ( -1.000000000000000000, -0.000000000000000000, 1.439820485060763520E-13 ) ) ;
#2047 = ORIENTED_EDGE ( 'NONE', *, *, #8318, .T. ) ;
#2049 = CARTESIAN_POINT ( 'NONE',  ( -1.375000000000000444, 0.000000000000000000, -1.675000000000000711 ) ) ;
#2048 = DIRECTION ( 'NONE',  ( 1.000000000000000000, 0.000000000000000000, -1.029992063861228897E-14 ) ) ;
#2050 = CARTESIAN_POINT ( 'NONE',  ( 2.099999999999980105, 0.04999999999999999584, -0.3749999999999975575 ) ) ;
#2051 = LINE ( 'NONE', #8844, #5099 ) ;
#2052 = PLANE ( 'NONE',  #6726 ) ;
#2053 = DIRECTION ( 'NONE',  ( -1.000000000000000000, 0.000000000000000000, 9.893344823930224805E-15 ) ) ;
#2054 = VECTOR ( 'NONE', #5591, 1000.000000000000000 ) ;
#2055 = EDGE_CURVE ( 'NONE', #8342, #9345, #6378, .T. ) ;
#2056 = ORIENTED_EDGE ( 'NONE', *, *, #7907, .T. ) ;
#2057 = EDGE_CURVE ( 'NONE', #4838, #1273, #6257, .T. ) ;
#2058 = ORIENTED_EDGE ( 'NONE', *, *, #3283, .T. ) ;
#2059 = ORIENTED_EDGE ( 'NONE', *, *, #2924, .T. ) ;
#2060 = EDGE_CURVE ( 'NONE', #3079, #7731, #5520, .T. ) ;
#2061 = AXIS2_PLACEMENT_3D ( 'NONE', #5317, #8726, #6217 ) ;
#2062 = DIRECTION ( 'NONE',  ( 1.439820485060763520E-13, -0.000000000000000000, 1.000000000000000000 ) ) ;
#2063 = DIRECTION ( 'NONE',  ( 0.000000000000000000, 1.000000000000000000, 0.000000000000000000 ) ) ;
#2064 = EDGE_CURVE ( 'NONE', #6658, #3316, #4585, .T. ) ;
#2065 = LINE ( 'NONE', #5452, #9550 ) ;
#2066 = DIRECTION ( 'NONE',  ( 0.000000000000000000, -1.000000000000000000, 0.000000000000000000 ) ) ;
#2067 = PLANE ( 'NONE',  #1908 ) ;
#2068 = STYLED_ITEM ( 'NONE', ( #7352 ), #6309 ) ;
#2070 = ORIENTED_EDGE ( 'NONE', *, *, #3612, .T. ) ;
#2069 = CARTESIAN_POINT ( 'NONE',  ( -2.499999999999970246, 0.2000000000000000111, 0.3750000000000031641 ) ) ;
#2071 = CARTESIAN_POINT ( 'NONE',  ( 1.375000000000002442, 0.000000000000000000, 2.499999999999970246 ) ) ;
#2072 = DIRECTION ( 'NONE',  ( -1.000000000000000000, 0.000000000000000000, 1.040834085586083468E-14 ) ) ;
#2073 = CARTESIAN_POINT ( 'NONE',  ( -2.165000000000000036, 0.2000000000000000111, 1.874999999999999556 ) ) ;
#2074 = VECTOR ( 'NONE', #7929, 1000.000000000000114 ) ;
#2075 = PLANE ( 'NONE',  #7592 ) ;
#2077 = PLANE ( 'NONE',  #451 ) ;
#2076 = CARTESIAN_POINT ( 'NONE',  ( 2.099999999999984990, 0.04999999999999999584, 0.1250000000000024702 ) ) ;
#2078 = AXIS2_PLACEMENT_3D ( 'NONE', #1243, #6754, #682 ) ;
#2079 = EDGE_LOOP ( 'NONE', ( #10381, #2489, #5430, #2044 ) ) ;
#2080 = ORIENTED_EDGE ( 'NONE', *, *, #6014, .T. ) ;
#2081 = VECTOR ( 'NONE', #8635, 1000.000000000000000 ) ;
#2082 = ORIENTED_EDGE ( 'NONE', *, *, #10290, .T. ) ;
#2083 = VERTEX_POINT ( 'NONE', #7146 ) ;
#2084 = VECTOR ( 'NONE', #2014, 1000.000000000000000 ) ;
#2085 = PLANE ( 'NONE',  #10938 ) ;
#2086 = VECTOR ( 'NONE', #3393, 1000.000000000000000 ) ;
#2087 = CARTESIAN_POINT ( 'NONE',  ( -2.499999999999983125, 0.2000000000000000111, -0.8749999999999968914 ) ) ;
#2088 = LINE ( 'NONE', #6394, #2633 ) ;
#2089 = EDGE_LOOP ( 'NONE', ( #3928, #9291, #10060, #4006 ) ) ;
#2090 = CARTESIAN_POINT ( 'NONE',  ( 2.499999999999969802, 0.2000000000000000111, -1.375000000000001332 ) ) ;
#2091 = DIRECTION ( 'NONE',  ( -1.000000000000000000, 0.000000000000000000, 0.000000000000000000 ) ) ;
#2092 = VECTOR ( 'NONE', #4359, 1000.000000000000000 ) ;
#2093 = DIRECTION ( 'NONE',  ( -0.000000000000000000, -1.000000000000000000, -0.000000000000000000 ) ) ;
#2094 = CIRCLE ( 'NONE', #4767, 0.1499999999999999667 ) ;
#2095 = VECTOR ( 'NONE', #2040, 1000.000000000000000 ) ;
#2096 = CARTESIAN_POINT ( 'NONE',  ( 2.100000000000000089, 0.2000000000000000111, -1.809999999999998055 ) ) ;
#2097 = VECTOR ( 'NONE', #6291, 1000.000000000000000 ) ;
#2098 = LINE ( 'NONE', #7832, #8733 ) ;
#2099 = VERTEX_POINT ( 'NONE', #10521 ) ;
#2100 = ORIENTED_EDGE ( 'NONE', *, *, #3705, .T. ) ;
#2101 = CARTESIAN_POINT ( 'NONE',  ( 2.165000000000000924, 0.000000000000000000, 1.875000000000000666 ) ) ;
#2102 = LINE ( 'NONE', #8897, #5160 ) ;
#2103 = AXIS2_PLACEMENT_3D ( 'NONE', #6190, #5233, #9515 ) ;
#2104 = ORIENTED_EDGE ( 'NONE', *, *, #1593, .T. ) ;
#2105 = CIRCLE ( 'NONE', #7256, 0.1499999999999999667 ) ;
#2106 = PRESENTATION_STYLE_ASSIGNMENT (( #9711 ) ) ;
#2107 = CARTESIAN_POINT ( 'NONE',  ( 1.125000000000002442, 0.2000000000000000111, 2.499999999999963141 ) ) ;
#2108 = CARTESIAN_POINT ( 'NONE',  ( 0.000000000000000000, 0.2000000000000000111, 0.000000000000000000 ) ) ;
#2109 = DIRECTION ( 'NONE',  ( 1.000000000000000000, 0.000000000000000000, -1.084202172485504276E-14 ) ) ;
#2110 = LINE ( 'NONE', #2004, #9158 ) ;
#2111 = PRESENTATION_LAYER_ASSIGNMENT (  '', '', ( #4954 ) ) ;
#2112 = ORIENTED_EDGE ( 'NONE', *, *, #3283, .F. ) ;
#2113 = VERTEX_POINT ( 'NONE', #2907 ) ;
#2114 = VERTEX_POINT ( 'NONE', #9680 ) ;
#2115 = VERTEX_POINT ( 'NONE', #3121 ) ;
#2116 = LINE ( 'NONE', #8123, #3309 ) ;
#2117 = ADVANCED_FACE ( 'NONE', ( #3296 ), #5622, .F. ) ;
#2118 = LINE ( 'NONE', #2227, #10465 ) ;
#2119 = FACE_OUTER_BOUND ( 'NONE', #10890, .T. ) ;
#2120 = CARTESIAN_POINT ( 'NONE',  ( 2.099999999999980105, 0.000000000000000000, -0.3749999999999975575 ) ) ;
#2121 = EDGE_CURVE ( 'NONE', #10067, #4911, #7407, .T. ) ;
#2122 = EDGE_CURVE ( 'NONE', #3394, #8230, #9848, .T. ) ;
#2123 = DIRECTION ( 'NONE',  ( 3.930232875260377980E-15, -0.000000000000000000, 1.000000000000000000 ) ) ;
#2124 = VECTOR ( 'NONE', #6105, 1000.000000000000000 ) ;
#2125 = VECTOR ( 'NONE', #4721, 1000.000000000000000 ) ;
#2126 = ADVANCED_FACE ( 'NONE', ( #9795 ), #8246, .F. ) ;
#2127 = EDGE_CURVE ( 'NONE', #8594, #1463, #9142, .T. ) ;
#2129 = EDGE_LOOP ( 'NONE', ( #4005, #2310, #7706, #4869 ) ) ;
#2128 = DIRECTION ( 'NONE',  ( 1.040834085586084257E-14, 0.000000000000000000, 1.000000000000000000 ) ) ;
#2130 = EDGE_CURVE ( 'NONE', #7485, #6658, #9034, .T. ) ;
#2131 = EDGE_CURVE ( 'NONE', #9, #1287, #7469, .T. ) ;
#2132 = PLANE ( 'NONE',  #1408 ) ;
#2133 = DIRECTION ( 'NONE',  ( 3.930232875260377980E-15, -0.000000000000000000, 1.000000000000000000 ) ) ;
#2134 = CARTESIAN_POINT ( 'NONE',  ( -0.1249999999999974881, 0.2000000000000000111, 2.499999999999986233 ) ) ;
#2135 = PRESENTATION_LAYER_ASSIGNMENT (  '', '', ( #727 ) ) ;
#2136 = DIRECTION ( 'NONE',  ( 1.035655806553459049E-14, -0.000000000000000000, 1.000000000000000000 ) ) ;
#2138 = CARTESIAN_POINT ( 'NONE',  ( 0.6250000000000025535, 0.2000000000000000111, 2.499999999999968470 ) ) ;
#2137 = DIRECTION ( 'NONE',  ( 0.000000000000000000, 0.000000000000000000, 1.000000000000000000 ) ) ;
#2139 = VERTEX_POINT ( 'NONE', #10854 ) ;
#2140 = VERTEX_POINT ( 'NONE', #8303 ) ;
#2141 = VECTOR ( 'NONE', #5940, 1000.000000000000000 ) ;
#2143 = ORIENTED_EDGE ( 'NONE', *, *, #10684, .T. ) ;
#2142 = DIRECTION ( 'NONE',  ( 0.000000000000000000, -0.000000000000000000, -1.000000000000000000 ) ) ;
#2144 = EDGE_LOOP ( 'NONE', ( #1937, #8628, #4863, #2747 ) ) ;
#2145 = FILL_AREA_STYLE ('',( #5481 ) ) ;
#2146 = CARTESIAN_POINT ( 'NONE',  ( -0.1249999999999974881, 0.2000000000000000111, 2.499999999999986233 ) ) ;
#2147 = EDGE_CURVE ( 'NONE', #2029, #1970, #5787, .T. ) ;
#2148 = CARTESIAN_POINT ( 'NONE',  ( 2.100000000000016076, 0.04999999999999999584, -0.1249999999999999167 ) ) ;
#2149 = CARTESIAN_POINT ( 'NONE',  ( -6.166399856011942290E-15, 0.05000000000000000278, -1.624999999999992006 ) ) ;
#2150 = EDGE_LOOP ( 'NONE', ( #7094, #8599, #7892, #3443 ) ) ;
#2151 = LINE ( 'NONE', #6328, #3351 ) ;
#2152 = CARTESIAN_POINT ( 'NONE',  ( -1.125000000000001332, 0.04999999999999999584, 2.099999999999996536 ) ) ;
#2153 = VECTOR ( 'NONE', #7216, 1000.000000000000114 ) ;
#2154 = DIRECTION ( 'NONE',  ( 0.000000000000000000, 1.000000000000000000, 0.000000000000000000 ) ) ;
#2155 = FILL_AREA_STYLE ('',( #6399 ) ) ;
#2156 = CARTESIAN_POINT ( 'NONE',  ( 1.875000000000002442, 0.000000000000000000, 2.499999999999955147 ) ) ;
#2157 = EDGE_LOOP ( 'NONE', ( #10446, #2644, #5356, #703 ) ) ;
#2158 = FACE_OUTER_BOUND ( 'NONE', #4985, .T. ) ;
#2159 = FACE_OUTER_BOUND ( 'NONE', #10203, .T. ) ;
#2160 = ORIENTED_EDGE ( 'NONE', *, *, #10144, .F. ) ;
#2162 = DIRECTION ( 'NONE',  ( 1.000000000000000000, -0.000000000000000000, -1.439820485060763520E-13 ) ) ;
#2161 = DIRECTION ( 'NONE',  ( 1.000000000000000000, 0.000000000000000000, -9.757819552369538328E-15 ) ) ;
#2163 = DIRECTION ( 'NONE',  ( 1.000000000000000000, 0.000000000000000000, -1.439820485060763520E-13 ) ) ;
#2164 = CARTESIAN_POINT ( 'NONE',  ( -1.941854637287710729E-14, 0.05000000000000000278, -1.874999999999975575 ) ) ;
#2165 = CARTESIAN_POINT ( 'NONE',  ( 2.499999999999974687, 0.2000000000000000111, -0.8750000000000015543 ) ) ;
#2166 = LINE ( 'NONE', #8225, #3649 ) ;
#2167 = EDGE_LOOP ( 'NONE', ( #5555, #9780, #6990, #3473 ) ) ;
#2168 = CARTESIAN_POINT ( 'NONE',  ( 0.6250000000000009992, 0.000000000000000000, 2.100000000000011635 ) ) ;
#2169 = ORIENTED_EDGE ( 'NONE', *, *, #7830, .F. ) ;
#2170 = EDGE_LOOP ( 'NONE', ( #7906, #6667, #3585, #6246 ) ) ;
#2171 = VERTEX_POINT ( 'NONE', #4903 ) ;
#2172 = LINE ( 'NONE', #455, #4370 ) ;
#2173 =( LENGTH_UNIT ( ) NAMED_UNIT ( * ) SI_UNIT ( .MILLI., .METRE. ) );
#2174 = DIRECTION ( 'NONE',  ( 1.000000000000000000, 0.000000000000000000, -9.893344823930226383E-15 ) ) ;
#2175 = CARTESIAN_POINT ( 'NONE',  ( -1.125000000000002220, 0.2000000000000000111, -2.499999999999961364 ) ) ;
#2176 = DIRECTION ( 'NONE',  ( 1.439820485060763520E-13, -0.000000000000000000, 1.000000000000000000 ) ) ;
#2178 = VERTEX_POINT ( 'NONE', #691 ) ;
#2177 = PLANE ( 'NONE',  #907 ) ;
#2179 = EDGE_CURVE ( 'NONE', #6166, #2371, #1419, .T. ) ;
#2180 = EDGE_CURVE ( 'NONE', #4621, #9247, #9094, .T. ) ;
#2181 = DIRECTION ( 'NONE',  ( -1.439820485060763520E-13, 0.000000000000000000, -1.000000000000000000 ) ) ;
#2182 = CARTESIAN_POINT ( 'NONE',  ( -1.875000000000002220, 0.000000000000000000, -2.499999999999953815 ) ) ;
#2183 = DIRECTION ( 'NONE',  ( 1.439820485060763520E-13, -0.000000000000000000, 1.000000000000000000 ) ) ;
#2184 = CARTESIAN_POINT ( 'NONE',  ( -2.499999999999975131, 0.2000000000000000111, -0.1249999999999968636 ) ) ;
#2185 = DIRECTION ( 'NONE',  ( 1.000000000000000000, 0.000000000000000000, -2.243176908590699067E-16 ) ) ;
#2186 = EDGE_CURVE ( 'NONE', #3954, #5161, #7354, .T. ) ;
#2188 = CARTESIAN_POINT ( 'NONE',  ( -1.525000000000000133, 0.2000000000000000111, 1.524999999999999245 ) ) ;
#2187 = CARTESIAN_POINT ( 'NONE',  ( -1.375000000000000444, 0.000000000000000000, -1.675000000000000711 ) ) ;
#2189 = ORIENTED_EDGE ( 'NONE', *, *, #7705, .F. ) ;
#2190 = VERTEX_POINT ( 'NONE', #8138 ) ;
#2191 = EDGE_CURVE ( 'NONE', #8787, #6166, #6479, .T. ) ;
#2192 = EDGE_CURVE ( 'NONE', #6452, #7526, #6535, .T. ) ;
#2194 = VERTEX_POINT ( 'NONE', #4743 ) ;
#2193 = DIRECTION ( 'NONE',  ( 0.000000000000000000, -0.000000000000000000, 1.000000000000000000 ) ) ;
#2195 = VERTEX_POINT ( 'NONE', #8364 ) ;
#2196 = DIRECTION ( 'NONE',  ( -1.000000000000000000, 0.000000000000000000, 1.029992063861229055E-14 ) ) ;
#2197 = CARTESIAN_POINT ( 'NONE',  ( -2.499999999999988454, 0.000000000000000000, -1.374999999999996891 ) ) ;
#2198 = PLANE ( 'NONE',  #9557 ) ;
#2199 = EDGE_LOOP ( 'NONE', ( #1480, #8407, #5696, #10336 ) ) ;
#2200 = CARTESIAN_POINT ( 'NONE',  ( -2.499999999999967581, 0.2000000000000000111, 0.6250000000000031086 ) ) ;
#2201 = EDGE_CURVE ( 'NONE', #9247, #10414, #7518, .T. ) ;
#2202 = FACE_OUTER_BOUND ( 'NONE', #9293, .T. ) ;
#2203 = EDGE_CURVE ( 'NONE', #9812, #2703, #6653, .T. ) ;
#2204 = VERTEX_POINT ( 'NONE', #10023 ) ;
#2205 = CARTESIAN_POINT ( 'NONE',  ( 1.125000000000002442, 0.2000000000000000111, 2.499999999999963141 ) ) ;
#2206 = EDGE_CURVE ( 'NONE', #10366, #5919, #748, .T. ) ;
#2207 = DIRECTION ( 'NONE',  ( 1.000000000000000000, 0.000000000000000000, -9.893344823930226383E-15 ) ) ;
#2208 = PLANE ( 'NONE',  #2687 ) ;
#2209 = EDGE_CURVE ( 'NONE', #453, #2839, #10903, .T. ) ;
#2210 = ORIENTED_EDGE ( 'NONE', *, *, #3551, .T. ) ;
#2211 = DIRECTION ( 'NONE',  ( 0.000000000000000000, -0.000000000000000000, 1.000000000000000000 ) ) ;
#2212 = CARTESIAN_POINT ( 'NONE',  ( -1.809999999999999609, 0.2000000000000000111, 2.100000000000001865 ) ) ;
#2213 = VECTOR ( 'NONE', #3041, 1000.000000000000000 ) ;
#2214 = EDGE_LOOP ( 'NONE', ( #3867, #4527, #454, #6089 ) ) ;
#2216 = CARTESIAN_POINT ( 'NONE',  ( 1.875000000000002442, 0.2000000000000000111, 2.499999999999955147 ) ) ;
#2215 = FACE_OUTER_BOUND ( 'NONE', #1642, .T. ) ;
#2217 = FACE_OUTER_BOUND ( 'NONE', #1783, .T. ) ;
#2218 = CARTESIAN_POINT ( 'NONE',  ( 1.809999999999999831, 0.000000000000000000, -2.100000000000000089 ) ) ;
#2219 = DIRECTION ( 'NONE',  ( 0.000000000000000000, -1.000000000000000000, 0.000000000000000000 ) ) ;
#2220 = VERTEX_POINT ( 'NONE', #2686 ) ;
#2221 = VECTOR ( 'NONE', #9590, 1000.000000000000114 ) ;
#2222 = CARTESIAN_POINT ( 'NONE',  ( 2.100000000000020961, 0.000000000000000000, 0.3750000000000000555 ) ) ;
#2223 = ORIENTED_EDGE ( 'NONE', *, *, #362, .F. ) ;
#2224 = ORIENTED_EDGE ( 'NONE', *, *, #10344, .F. ) ;
#2225 = LINE ( 'NONE', #5610, #4727 ) ;
#2226 = AXIS2_PLACEMENT_3D ( 'NONE', #6039, #4373, #7760 ) ;
#2227 = CARTESIAN_POINT ( 'NONE',  ( -0.3749999999999991118, 0.2000000000000000111, 2.100000000000021849 ) ) ;
#2228 = VECTOR ( 'NONE', #50, 1000.000000000000000 ) ;
#2229 = LINE ( 'NONE', #5612, #6537 ) ;
#2230 = LINE ( 'NONE', #2175, #5458 ) ;
#2231 = VERTEX_POINT ( 'NONE', #3359 ) ;
#2232 = DIRECTION ( 'NONE',  ( 0.000000000000000000, -0.000000000000000000, 1.000000000000000000 ) ) ;
#2233 = VECTOR ( 'NONE', #8340, 1000.000000000000000 ) ;
#2235 = ORIENTED_EDGE ( 'NONE', *, *, #7981, .F. ) ;
#2234 = CARTESIAN_POINT ( 'NONE',  ( 0.000000000000000000, 0.000000000000000000, 0.000000000000000000 ) ) ;
#2236 = PRESENTATION_STYLE_ASSIGNMENT (( #4741 ) ) ;
#2237 = FACE_OUTER_BOUND ( 'NONE', #7493, .T. ) ;
#2238 = CARTESIAN_POINT ( 'NONE',  ( 2.100000000000005418, 0.2000000000000000111, -1.125000000000000000 ) ) ;
#2239 = EDGE_CURVE ( 'NONE', #9427, #6151, #795, .T. ) ;
#2240 = LINE ( 'NONE', #7355, #4032 ) ;
#2241 = DIRECTION ( 'NONE',  ( -1.000000000000000000, 0.000000000000000000, -0.000000000000000000 ) ) ;
#2242 = PRESENTATION_LAYER_ASSIGNMENT (  '', '', ( #10585 ) ) ;
#2244 = PLANE ( 'NONE',  #4175 ) ;
#2243 = CARTESIAN_POINT ( 'NONE',  ( -0.3749999999999991118, 0.04999999999999999584, 2.100000000000021849 ) ) ;
#2245 = ORIENTED_EDGE ( 'NONE', *, *, #5390, .T. ) ;
#2246 = ORIENTED_EDGE ( 'NONE', *, *, #842, .F. ) ;
#2247 = EDGE_CURVE ( 'NONE', #1160, #4620, #6761, .T. ) ;
#2248 = ORIENTED_EDGE ( 'NONE', *, *, #6487, .F. ) ;
#2249 = VECTOR ( 'NONE', #4297, 1000.000000000000000 ) ;
#2250 = VERTEX_POINT ( 'NONE', #4552 ) ;
#2251 = VECTOR ( 'NONE', #1496, 1000.000000000000000 ) ;
#2252 = VECTOR ( 'NONE', #10134, 1000.000000000000000 ) ;
#2253 = DIRECTION ( 'NONE',  ( 1.000000000000000000, 0.000000000000000000, -1.439820485060763520E-13 ) ) ;
#2254 = VERTEX_POINT ( 'NONE', #4249 ) ;
#2255 = EDGE_CURVE ( 'NONE', #1504, #9345, #7943, .T. ) ;
#2256 = CARTESIAN_POINT ( 'NONE',  ( 2.499999999999969802, 0.2000000000000000111, -1.375000000000001332 ) ) ;
#2257 = DIRECTION ( 'NONE',  ( -1.000000000000000000, -0.000000000000000000, 1.084202172485504118E-14 ) ) ;
#2258 = UNCERTAINTY_MEASURE_WITH_UNIT (LENGTH_MEASURE( 1.000000000000000082E-05 ), #14, 'distance_accuracy_value', 'NONE');
#2259 = VERTEX_POINT ( 'NONE', #2569 ) ;
#2260 = EDGE_CURVE ( 'NONE', #4208, #7658, #10456, .T. ) ;
#2261 = AXIS2_PLACEMENT_3D ( 'NONE', #3564, #1956, #5341 ) ;
#2262 = AXIS2_PLACEMENT_3D ( 'NONE', #8913, #4009, #3112 ) ;
#2263 = EDGE_CURVE ( 'NONE', #1889, #9051, #10132, .T. ) ;
#2264 = VECTOR ( 'NONE', #8713, 1000.000000000000000 ) ;
#2265 = VECTOR ( 'NONE', #4884, 1000.000000000000000 ) ;
#2266 = PLANE ( 'NONE',  #9554 ) ;
#2267 = EDGE_CURVE ( 'NONE', #1321, #5047, #5847, .T. ) ;
#2268 = DIRECTION ( 'NONE',  ( 0.7071067811865500152, -0.000000000000000000, 0.7071067811865451302 ) ) ;
#2269 = DIRECTION ( 'NONE',  ( -1.000000000000000000, -0.000000000000000000, 1.457167719820531843E-13 ) ) ;
#2270 = PLANE ( 'NONE',  #9021 ) ;
#2271 = LINE ( 'NONE', #8437, #10656 ) ;
#2272 = EDGE_CURVE ( 'NONE', #5806, #1160, #1800, .T. ) ;
#2273 = AXIS2_PLACEMENT_3D ( 'NONE', #3712, #7160, #8886 ) ;
#2274 = EDGE_LOOP ( 'NONE', ( #10467, #4117, #5333, #3671 ) ) ;
#2275 = EDGE_CURVE ( 'NONE', #4829, #4866, #8634, .T. ) ;
#2277 = PLANE ( 'NONE',  #10819 ) ;
#2276 = PLANE ( 'NONE',  #6381 ) ;
#2278 = CARTESIAN_POINT ( 'NONE',  ( -2.499999999999975131, 0.000000000000000000, -0.1249999999999968636 ) ) ;
#2279 = VECTOR ( 'NONE', #10568, 1000.000000000000000 ) ;
#2280 = CARTESIAN_POINT ( 'NONE',  ( 2.099999999999974776, 0.2000000000000000111, -0.8749999999999975575 ) ) ;
#2281 = AXIS2_PLACEMENT_3D ( 'NONE', #512, #3901, #7720 ) ;
#2282 = DIRECTION ( 'NONE',  ( -1.000000000000000000, 0.000000000000000000, 6.472848790956864884E-16 ) ) ;
#2283 = VERTEX_POINT ( 'NONE', #64 ) ;
#2284 = VECTOR ( 'NONE', #5133, 1000.000000000000000 ) ;
#2285 = FACE_OUTER_BOUND ( 'NONE', #3420, .T. ) ;
#2286 = VECTOR ( 'NONE', #9199, 1000.000000000000000 ) ;
#2287 = ORIENTED_EDGE ( 'NONE', *, *, #292, .T. ) ;
#2288 = AXIS2_PLACEMENT_3D ( 'NONE', #1602, #7483, #3377 ) ;
#2289 = EDGE_LOOP ( 'NONE', ( #7089, #7056, #4202, #10103 ) ) ;
#2290 = EDGE_LOOP ( 'NONE', ( #7033, #3530, #7693, #6868 ) ) ;
#2291 = DIRECTION ( 'NONE',  ( 0.000000000000000000, -0.000000000000000000, 1.000000000000000000 ) ) ;
#2292 = ADVANCED_FACE ( 'NONE', ( #5957 ), #3454, .T. ) ;
#2293 = CARTESIAN_POINT ( 'NONE',  ( -1.809999999999999609, 0.000000000000000000, 2.100000000000001865 ) ) ;
#2294 = VECTOR ( 'NONE', #8578, 1000.000000000000000 ) ;
#2295 = LINE ( 'NONE', #9960, #1564 ) ;
#2296 = DIRECTION ( 'NONE',  ( 1.000000000000000000, 0.000000000000000000, -9.757819552369538328E-15 ) ) ;
#2297 = ORIENTED_EDGE ( 'NONE', *, *, #3902, .T. ) ;
#2298 = CARTESIAN_POINT ( 'NONE',  ( -2.099999999999962341, 0.04999999999999999584, 1.124999999999998890 ) ) ;
#2299 = VECTOR ( 'NONE', #2699, 1000.000000000000000 ) ;
#2300 = COLOUR_RGB ( '',0.7921568627450980005, 0.8196078431372548767, 0.9333333333333333481 ) ;
#2302 = ORIENTED_EDGE ( 'NONE', *, *, #9113, .F. ) ;
#2301 = LINE ( 'NONE', #53, #4628 ) ;
#2303 = DIRECTION ( 'NONE',  ( 0.000000000000000000, 1.000000000000000000, -0.000000000000000000 ) ) ;
#2304 = CARTESIAN_POINT ( 'NONE',  ( 2.500000000000000000, 0.04999999999999969746, 2.500000000000000000 ) ) ;
#2305 = DIRECTION ( 'NONE',  ( -3.794707603699675727E-15, -0.000000000000000000, -1.000000000000000000 ) ) ;
#2306 = DIRECTION ( 'NONE',  ( 2.949029909160572061E-14, 0.000000000000000000, -1.000000000000000000 ) ) ;
#2307 = FACE_OUTER_BOUND ( 'NONE', #5859, .T. ) ;
#2309 = DIRECTION ( 'NONE',  ( 9.757819552369538328E-15, 0.000000000000000000, 1.000000000000000000 ) ) ;
#2308 = CARTESIAN_POINT ( 'NONE',  ( -1.125000000000002220, 0.000000000000000000, -2.499999999999961364 ) ) ;
#2310 = ORIENTED_EDGE ( 'NONE', *, *, #1382, .F. ) ;
#2311 = ORIENTED_EDGE ( 'NONE', *, *, #2607, .F. ) ;
#2313 = ORIENTED_EDGE ( 'NONE', *, *, #4331, .T. ) ;
#2312 = DIRECTION ( 'NONE',  ( 9.893344823930226383E-15, -0.000000000000000000, 1.000000000000000000 ) ) ;
#2314 = EDGE_LOOP ( 'NONE', ( #5853, #2160, #9275, #8295 ) ) ;
#2315 = FACE_OUTER_BOUND ( 'NONE', #8261, .T. ) ;
#2316 = LINE ( 'NONE', #4034, #5462 ) ;
#2317 = ORIENTED_EDGE ( 'NONE', *, *, #2869, .F. ) ;
#2318 = PLANE ( 'NONE',  #4768 ) ;
#2319 = DIRECTION ( 'NONE',  ( -9.893344823930224805E-15, 0.000000000000000000, -1.000000000000000000 ) ) ;
#2320 = AXIS2_PLACEMENT_3D ( 'NONE', #10926, #3217, #2436 ) ;
#2321 = EDGE_LOOP ( 'NONE', ( #6710, #3693, #6883, #9720 ) ) ;
#2322 = VECTOR ( 'NONE', #5619, 1000.000000000000000 ) ;
#2323 = EDGE_CURVE ( 'NONE', #1810, #6659, #913, .T. ) ;
#2324 = DIRECTION ( 'NONE',  ( 1.439820485060763520E-13, -0.000000000000000000, 1.000000000000000000 ) ) ;
#2325 = LINE ( 'NONE', #7439, #10673 ) ;
#2326 = LINE ( 'NONE', #5706, #1872 ) ;
#2327 = EDGE_CURVE ( 'NONE', #5026, #10211, #6020, .T. ) ;
#2328 = CARTESIAN_POINT ( 'NONE',  ( 0.8750000000000025535, 0.2000000000000000111, 2.499999999999975575 ) ) ;
#2329 = EDGE_CURVE ( 'NONE', #4222, #2348, #5900, .T. ) ;
#2330 = CARTESIAN_POINT ( 'NONE',  ( -1.125000000000002220, 0.2000000000000000111, -2.499999999999961364 ) ) ;
#2331 = VECTOR ( 'NONE', #2927, 1000.000000000000000 ) ;
#2332 = ORIENTED_EDGE ( 'NONE', *, *, #2239, .F. ) ;
#2334 = DIRECTION ( 'NONE',  ( 1.000000000000000000, 0.000000000000000000, -6.472848790956864884E-16 ) ) ;
#2333 = DIRECTION ( 'NONE',  ( -0.7071067811865474617, 0.000000000000000000, 0.7071067811865474617 ) ) ;
#2335 = CARTESIAN_POINT ( 'NONE',  ( -2.099999999999962341, 0.2000000000000000111, 1.124999999999998890 ) ) ;
#2336 = CARTESIAN_POINT ( 'NONE',  ( -2.499999999999972911, 0.2000000000000000111, 0.1250000000000031364 ) ) ;
#2337 = CARTESIAN_POINT ( 'NONE',  ( -2.499999999999962252, 0.2000000000000000111, 1.125000000000003109 ) ) ;
#2338 = ADVANCED_FACE ( 'NONE', ( #8470 ), #2632, .T. ) ;
#2339 = EDGE_CURVE ( 'NONE', #5974, #6308, #856, .T. ) ;
#2340 = VERTEX_POINT ( 'NONE', #7639 ) ;
#2341 = ADVANCED_FACE ( 'NONE', ( #121 ), #3516, .T. ) ;
#2342 = VECTOR ( 'NONE', #4533, 1000.000000000000000 ) ;
#2343 = EDGE_CURVE ( 'NONE', #2178, #1111, #10303, .T. ) ;
#2344 = ADVANCED_FACE ( 'NONE', ( #9251 ), #1636, .T. ) ;
#2345 = CARTESIAN_POINT ( 'NONE',  ( -1.874999999999999556, 0.2000000000000000111, 2.165000000000001812 ) ) ;
#2346 = ADVANCED_FACE ( 'NONE', ( #7128 ), #1328, .F. ) ;
#2347 = ORIENTED_EDGE ( 'NONE', *, *, #977, .T. ) ;
#2348 = VERTEX_POINT ( 'NONE', #3828 ) ;
#2349 = VERTEX_POINT ( 'NONE', #3779 ) ;
#2350 = CARTESIAN_POINT ( 'NONE',  ( -1.675000000000000044, 0.04999999999999999584, 1.524999999999998135 ) ) ;
#2351 =( NAMED_UNIT ( * ) PLANE_ANGLE_UNIT ( ) SI_UNIT ( $, .RADIAN. ) );
#2352 = DIRECTION ( 'NONE',  ( -0.000000000000000000, -1.000000000000000000, -0.000000000000000000 ) ) ;
#2353 = LINE ( 'NONE', #1573, #3341 ) ;
#2354 = ORIENTED_EDGE ( 'NONE', *, *, #6703, .T. ) ;
#2355 = DIRECTION ( 'NONE',  ( -0.000000000000000000, -1.000000000000000000, -0.000000000000000000 ) ) ;
#2356 = EDGE_CURVE ( 'NONE', #2667, #334, #9659, .T. ) ;
#2357 = EDGE_CURVE ( 'NONE', #6086, #278, #9773, .T. ) ;
#2359 = ORIENTED_EDGE ( 'NONE', *, *, #3961, .F. ) ;
#2358 = CARTESIAN_POINT ( 'NONE',  ( -1.375000000000002220, 0.2000000000000000111, -2.499999999999968914 ) ) ;
#2360 = DIRECTION ( 'NONE',  ( 0.000000000000000000, 0.000000000000000000, 1.000000000000000000 ) ) ;
#2361 = LINE ( 'NONE', #2304, #4205 ) ;
#2362 = EDGE_CURVE ( 'NONE', #4597, #105, #2936, .T. ) ;
#2363 = DIRECTION ( 'NONE',  ( 0.000000000000000000, -1.000000000000000000, 0.000000000000000000 ) ) ;
#2364 = LINE ( 'NONE', #4746, #5975 ) ;
#2365 = FACE_OUTER_BOUND ( 'NONE', #4389, .T. ) ;
#2367 = LINE ( 'NONE', #7522, #457 ) ;
#2366 = DIRECTION ( 'NONE',  ( 1.000000000000000000, 0.000000000000000000, -9.757819552369538328E-15 ) ) ;
#2368 = VERTEX_POINT ( 'NONE', #2107 ) ;
#2369 = EDGE_LOOP ( 'NONE', ( #9936, #1429, #1764, #6798 ) ) ;
#2370 = EDGE_LOOP ( 'NONE', ( #5397, #7986, #4647, #3118, #578 ) ) ;
#2371 = VERTEX_POINT ( 'NONE', #2050 ) ;
#2372 = PRESENTATION_STYLE_ASSIGNMENT (( #3417 ) ) ;
#2373 = CARTESIAN_POINT ( 'NONE',  ( 1.625000000000001110, 0.2000000000000000111, 2.100000000000000533 ) ) ;
#2374 = VERTEX_POINT ( 'NONE', #9713 ) ;
#2375 = CARTESIAN_POINT ( 'NONE',  ( -2.099999999999957012, 0.2000000000000000111, 1.624999999999998890 ) ) ;
#2376 = DIRECTION ( 'NONE',  ( -9.825582188149882355E-15, 0.000000000000000000, -1.000000000000000000 ) ) ;
#2377 = ORIENTED_EDGE ( 'NONE', *, *, #4913, .T. ) ;
#2378 = SURFACE_STYLE_FILL_AREA ( #5032 ) ;
#2379 = FACE_OUTER_BOUND ( 'NONE', #8743, .T. ) ;
#2380 = DIRECTION ( 'NONE',  ( -0.000000000000000000, -1.000000000000000000, -0.000000000000000000 ) ) ;
#2381 = FACE_OUTER_BOUND ( 'NONE', #9689, .T. ) ;
#2382 = CARTESIAN_POINT ( 'NONE',  ( -2.500000000000000000, 0.04999999999999969746, 2.500000000000000000 ) ) ;
#2383 = ORIENTED_EDGE ( 'NONE', *, *, #9075, .F. ) ;
#2385 = DIRECTION ( 'NONE',  ( 0.000000000000000000, 0.000000000000000000, 1.000000000000000000 ) ) ;
#2384 = CARTESIAN_POINT ( 'NONE',  ( 2.499999999999988454, 0.2000000000000000111, 1.374999999999998668 ) ) ;
#2386 = DIRECTION ( 'NONE',  ( -1.000000000000000000, 0.000000000000000000, 9.757819552369536751E-15 ) ) ;
#2387 = PLANE ( 'NONE',  #5065 ) ;
#2388 = EDGE_CURVE ( 'NONE', #2115, #4059, #8902, .T. ) ;
#2389 = ORIENTED_EDGE ( 'NONE', *, *, #5186, .F. ) ;
#2390 = CARTESIAN_POINT ( 'NONE',  ( 2.499999999999967581, 0.2000000000000000111, -0.6250000000000015543 ) ) ;
#2391 = ORIENTED_EDGE ( 'NONE', *, *, #7429, .F. ) ;
#2392 = VERTEX_POINT ( 'NONE', #8843 ) ;
#2393 = ORIENTED_EDGE ( 'NONE', *, *, #9335, .F. ) ;
#2394 = CARTESIAN_POINT ( 'NONE',  ( -0.1249999999999974881, 0.2000000000000000111, 2.499999999999986233 ) ) ;
#2395 = DIRECTION ( 'NONE',  ( 0.000000000000000000, -1.000000000000000000, 0.000000000000000000 ) ) ;
#2396 = FACE_OUTER_BOUND ( 'NONE', #6712, .T. ) ;
#2397 = ADVANCED_FACE ( 'NONE', ( #5549 ), #6407, .T. ) ;
#2398 = EDGE_CURVE ( 'NONE', #1733, #219, #8952, .T. ) ;
#2399 = CARTESIAN_POINT ( 'NONE',  ( 0.3749999999999977796, 0.2000000000000000111, -2.499999999999976907 ) ) ;
#2400 = EDGE_LOOP ( 'NONE', ( #7417, #7182, #8114, #8284 ) ) ;
#2401 = CARTESIAN_POINT ( 'NONE',  ( -1.124999999999992673, 0.05000000000000000278, 4.269046054162107582E-15 ) ) ;
#2402 = AXIS2_PLACEMENT_3D ( 'NONE', #4541, #5164, #5211 ) ;
#2403 = EDGE_CURVE ( 'NONE', #3945, #5556, #1227, .T. ) ;
#2405 = ORIENTED_EDGE ( 'NONE', *, *, #7561, .F. ) ;
#2404 = PLANE ( 'NONE',  #6431 ) ;
#2406 = ADVANCED_FACE ( 'NONE', ( #9792 ), #6376, .F. ) ;
#2407 = VECTOR ( 'NONE', #1141, 1000.000000000000000 ) ;
#2408 = CARTESIAN_POINT ( 'NONE',  ( 1.524999999999999023, 0.2000000000000000111, 1.674999999999998712 ) ) ;
#2409 = CARTESIAN_POINT ( 'NONE',  ( -2.499999999999975131, 0.2000000000000000111, -0.1249999999999968636 ) ) ;
#2410 = DIRECTION ( 'NONE',  ( -1.040834085586083310E-14, -0.000000000000000000, -1.000000000000000000 ) ) ;
#2411 = EDGE_CURVE ( 'NONE', #6440, #597, #8197, .T. ) ;
#2412 = PLANE ( 'NONE',  #7581 ) ;
#2413 = ADVANCED_FACE ( 'NONE', ( #9743 ), #2132, .T. ) ;
#2414 = CARTESIAN_POINT ( 'NONE',  ( -0.6250000000000022204, 0.2000000000000000111, -2.499999999999966693 ) ) ;
#2416 = DIRECTION ( 'NONE',  ( -1.439820485060763520E-13, 0.000000000000000000, -1.000000000000000000 ) ) ;
#2415 = CARTESIAN_POINT ( 'NONE',  ( -2.000000000000000000, 0.9499999999999999556, -2.000000000000000000 ) ) ;
#2417 = ORIENTED_EDGE ( 'NONE', *, *, #573, .F. ) ;
#2418 = AXIS2_PLACEMENT_3D ( 'NONE', #383, #3602, #9492 ) ;
#2419 = ORIENTED_EDGE ( 'NONE', *, *, #1133, .F. ) ;
#2421 = ORIENTED_EDGE ( 'NONE', *, *, #5522, .F. ) ;
#2420 = FILL_AREA_STYLE ('',( #2478 ) ) ;
#2422 = ORIENTED_EDGE ( 'NONE', *, *, #1117, .F. ) ;
#2423 = CLOSED_SHELL ( 'NONE', ( #2942, #5320, #3475, #7115, #3489, #5946, #3144 ) ) ;
#2424 =( NAMED_UNIT ( * ) SI_UNIT ( $, .STERADIAN. ) SOLID_ANGLE_UNIT ( ) );
#2425 = CARTESIAN_POINT ( 'NONE',  ( 1.124999999999997780, 0.2000000000000000111, -2.499999999999994671 ) ) ;
#2426 = ORIENTED_EDGE ( 'NONE', *, *, #3623, .F. ) ;
#2427 = FACE_OUTER_BOUND ( 'NONE', #4146, .T. ) ;
#2428 = PLANE ( 'NONE',  #5756 ) ;
#2429 = ORIENTED_EDGE ( 'NONE', *, *, #7304, .T. ) ;
#2430 = VERTEX_POINT ( 'NONE', #5517 ) ;
#2431 = VECTOR ( 'NONE', #7466, 1000.000000000000000 ) ;
#2432 = DIRECTION ( 'NONE',  ( 1.000000000000000000, 0.000000000000000000, 2.949029909160572061E-14 ) ) ;
#2433 = DIRECTION ( 'NONE',  ( -2.949029909160572061E-14, 0.000000000000000000, 1.000000000000000000 ) ) ;
#2434 = CARTESIAN_POINT ( 'NONE',  ( 1.125000000000000888, 0.000000000000000000, 2.100000000000006306 ) ) ;
#2435 = PLANE ( 'NONE',  #10395 ) ;
#2436 = DIRECTION ( 'NONE',  ( -1.000000000000000000, 0.000000000000000000, 1.439820485060763520E-13 ) ) ;
#2437 = ORIENTED_EDGE ( 'NONE', *, *, #6574, .F. ) ;
#2439 = DIRECTION ( 'NONE',  ( -1.000000000000000000, 0.000000000000000000, 3.794707603699675727E-15 ) ) ;
#2438 = PLANE ( 'NONE',  #8336 ) ;
#2440 = PRESENTATION_LAYER_ASSIGNMENT (  '', '', ( #10242 ) ) ;
#2441 = CARTESIAN_POINT ( 'NONE',  ( 2.099999999999984990, 0.2000000000000000111, 0.1250000000000024702 ) ) ;
#2442 = AXIS2_PLACEMENT_3D ( 'NONE', #8730, #1774, #10435 ) ;
#2443 = CARTESIAN_POINT ( 'NONE',  ( -1.125000000000002220, 0.2000000000000000111, -2.499999999999961364 ) ) ;
#2444 = VECTOR ( 'NONE', #9878, 1000.000000000000000 ) ;
#2445 = ORIENTED_EDGE ( 'NONE', *, *, #9423, .T. ) ;
#2446 = PLANE ( 'NONE',  #8495 ) ;
#2447 = VECTOR ( 'NONE', #7295, 1000.000000000000000 ) ;
#2448 = ORIENTED_EDGE ( 'NONE', *, *, #8528, .T. ) ;
#2449 = ORIENTED_EDGE ( 'NONE', *, *, #1990, .F. ) ;
#2450 = ORIENTED_EDGE ( 'NONE', *, *, #370, .F. ) ;
#2451 = DIRECTION ( 'NONE',  ( -9.757819552369538328E-15, 0.000000000000000000, -1.000000000000000000 ) ) ;
#2452 = VECTOR ( 'NONE', #3016, 1000.000000000000000 ) ;
#2453 = AXIS2_PLACEMENT_3D ( 'NONE', #4335, #5831, #9235 ) ;
#2454 = PRESENTATION_STYLE_ASSIGNMENT (( #7680 ) ) ;
#2455 = DIRECTION ( 'NONE',  ( -0.000000000000000000, -1.000000000000000000, -0.000000000000000000 ) ) ;
#2456 = LINE ( 'NONE', #5840, #9552 ) ;
#2457 = ORIENTED_EDGE ( 'NONE', *, *, #9470, .F. ) ;
#2458 = FACE_OUTER_BOUND ( 'NONE', #10910, .T. ) ;
#2459 = VECTOR ( 'NONE', #872, 1000.000000000000000 ) ;
#2460 = VECTOR ( 'NONE', #1918, 1000.000000000000000 ) ;
#2461 = AXIS2_PLACEMENT_3D ( 'NONE', #4214, #4110, #7494 ) ;
#2462 = ORIENTED_EDGE ( 'NONE', *, *, #712, .T. ) ;
#2463 = CARTESIAN_POINT ( 'NONE',  ( -1.375000000000000444, 0.2000000000000000111, -1.675000000000000711 ) ) ;
#2464 = VECTOR ( 'NONE', #4184, 1000.000000000000000 ) ;
#2465 = CARTESIAN_POINT ( 'NONE',  ( 1.941854637287712622E-14, 0.05000000000000000278, 1.874999999999977129 ) ) ;
#2466 = ADVANCED_FACE ( 'NONE', ( #8971 ), #9969, .F. ) ;
#2467 = FILL_AREA_STYLE ('',( #3295 ) ) ;
#2468 = DIRECTION ( 'NONE',  ( 0.000000000000000000, 0.000000000000000000, -1.000000000000000000 ) ) ;
#2469 = LINE ( 'NONE', #1803, #7755 ) ;
#2470 = CARTESIAN_POINT ( 'NONE',  ( -1.125000000000000888, 0.04999999999999999584, -2.100000000000004530 ) ) ;
#2471 = AXIS2_PLACEMENT_3D ( 'NONE', #5084, #4093, #7655 ) ;
#2473 = CARTESIAN_POINT ( 'NONE',  ( 0.000000000000000000, 0.000000000000000000, 0.000000000000000000 ) ) ;
#2472 = FACE_OUTER_BOUND ( 'NONE', #9750, .T. ) ;
#2474 = ORIENTED_EDGE ( 'NONE', *, *, #5784, .F. ) ;
#2475 = ORIENTED_EDGE ( 'NONE', *, *, #4785, .T. ) ;
#2476 = ADVANCED_FACE ( 'NONE', ( #9033 ), #1295, .T. ) ;
#2477 = EDGE_CURVE ( 'NONE', #8183, #2259, #8244, .T. ) ;
#2479 = ORIENTED_EDGE ( 'NONE', *, *, #4092, .T. ) ;
#2478 = FILL_AREA_STYLE_COLOUR ( '', #2681 ) ;
#2480 = ORIENTED_EDGE ( 'NONE', *, *, #10540, .T. ) ;
#2481 = EDGE_CURVE ( 'NONE', #4338, #8594, #4683, .T. ) ;
#2482 = CARTESIAN_POINT ( 'NONE',  ( 0.3749999999999977796, 0.2000000000000000111, -2.499999999999976907 ) ) ;
#2483 = CARTESIAN_POINT ( 'NONE',  ( 0.1450000000000083444, 0.05000000000000000278, 0.1450000000000073452 ) ) ;
#2484 = EDGE_LOOP ( 'NONE', ( #3629, #8745, #908, #7318 ) ) ;
#2485 = CARTESIAN_POINT ( 'NONE',  ( 0.000000000000000000, 0.000000000000000000, 0.000000000000000000 ) ) ;
#2486 = PLANE ( 'NONE',  #1154 ) ;
#2487 = UNCERTAINTY_MEASURE_WITH_UNIT (LENGTH_MEASURE( 1.000000000000000082E-05 ), #1446, 'distance_accuracy_value', 'NONE');
#2488 = ORIENTED_EDGE ( 'NONE', *, *, #23, .T. ) ;
#2489 = ORIENTED_EDGE ( 'NONE', *, *, #6422, .F. ) ;
#2490 = COLOUR_RGB ( '',1.000000000000000000, 1.000000000000000000, 1.000000000000000000 ) ;
#2491 = EDGE_CURVE ( 'NONE', #10704, #4388, #7351, .T. ) ;
#2492 = SURFACE_SIDE_STYLE ('',( #4207 ) ) ;
#2493 = EDGE_LOOP ( 'NONE', ( #9309, #5088, #3325, #1138 ) ) ;
#2494 = DIRECTION ( 'NONE',  ( 1.040834085586083468E-14, 0.000000000000000000, 1.000000000000000000 ) ) ;
#2495 = FACE_OUTER_BOUND ( 'NONE', #262, .T. ) ;
#2496 = LINE ( 'NONE', #10925, #2233 ) ;
#2497 = DIRECTION ( 'NONE',  ( 0.000000000000000000, -1.000000000000000000, 0.000000000000000000 ) ) ;
#2498 = VECTOR ( 'NONE', #2000, 1000.000000000000000 ) ;
#2499 = EDGE_LOOP ( 'NONE', ( #5106, #2426, #4258, #9156 ) ) ;
#2501 = DIRECTION ( 'NONE',  ( 1.439820485060763520E-13, -0.000000000000000000, 1.000000000000000000 ) ) ;
#2500 = DIRECTION ( 'NONE',  ( -1.000000000000000000, 0.000000000000000000, 1.439820485060763520E-13 ) ) ;
#2502 = PLANE ( 'NONE',  #7588 ) ;
#2503 = CARTESIAN_POINT ( 'NONE',  ( 2.099999999999980105, 0.2000000000000000111, -0.3749999999999975575 ) ) ;
#2504 = VERTEX_POINT ( 'NONE', #7467 ) ;
#2505 = CARTESIAN_POINT ( 'NONE',  ( 2.500000000000000000, -7.071067811865475505, 2.500000000000000000 ) ) ;
#2506 = ORIENTED_EDGE ( 'NONE', *, *, #2323, .F. ) ;
#2507 = MANIFOLD_SOLID_BREP ( 'Boss-Extrude3[11]', #7213 ) ;
#2508 = VECTOR ( 'NONE', #10497, 1000.000000000000000 ) ;
#2509 = ORIENTED_EDGE ( 'NONE', *, *, #4500, .T. ) ;
#2510 = ORIENTED_EDGE ( 'NONE', *, *, #4559, .T. ) ;
#2511 = ORIENTED_EDGE ( 'NONE', *, *, #4717, .F. ) ;
#2512 = CARTESIAN_POINT ( 'NONE',  ( 1.675000000000000044, 0.2000000000000000111, 1.524999999999997691 ) ) ;
#2513 = CARTESIAN_POINT ( 'NONE',  ( -2.099999999999977884, 0.2000000000000000111, -0.3750000000000012212 ) ) ;
#2514 = DIRECTION ( 'NONE',  ( -1.000000000000000000, 0.000000000000000000, 3.794707603699675727E-15 ) ) ;
#2515 = ORIENTED_EDGE ( 'NONE', *, *, #5980, .T. ) ;
#2516 = CARTESIAN_POINT ( 'NONE',  ( 2.499999999999967581, 0.2000000000000000111, -0.6250000000000015543 ) ) ;
#2517 = ORIENTED_EDGE ( 'NONE', *, *, #3820, .T. ) ;
#2518 = DIRECTION ( 'NONE',  ( -3.794707603699675727E-15, -0.000000000000000000, -1.000000000000000000 ) ) ;
#2519 = CARTESIAN_POINT ( 'NONE',  ( 1.874999999999999778, 0.2000000000000000111, -2.165000000000000036 ) ) ;
#2520 = PLANE ( 'NONE',  #5277 ) ;
#2521 = DIRECTION ( 'NONE',  ( -0.000000000000000000, 1.000000000000000000, 0.000000000000000000 ) ) ;
#2522 = CARTESIAN_POINT ( 'NONE',  ( 0.6249999999999978906, 0.2000000000000000111, -2.499999999999989786 ) ) ;
#2523 = ORIENTED_EDGE ( 'NONE', *, *, #2689, .F. ) ;
#2524 = ORIENTED_EDGE ( 'NONE', *, *, #3622, .F. ) ;
#2525 = EDGE_CURVE ( 'NONE', #10029, #330, #3852, .T. ) ;
#2526 = ORIENTED_EDGE ( 'NONE', *, *, #79, .F. ) ;
#2527 = VERTEX_POINT ( 'NONE', #8136 ) ;
#2528 = SURFACE_SIDE_STYLE ('',( #4977 ) ) ;
#2529 = EDGE_CURVE ( 'NONE', #117, #10201, #10738, .T. ) ;
#2530 = LINE ( 'NONE', #8484, #2459 ) ;
#2531 = ORIENTED_EDGE ( 'NONE', *, *, #10762, .F. ) ;
#2532 = DIRECTION ( 'NONE',  ( -0.000000000000000000, 1.000000000000000000, 0.000000000000000000 ) ) ;
#2534 = DIRECTION ( 'NONE',  ( -2.168404344970728034E-15, 0.000000000000000000, -1.000000000000000000 ) ) ;
#2533 = CARTESIAN_POINT ( 'NONE',  ( -0.1250000000000006939, 0.2000000000000000111, -2.100000000000015188 ) ) ;
#2535 = EDGE_CURVE ( 'NONE', #2727, #6741, #529, .T. ) ;
#2536 = EDGE_CURVE ( 'NONE', #5750, #9399, #4900, .T. ) ;
#2537 = ORIENTED_EDGE ( 'NONE', *, *, #8113, .F. ) ;
#2538 = MANIFOLD_SOLID_BREP ( 'Boss-Extrude3[33]', #4729 ) ;
#2539 = VERTEX_POINT ( 'NONE', #5132 ) ;
#2540 = LINE ( 'NONE', #5920, #8538 ) ;
#2541 = EDGE_LOOP ( 'NONE', ( #8147, #791, #3900, #3508 ) ) ;
#2542 = DIRECTION ( 'NONE',  ( 1.000000000000000000, 0.000000000000000000, -3.794707603699675727E-15 ) ) ;
#2543 = FACE_OUTER_BOUND ( 'NONE', #5704, .T. ) ;
#2544 = LINE ( 'NONE', #5926, #469 ) ;
#2545 = EDGE_CURVE ( 'NONE', #5692, #7523, #4128, .T. ) ;
#2546 = LINE ( 'NONE', #10369, #9420 ) ;
#2547 = ORIENTED_EDGE ( 'NONE', *, *, #6142, .T. ) ;
#2548 = EDGE_CURVE ( 'NONE', #8619, #9125, #958, .T. ) ;
#2550 = PLANE ( 'NONE',  #9361 ) ;
#2549 = FACE_OUTER_BOUND ( 'NONE', #9572, .T. ) ;
#2551 = LINE ( 'NONE', #7497, #9015 ) ;
#2552 = ADVANCED_FACE ( 'NONE', ( #6018 ), #8468, .F. ) ;
#2553 = CARTESIAN_POINT ( 'NONE',  ( 1.675000000000000044, 0.2000000000000000111, -1.525000000000000355 ) ) ;
#2554 = ORIENTED_EDGE ( 'NONE', *, *, #8754, .F. ) ;
#2555 = DIRECTION ( 'NONE',  ( 1.040834085586084257E-14, 0.000000000000000000, 1.000000000000000000 ) ) ;
#2556 = ORIENTED_EDGE ( 'NONE', *, *, #3969, .F. ) ;
#2557 = EDGE_LOOP ( 'NONE', ( #4041, #4951, #6203, #7620 ) ) ;
#2558 = EDGE_LOOP ( 'NONE', ( #5929, #5192, #4986, #7541 ) ) ;
#2559 = ORIENTED_EDGE ( 'NONE', *, *, #637, .T. ) ;
#2560 = PLANE ( 'NONE',  #10936 ) ;
#2561 = DIRECTION ( 'NONE',  ( 1.040834085586083468E-14, 0.000000000000000000, 1.000000000000000000 ) ) ;
#2562 = CARTESIAN_POINT ( 'NONE',  ( 2.499999999999969802, 0.2000000000000000111, -1.375000000000001332 ) ) ;
#2563 = DIRECTION ( 'NONE',  ( -0.000000000000000000, -1.000000000000000000, -0.000000000000000000 ) ) ;
#2564 = ORIENTED_EDGE ( 'NONE', *, *, #2734, .T. ) ;
#2565 = ORIENTED_EDGE ( 'NONE', *, *, #10212, .F. ) ;
#2566 = LINE ( 'NONE', #5845, #9853 ) ;
#2567 = CARTESIAN_POINT ( 'NONE',  ( -2.500000000000000000, -7.071067811865475505, -2.500000000000000000 ) ) ;
#2568 = MANIFOLD_SOLID_BREP ( 'Boss-Extrude3[30]', #1538 ) ;
#2569 = CARTESIAN_POINT ( 'NONE',  ( -2.499999999999980460, 0.04999999999999999584, -0.6249999999999968914 ) ) ;
#2570 = VECTOR ( 'NONE', #825, 1000.000000000000000 ) ;
#2571 = DIRECTION ( 'NONE',  ( -0.000000000000000000, 0.000000000000000000, 1.000000000000000000 ) ) ;
#2572 = CARTESIAN_POINT ( 'NONE',  ( 2.499999999999988454, 0.2000000000000000111, 1.374999999999998668 ) ) ;
#2573 = LINE ( 'NONE', #799, #9390 ) ;
#2574 = EDGE_LOOP ( 'NONE', ( #2547, #5553, #8736, #5272 ) ) ;
#2575 = VECTOR ( 'NONE', #1977, 1000.000000000000000 ) ;
#2576 = VERTEX_POINT ( 'NONE', #10021 ) ;
#2577 = VERTEX_POINT ( 'NONE', #9411 ) ;
#2578 = FILL_AREA_STYLE_COLOUR ( '', #8998 ) ;
#2579 = PLANE ( 'NONE',  #5821 ) ;
#2580 = ORIENTED_EDGE ( 'NONE', *, *, #9060, .F. ) ;
#2581 = AXIS2_PLACEMENT_3D ( 'NONE', #2951, #3009, #3842 ) ;
#2582 = DIRECTION ( 'NONE',  ( -1.000000000000000000, 0.000000000000000000, -9.611305745276845088E-14 ) ) ;
#2583 = AXIS2_PLACEMENT_3D ( 'NONE', #9233, #1776, #775 ) ;
#2585 = CARTESIAN_POINT ( 'NONE',  ( -0.8749999999999975575, 0.2000000000000000111, 2.499999999999984013 ) ) ;
#2584 = DIRECTION ( 'NONE',  ( 1.000000000000000000, -0.000000000000000000, 0.000000000000000000 ) ) ;
#2586 = PRODUCT_DEFINITION_CONTEXT ( 'detailed design', #6649, 'design' ) ;
#2587 = ORIENTED_EDGE ( 'NONE', *, *, #4995, .T. ) ;
#2588 = ADVANCED_FACE ( 'NONE', ( #1581 ), #3453, .T. ) ;
#2589 = ORIENTED_EDGE ( 'NONE', *, *, #4971, .F. ) ;
#2590 = PRESENTATION_STYLE_ASSIGNMENT (( #4147 ) ) ;
#2591 = ORIENTED_EDGE ( 'NONE', *, *, #3368, .F. ) ;
#2592 = STYLED_ITEM ( 'NONE', ( #8936 ), #6197 ) ;
#2593 = FACE_OUTER_BOUND ( 'NONE', #10866, .T. ) ;
#2594 = ADVANCED_FACE ( 'NONE', ( #10959 ), #6758, .T. ) ;
#2595 = LINE ( 'NONE', #8663, #5592 ) ;
#2596 = DIRECTION ( 'NONE',  ( 0.000000000000000000, -1.000000000000000000, 0.000000000000000000 ) ) ;
#2597 = LINE ( 'NONE', #4327, #4050 ) ;
#2598 = VERTEX_POINT ( 'NONE', #854 ) ;
#2600 = CARTESIAN_POINT ( 'NONE',  ( 1.125000000000002442, 0.2000000000000000111, 2.499999999999963141 ) ) ;
#2599 = FACE_OUTER_BOUND ( 'NONE', #2167, .T. ) ;
#2601 = EDGE_CURVE ( 'NONE', #6245, #3430, #746, .T. ) ;
#2602 = DIRECTION ( 'NONE',  ( 1.000000000000000000, -0.000000000000000000, -3.794707603699675727E-15 ) ) ;
#2603 = VECTOR ( 'NONE', #2380, 1000.000000000000000 ) ;
#2604 = CARTESIAN_POINT ( 'NONE',  ( 2.499999999999985345, 0.2000000000000000111, 0.1249999999999985151 ) ) ;
#2605 = EDGE_CURVE ( 'NONE', #2504, #6782, #1231, .T. ) ;
#2606 = MECHANICAL_DESIGN_GEOMETRIC_PRESENTATION_REPRESENTATION (  '', ( #7395 ), #6146 ) ;
#2607 = EDGE_CURVE ( 'NONE', #8608, #734, #3515, .T. ) ;
#2608 = VERTEX_POINT ( 'NONE', #1076 ) ;
#2609 = FACE_OUTER_BOUND ( 'NONE', #2079, .T. ) ;
#2610 = MANIFOLD_SOLID_BREP ( 'Boss-Extrude3[28]', #3490 ) ;
#2611 = EDGE_CURVE ( 'NONE', #10939, #9538, #6069, .T. ) ;
#2612 = LINE ( 'NONE', #10734, #4097 ) ;
#2613 = EDGE_CURVE ( 'NONE', #6744, #5091, #4405, .T. ) ;
#2614 = VERTEX_POINT ( 'NONE', #10301 ) ;
#2615 = EDGE_LOOP ( 'NONE', ( #1348, #8031, #3005, #3272 ) ) ;
#2616 = ORIENTED_EDGE ( 'NONE', *, *, #7970, .T. ) ;
#2617 = CARTESIAN_POINT ( 'NONE',  ( 0.000000000000000000, 0.000000000000000000, 0.000000000000000000 ) ) ;
#2618 = VECTOR ( 'NONE', #3857, 1000.000000000000000 ) ;
#2619 = DIRECTION ( 'NONE',  ( -1.000000000000000000, -0.000000000000000000, 1.439820485060763520E-13 ) ) ;
#2620 = CARTESIAN_POINT ( 'NONE',  ( 1.624999999999997780, 0.04999999999999999584, -2.500000000000000000 ) ) ;
#2621 = CARTESIAN_POINT ( 'NONE',  ( -2.500000000000046185, 0.2000000000000000111, -1.875000000000000000 ) ) ;
#2622 = ORIENTED_EDGE ( 'NONE', *, *, #3959, .T. ) ;
#2623 = VECTOR ( 'NONE', #4464, 1000.000000000000000 ) ;
#2624 = AXIS2_PLACEMENT_3D ( 'NONE', #2782, #5123, #5949 ) ;
#2625 = ADVANCED_FACE ( 'NONE', ( #182 ), #1964, .T. ) ;
#2626 = EDGE_LOOP ( 'NONE', ( #1838, #10055, #6390, #7006 ) ) ;
#2627 = VECTOR ( 'NONE', #7380, 1000.000000000000000 ) ;
#2628 = LINE ( 'NONE', #8697, #6528 ) ;
#2629 =( NAMED_UNIT ( * ) PLANE_ANGLE_UNIT ( ) SI_UNIT ( $, .RADIAN. ) );
#2630 = FILL_AREA_STYLE ('',( #1226 ) ) ;
#2631 = MANIFOLD_SOLID_BREP ( 'Boss-Extrude3[14]', #9682 ) ;
#2632 = PLANE ( 'NONE',  #6194 ) ;
#2633 = VECTOR ( 'NONE', #5536, 1000.000000000000000 ) ;
#2634 = FACE_OUTER_BOUND ( 'NONE', #6272, .T. ) ;
#2635 = PLANE ( 'NONE',  #9020 ) ;
#2636 = LINE ( 'NONE', #4466, #6013 ) ;
#2637 = VECTOR ( 'NONE', #1422, 1000.000000000000000 ) ;
#2638 = VECTOR ( 'NONE', #4017, 1000.000000000000000 ) ;
#2639 = ORIENTED_EDGE ( 'NONE', *, *, #7026, .F. ) ;
#2640 = AXIS2_PLACEMENT_3D ( 'NONE', #126, #2795, #4572 ) ;
#2641 = VECTOR ( 'NONE', #8106, 1000.000000000000000 ) ;
#2642 = DIRECTION ( 'NONE',  ( 0.000000000000000000, 1.000000000000000000, -0.000000000000000000 ) ) ;
#2643 = PLANE ( 'NONE',  #510 ) ;
#2644 = ORIENTED_EDGE ( 'NONE', *, *, #4700, .F. ) ;
#2645 = CARTESIAN_POINT ( 'NONE',  ( 0.000000000000000000, 0.000000000000000000, 0.000000000000000000 ) ) ;
#2647 = CARTESIAN_POINT ( 'NONE',  ( 0.000000000000000000, 0.2000000000000000111, 0.000000000000000000 ) ) ;
#2646 = LINE ( 'NONE', #9068, #6904 ) ;
#2648 = PRESENTATION_LAYER_ASSIGNMENT (  '', '', ( #8154 ) ) ;
#2649 = ORIENTED_EDGE ( 'NONE', *, *, #4701, .T. ) ;
#2650 = ORIENTED_EDGE ( 'NONE', *, *, #5866, .F. ) ;
#2651 = ORIENTED_EDGE ( 'NONE', *, *, #8449, .T. ) ;
#2652 = LINE ( 'NONE', #5923, #6606 ) ;
#2653 = DIRECTION ( 'NONE',  ( -1.040834085586083310E-14, -0.000000000000000000, -1.000000000000000000 ) ) ;
#2654 = CARTESIAN_POINT ( 'NONE',  ( -1.524999999999999023, 0.000000000000000000, 1.674999999999999156 ) ) ;
#2655 = ORIENTED_EDGE ( 'NONE', *, *, #8633, .T. ) ;
#2657 = PLANE ( 'NONE',  #9702 ) ;
#2656 = FACE_OUTER_BOUND ( 'NONE', #9210, .T. ) ;
#2658 = CARTESIAN_POINT ( 'NONE',  ( 2.100000000000020961, 0.000000000000000000, 0.3750000000000000555 ) ) ;
#2659 = DIRECTION ( 'NONE',  ( 0.000000000000000000, 1.000000000000000000, 0.000000000000000000 ) ) ;
#2660 = VECTOR ( 'NONE', #10553, 1000.000000000000000 ) ;
#2661 = EDGE_CURVE ( 'NONE', #5031, #3353, #8698, .T. ) ;
#2662 = ORIENTED_EDGE ( 'NONE', *, *, #10885, .F. ) ;
#2663 = LINE ( 'NONE', #3719, #137 ) ;
#2664 = EDGE_CURVE ( 'NONE', #3305, #8150, #5399, .T. ) ;
#2665 = MANIFOLD_SOLID_BREP ( 'Boss-Extrude3[9]', #2423 ) ;
#2666 = CYLINDRICAL_SURFACE ( 'NONE', #10133, 0.1499999999999999667 ) ;
#2667 = VERTEX_POINT ( 'NONE', #570 ) ;
#2668 = ORIENTED_EDGE ( 'NONE', *, *, #4095, .F. ) ;
#2669 = ORIENTED_EDGE ( 'NONE', *, *, #5740, .F. ) ;
#2670 = DIRECTION ( 'NONE',  ( 0.000000000000000000, -1.000000000000000000, 0.000000000000000000 ) ) ;
#2671 = PRESENTATION_LAYER_ASSIGNMENT (  '', '', ( #8891 ) ) ;
#2672 = DIRECTION ( 'NONE',  ( 1.000000000000000000, 0.000000000000000000, -1.040834085586084257E-14 ) ) ;
#2673 = EDGE_CURVE ( 'NONE', #5479, #10974, #346, .T. ) ;
#2674 = FACE_OUTER_BOUND ( 'NONE', #6594, .T. ) ;
#2675 = DIRECTION ( 'NONE',  ( 1.000000000000000000, -0.000000000000000000, -1.439820485060763520E-13 ) ) ;
#2676 = CARTESIAN_POINT ( 'NONE',  ( -2.099999999999980549, 0.2000000000000000111, -0.6250000000000009992 ) ) ;
#2677 = ORIENTED_EDGE ( 'NONE', *, *, #5941, .T. ) ;
#2678 = EDGE_CURVE ( 'NONE', #10087, #8063, #8518, .T. ) ;
#2679 = ADVANCED_FACE ( 'NONE', ( #3011 ), #5676, .F. ) ;
#2680 = EDGE_CURVE ( 'NONE', #6777, #10745, #403, .T. ) ;
#2681 = COLOUR_RGB ( '',0.7921568627450980005, 0.8196078431372548767, 0.9333333333333333481 ) ;
#2682 = VERTEX_POINT ( 'NONE', #3180 ) ;
#2683 = FACE_OUTER_BOUND ( 'NONE', #3920, .T. ) ;
#2684 = FILL_AREA_STYLE ('',( #9512 ) ) ;
#2685 = MANIFOLD_SOLID_BREP ( 'Boss-Extrude3[27]', #653 ) ;
#2686 = CARTESIAN_POINT ( 'NONE',  ( -2.499999999999970246, 0.2000000000000000111, 0.3750000000000031641 ) ) ;
#2687 = AXIS2_PLACEMENT_3D ( 'NONE', #435, #8047, #5752 ) ;
#2688 = LINE ( 'NONE', #7575, #8293 ) ;
#2689 = EDGE_CURVE ( 'NONE', #2727, #7314, #4623, .T. ) ;
#2690 = CARTESIAN_POINT ( 'NONE',  ( -2.000000000000000000, 1.000000000000000000, -1.750000000000000000 ) ) ;
#2691 = DIRECTION ( 'NONE',  ( 0.000000000000000000, -1.000000000000000000, 0.000000000000000000 ) ) ;
#2692 = EDGE_CURVE ( 'NONE', #2751, #4765, #9784, .T. ) ;
#2693 = EDGE_CURVE ( 'NONE', #8868, #1647, #2118, .T. ) ;
#2695 = ORIENTED_EDGE ( 'NONE', *, *, #2734, .F. ) ;
#2694 = CARTESIAN_POINT ( 'NONE',  ( 0.1450000000000012390, 0.05000000000000000278, 0.1450000000000012390 ) ) ;
#2696 = EDGE_CURVE ( 'NONE', #10259, #1680, #5611, .T. ) ;
#2697 = CARTESIAN_POINT ( 'NONE',  ( 2.381690018246846420E-16, 0.05000000000000000278, 1.674999999999998934 ) ) ;
#2698 = ORIENTED_EDGE ( 'NONE', *, *, #8530, .F. ) ;
#2699 = DIRECTION ( 'NONE',  ( 2.949029909160572061E-14, 0.000000000000000000, -1.000000000000000000 ) ) ;
#2701 = CARTESIAN_POINT ( 'NONE',  ( -0.8749999999999983347, 0.04999999999999999584, -2.099999999999973888 ) ) ;
#2700 = CARTESIAN_POINT ( 'NONE',  ( 1.809999999999999831, 0.2000000000000000111, -2.100000000000000089 ) ) ;
#2702 = VERTEX_POINT ( 'NONE', #8186 ) ;
#2703 = VERTEX_POINT ( 'NONE', #2293 ) ;
#2704 = FACE_OUTER_BOUND ( 'NONE', #7391, .T. ) ;
#2705 = ORIENTED_EDGE ( 'NONE', *, *, #10358, .F. ) ;
#2706 = LINE ( 'NONE', #313, #4993 ) ;
#2707 = LINE ( 'NONE', #7820, #6121 ) ;
#2708 = CARTESIAN_POINT ( 'NONE',  ( -2.499999999999985789, 0.000000000000000000, -1.124999999999996891 ) ) ;
#2709 = ORIENTED_EDGE ( 'NONE', *, *, #367, .F. ) ;
#2711 = CARTESIAN_POINT ( 'NONE',  ( -1.874999999999999556, 0.2000000000000000111, 2.165000000000001812 ) ) ;
#2710 = CARTESIAN_POINT ( 'NONE',  ( -1.809999999999999609, 0.04999999999999999584, 2.100000000000001865 ) ) ;
#2712 = LINE ( 'NONE', #4438, #5224 ) ;
#2713 = DIRECTION ( 'NONE',  ( 1.000000000000000000, -0.000000000000000000, -1.439820485060763520E-13 ) ) ;
#2714 = VERTEX_POINT ( 'NONE', #9347 ) ;
#2715 = DIRECTION ( 'NONE',  ( 0.000000000000000000, -1.000000000000000000, 0.000000000000000000 ) ) ;
#2716 = CARTESIAN_POINT ( 'NONE',  ( -2.099999999999974776, 0.2000000000000000111, 1.810000000000000053 ) ) ;
#2717 = ORIENTED_EDGE ( 'NONE', *, *, #8174, .F. ) ;
#2718 = ORIENTED_EDGE ( 'NONE', *, *, #7218, .F. ) ;
#2719 = ORIENTED_EDGE ( 'NONE', *, *, #7691, .T. ) ;
#2720 = LINE ( 'NONE', #5276, #2841 ) ;
#2721 = VERTEX_POINT ( 'NONE', #4068 ) ;
#2722 = CARTESIAN_POINT ( 'NONE',  ( -1.874999999999998890, 0.04999999999999999584, -2.164999999999999591 ) ) ;
#2723 = PLANE ( 'NONE',  #7062 ) ;
#2724 = LINE ( 'NONE', #6108, #1205 ) ;
#2725 = DIRECTION ( 'NONE',  ( 0.000000000000000000, 1.000000000000000000, 0.000000000000000000 ) ) ;
#2726 = VERTEX_POINT ( 'NONE', #10009 ) ;
#2727 = VERTEX_POINT ( 'NONE', #5771 ) ;
#2728 = CARTESIAN_POINT ( 'NONE',  ( 2.499999999999988454, 0.2000000000000000111, 1.374999999999998668 ) ) ;
#2729 = EDGE_CURVE ( 'NONE', #544, #4911, #8517, .T. ) ;
#2730 = ADVANCED_FACE ( 'NONE', ( #5837 ), #1506, .T. ) ;
#2731 = MANIFOLD_SOLID_BREP ( 'Boss-Extrude3[18]', #7568 ) ;
#2732 = LINE ( 'NONE', #6249, #131 ) ;
#2733 = DIRECTION ( 'NONE',  ( 0.000000000000000000, 0.000000000000000000, 1.000000000000000000 ) ) ;
#2734 = EDGE_CURVE ( 'NONE', #6864, #1210, #10228, .T. ) ;
#2735 = DIRECTION ( 'NONE',  ( -1.000000000000000000, 0.000000000000000000, -2.949029909160572061E-14 ) ) ;
#2736 = EDGE_CURVE ( 'NONE', #4793, #1405, #3235, .T. ) ;
#2737 = ADVANCED_FACE ( 'NONE', ( #8288 ), #6801, .F. ) ;
#2738 = EDGE_CURVE ( 'NONE', #2784, #2682, #4121, .T. ) ;
#2740 = EDGE_LOOP ( 'NONE', ( #2082, #7683, #1454, #3850 ) ) ;
#2739 = CARTESIAN_POINT ( 'NONE',  ( -2.499999999999970246, 0.000000000000000000, 0.3750000000000031641 ) ) ;
#2741 = EDGE_CURVE ( 'NONE', #5495, #8811, #10812, .T. ) ;
#2742 = VECTOR ( 'NONE', #2376, 1000.000000000000000 ) ;
#2743 = EDGE_CURVE ( 'NONE', #590, #7339, #5119, .T. ) ;
#2744 = CARTESIAN_POINT ( 'NONE',  ( -0.6250000000000006661, 0.2000000000000000111, -2.100000000000009859 ) ) ;
#2745 = CARTESIAN_POINT ( 'NONE',  ( 0.000000000000000000, 0.2000000000000000111, 0.000000000000000000 ) ) ;
#2746 = CARTESIAN_POINT ( 'NONE',  ( 0.000000000000000000, 0.2000000000000000111, 0.000000000000000000 ) ) ;
#2747 = ORIENTED_EDGE ( 'NONE', *, *, #10076, .T. ) ;
#2748 = LINE ( 'NONE', #303, #5300 ) ;
#2750 = CARTESIAN_POINT ( 'NONE',  ( 0.6249999999999978906, 0.2000000000000000111, -2.499999999999989786 ) ) ;
#2749 = FACE_OUTER_BOUND ( 'NONE', #9215, .T. ) ;
#2751 = VERTEX_POINT ( 'NONE', #5008 ) ;
#2752 = MANIFOLD_SOLID_BREP ( 'Boss-Extrude3[26]', #10403 ) ;
#2753 = AXIS2_PLACEMENT_3D ( 'NONE', #5363, #10255, #6206 ) ;
#2754 = ORIENTED_EDGE ( 'NONE', *, *, #781, .T. ) ;
#2755 = ORIENTED_EDGE ( 'NONE', *, *, #925, .T. ) ;
#2756 = ORIENTED_EDGE ( 'NONE', *, *, #6652, .T. ) ;
#2757 = CARTESIAN_POINT ( 'NONE',  ( -1.374999999999998446, 0.000000000000000000, -2.099999999999968558 ) ) ;
#2758 = AXIS2_PLACEMENT_3D ( 'NONE', #9809, #1740, #2196 ) ;
#2759 = CARTESIAN_POINT ( 'NONE',  ( 1.809999999999999831, 0.2000000000000000111, -2.100000000000000089 ) ) ;
#2760 = CARTESIAN_POINT ( 'NONE',  ( 2.100000000000000977, 0.000000000000000000, 1.810000000000000719 ) ) ;
#2761 = CARTESIAN_POINT ( 'NONE',  ( -2.499999999999983125, 0.000000000000000000, -0.8749999999999968914 ) ) ;
#2762 = VECTOR ( 'NONE', #4000, 1000.000000000000000 ) ;
#2763 = ORIENTED_EDGE ( 'NONE', *, *, #980, .T. ) ;
#2765 = DIRECTION ( 'NONE',  ( -1.035655806553459206E-14, 0.000000000000000000, -1.000000000000000000 ) ) ;
#2764 = CARTESIAN_POINT ( 'NONE',  ( -1.125000000000021760, 0.05000000000000000278, 1.097754699641594381E-14 ) ) ;
#2766 = DIRECTION ( 'NONE',  ( 0.7071067811865474617, -0.000000000000000000, 0.7071067811865474617 ) ) ;
#2767 = LINE ( 'NONE', #4489, #6689 ) ;
#2768 = ORIENTED_EDGE ( 'NONE', *, *, #9864, .T. ) ;
#2769 =( GEOMETRIC_REPRESENTATION_CONTEXT ( 3 ) GLOBAL_UNCERTAINTY_ASSIGNED_CONTEXT ( ( #3148 ) ) GLOBAL_UNIT_ASSIGNED_CONTEXT ( ( #1266, #8885, #2917 ) ) REPRESENTATION_CONTEXT ( 'NONE', 'WORKASPACE' ) );
#2770 = LINE ( 'NONE', #2836, #4403 ) ;
#2771 = MANIFOLD_SOLID_BREP ( 'Boss-Extrude3[1]', #1892 ) ;
#2772 = CARTESIAN_POINT ( 'NONE',  ( -0.8749999999999975575, 0.2000000000000000111, 2.499999999999984013 ) ) ;
#2773 = EDGE_LOOP ( 'NONE', ( #1822, #2850, #5415, #8626 ) ) ;
#2774 = EDGE_LOOP ( 'NONE', ( #8384, #589, #835, #3687 ) ) ;
#2775 = ORIENTED_EDGE ( 'NONE', *, *, #7976, .T. ) ;
#2776 = PLANE ( 'NONE',  #8300 ) ;
#2777 = ORIENTED_EDGE ( 'NONE', *, *, #10624, .F. ) ;
#2778 = PRESENTATION_STYLE_ASSIGNMENT (( #8622 ) ) ;
#2779 = CLOSED_SHELL ( 'NONE', ( #5403, #8997, #5050, #1925, #8039, #1866 ) ) ;
#2780 = COLOUR_RGB ( '',0.2509803921568627416, 0.2509803921568627416, 0.2509803921568627416 ) ;
#2781 = CARTESIAN_POINT ( 'NONE',  ( -0.6250000000000006661, 0.04999999999999999584, -2.100000000000009859 ) ) ;
#2782 = CARTESIAN_POINT ( 'NONE',  ( 0.8750000000000025535, 0.2000000000000000111, 2.499999999999975575 ) ) ;
#2783 = LINE ( 'NONE', #8848, #7899 ) ;
#2784 = VERTEX_POINT ( 'NONE', #2722 ) ;
#2785 = ORIENTED_EDGE ( 'NONE', *, *, #1178, .T. ) ;
#2786 = AXIS2_PLACEMENT_3D ( 'NONE', #10020, #4244, #5783 ) ;
#2787 = VECTOR ( 'NONE', #858, 1000.000000000000000 ) ;
#2788 = ORIENTED_EDGE ( 'NONE', *, *, #9533, .F. ) ;
#2789 = ORIENTED_EDGE ( 'NONE', *, *, #6952, .T. ) ;
#2790 = DIRECTION ( 'NONE',  ( -0.000000000000000000, -1.000000000000000000, -0.000000000000000000 ) ) ;
#2791 = MANIFOLD_SOLID_BREP ( 'Boss-Extrude3[22]', #7042 ) ;
#2792 = DIRECTION ( 'NONE',  ( 1.000000000000000000, 0.000000000000000000, -9.893344823930226383E-15 ) ) ;
#2793 = LINE ( 'NONE', #66, #3861 ) ;
#2794 = VECTOR ( 'NONE', #5502, 1000.000000000000000 ) ;
#2795 = DIRECTION ( 'NONE',  ( -1.000000000000000000, 0.000000000000000000, 1.040834085586083468E-14 ) ) ;
#2796 = VECTOR ( 'NONE', #10462, 1000.000000000000000 ) ;
#2797 = AXIS2_PLACEMENT_3D ( 'NONE', #4315, #7594, #10980 ) ;
#2798 = EDGE_CURVE ( 'NONE', #5894, #4208, #5279, .T. ) ;
#2799 = AXIS2_PLACEMENT_3D ( 'NONE', #7401, #1630, #9299 ) ;
#2801 = VERTEX_POINT ( 'NONE', #6006 ) ;
#2800 = CARTESIAN_POINT ( 'NONE',  ( -2.099999999999980549, 0.2000000000000000111, -0.6250000000000009992 ) ) ;
#2802 = EDGE_CURVE ( 'NONE', #6659, #10708, #7066, .T. ) ;
#2803 = VECTOR ( 'NONE', #1130, 1000.000000000000000 ) ;
#2804 = PLANE ( 'NONE',  #10391 ) ;
#2805 = PLANE ( 'NONE',  #3349 ) ;
#2806 = VECTOR ( 'NONE', #10506, 1000.000000000000000 ) ;
#2807 = EDGE_LOOP ( 'NONE', ( #5143, #8575, #9710, #866, #4213 ) ) ;
#2808 = CARTESIAN_POINT ( 'NONE',  ( -2.499999999999959588, 0.2000000000000000111, 1.375000000000003109 ) ) ;
#2809 = VECTOR ( 'NONE', #10660, 1000.000000000000000 ) ;
#2810 = EDGE_CURVE ( 'NONE', #1891, #736, #9451, .T. ) ;
#2812 = LINE ( 'NONE', #8715, #9150 ) ;
#2811 = PLANE ( 'NONE',  #4411 ) ;
#2813 = EDGE_CURVE ( 'NONE', #7339, #6958, #6959, .T. ) ;
#2814 = ORIENTED_EDGE ( 'NONE', *, *, #10398, .F. ) ;
#2815 = MANIFOLD_SOLID_BREP ( 'Boss-Extrude3[13]', #1004 ) ;
#2816 = EDGE_CURVE ( 'NONE', #267, #868, #10604, .T. ) ;
#2817 = VECTOR ( 'NONE', #9600, 1000.000000000000000 ) ;
#2818 = ORIENTED_EDGE ( 'NONE', *, *, #2388, .F. ) ;
#2819 = ADVANCED_FACE ( 'NONE', ( #7007 ), #2277, .F. ) ;
#2820 = AXIS2_PLACEMENT_3D ( 'NONE', #5245, #9529, #5198 ) ;
#2821 = VECTOR ( 'NONE', #1486, 1000.000000000000000 ) ;
#2822 = ORIENTED_EDGE ( 'NONE', *, *, #3213, .T. ) ;
#2823 = ORIENTED_EDGE ( 'NONE', *, *, #10196, .F. ) ;
#2824 = CARTESIAN_POINT ( 'NONE',  ( -1.874999999999999556, 0.2000000000000000111, 2.165000000000001812 ) ) ;
#2825 = DIRECTION ( 'NONE',  ( -0.7071067811865475727, 0.000000000000000000, -0.7071067811865475727 ) ) ;
#2826 = VECTOR ( 'NONE', #9195, 1000.000000000000000 ) ;
#2827 = VERTEX_POINT ( 'NONE', #2996 ) ;
#2829 = CARTESIAN_POINT ( 'NONE',  ( -1.374999999999999112, 0.2000000000000000111, 2.100000000000032951 ) ) ;
#2828 = DIRECTION ( 'NONE',  ( 0.000000000000000000, 0.000000000000000000, 1.000000000000000000 ) ) ;
#2830 = DIRECTION ( 'NONE',  ( -0.000000000000000000, -1.000000000000000000, -0.000000000000000000 ) ) ;
#2831 = ADVANCED_FACE ( 'NONE', ( #2935 ), #9006, .T. ) ;
#2832 = AXIS2_PLACEMENT_3D ( 'NONE', #2645, #1139, #7809 ) ;
#2833 = CARTESIAN_POINT ( 'NONE',  ( 0.000000000000000000, 0.2000000000000000111, 0.000000000000000000 ) ) ;
#2834 = ADVANCED_FACE ( 'NONE', ( #7177 ), #4831, .F. ) ;
#2835 = AXIS2_PLACEMENT_3D ( 'NONE', #4182, #10131, #1635 ) ;
#2836 = CARTESIAN_POINT ( 'NONE',  ( 1.624999999999997780, 0.2000000000000000111, -2.500000000000000000 ) ) ;
#2837 = LINE ( 'NONE', #6231, #1443 ) ;
#2838 = VERTEX_POINT ( 'NONE', #608 ) ;
#2839 = VERTEX_POINT ( 'NONE', #394 ) ;
#2840 = CARTESIAN_POINT ( 'NONE',  ( 2.499999999999988454, 0.000000000000000000, 1.374999999999998668 ) ) ;
#2841 = VECTOR ( 'NONE', #10383, 1000.000000000000000 ) ;
#2842 = VERTEX_POINT ( 'NONE', #10668 ) ;
#2843 = PRESENTATION_LAYER_ASSIGNMENT (  '', '', ( #8526 ) ) ;
#2844 = PLANE ( 'NONE',  #6179 ) ;
#2845 = FACE_OUTER_BOUND ( 'NONE', #5636, .T. ) ;
#2846 = DIRECTION ( 'NONE',  ( 0.000000000000000000, 0.000000000000000000, 1.000000000000000000 ) ) ;
#2847 = VERTEX_POINT ( 'NONE', #9658 ) ;
#2848 = ORIENTED_EDGE ( 'NONE', *, *, #26, .F. ) ;
#2849 = MECHANICAL_DESIGN_GEOMETRIC_PRESENTATION_REPRESENTATION (  '', ( #10471 ), #10649 ) ;
#2850 = ORIENTED_EDGE ( 'NONE', *, *, #4570, .F. ) ;
#2851 = ORIENTED_EDGE ( 'NONE', *, *, #732, .T. ) ;
#2852 = LINE ( 'NONE', #10728, #5769 ) ;
#2853 = DIRECTION ( 'NONE',  ( 0.000000000000000000, 0.000000000000000000, 1.000000000000000000 ) ) ;
#2854 = LINE ( 'NONE', #5400, #10781 ) ;
#2855 = CARTESIAN_POINT ( 'NONE',  ( 1.375000000000002442, 0.2000000000000000111, 2.499999999999970246 ) ) ;
#2856 = CARTESIAN_POINT ( 'NONE',  ( -0.8749999999999990008, 0.04999999999999999584, 2.100000000000027178 ) ) ;
#2857 = VECTOR ( 'NONE', #5404, 1000.000000000000000 ) ;
#2859 = VERTEX_POINT ( 'NONE', #3892 ) ;
#2858 = DIRECTION ( 'NONE',  ( -0.000000000000000000, 1.000000000000000000, 0.000000000000000000 ) ) ;
#2860 = VECTOR ( 'NONE', #7604, 1000.000000000000114 ) ;
#2861 = DIRECTION ( 'NONE',  ( 3.930232875260377980E-15, 0.000000000000000000, 1.000000000000000000 ) ) ;
#2862 = DIRECTION ( 'NONE',  ( 1.040834085586083468E-14, 0.000000000000000000, 1.000000000000000000 ) ) ;
#2863 = DIRECTION ( 'NONE',  ( -0.000000000000000000, -1.000000000000000000, -0.000000000000000000 ) ) ;
#2864 = ORIENTED_EDGE ( 'NONE', *, *, #1594, .T. ) ;
#2865 = LINE ( 'NONE', #9636, #10428 ) ;
#2867 = LINE ( 'NONE', #2138, #6681 ) ;
#2866 = DIRECTION ( 'NONE',  ( 1.000000000000000000, 0.000000000000000000, 2.949029909160572061E-14 ) ) ;
#2868 = ORIENTED_EDGE ( 'NONE', *, *, #9279, .F. ) ;
#2869 = EDGE_CURVE ( 'NONE', #6296, #1142, #7384, .T. ) ;
#2870 = ORIENTED_EDGE ( 'NONE', *, *, #6631, .F. ) ;
#2872 = ORIENTED_EDGE ( 'NONE', *, *, #38, .T. ) ;
#2871 = SURFACE_SIDE_STYLE ('',( #7816 ) ) ;
#2873 = ORIENTED_EDGE ( 'NONE', *, *, #8991, .F. ) ;
#2874 = FACE_OUTER_BOUND ( 'NONE', #649, .T. ) ;
#2875 = CARTESIAN_POINT ( 'NONE',  ( 0.8749999999999993339, 0.2000000000000000111, -2.100000000000025402 ) ) ;
#2876 = ORIENTED_EDGE ( 'NONE', *, *, #2798, .F. ) ;
#2877 = EDGE_CURVE ( 'NONE', #219, #9409, #9712, .T. ) ;
#2878 = DIRECTION ( 'NONE',  ( 1.000000000000000000, 0.000000000000000000, -3.794707603699675727E-15 ) ) ;
#2879 = CARTESIAN_POINT ( 'NONE',  ( -2.500000000000000000, 0.04999999999999969746, 2.500000000000000000 ) ) ;
#2880 = CARTESIAN_POINT ( 'NONE',  ( -2.099999999999962341, 0.2000000000000000111, 1.124999999999998890 ) ) ;
#2881 = EDGE_CURVE ( 'NONE', #3133, #10852, #8169, .T. ) ;
#2882 = EDGE_CURVE ( 'NONE', #8554, #12, #6290, .T. ) ;
#2883 = LINE ( 'NONE', #6950, #9909 ) ;
#2884 = EDGE_CURVE ( 'NONE', #2608, #6474, #3827, .T. ) ;
#2885 = LINE ( 'NONE', #7999, #4815 ) ;
#2886 = EDGE_CURVE ( 'NONE', #8994, #1922, #3100, .T. ) ;
#2887 = ORIENTED_EDGE ( 'NONE', *, *, #5664, .F. ) ;
#2888 = ORIENTED_EDGE ( 'NONE', *, *, #4025, .T. ) ;
#2889 = LINE ( 'NONE', #4663, #906 ) ;
#2890 = VERTEX_POINT ( 'NONE', #8951 ) ;
#2891 = CARTESIAN_POINT ( 'NONE',  ( -2.000000000000000000, 0.9499999999999999556, -1.750000000000000000 ) ) ;
#2892 = DIRECTION ( 'NONE',  ( 1.000000000000000000, -0.000000000000000000, -0.000000000000000000 ) ) ;
#2893 = DIRECTION ( 'NONE',  ( 0.000000000000000000, -1.000000000000000000, 0.000000000000000000 ) ) ;
#2894 = CARTESIAN_POINT ( 'NONE',  ( 0.6250000000000009992, 0.04999999999999999584, 2.100000000000011635 ) ) ;
#2895 = CARTESIAN_POINT ( 'NONE',  ( -2.500000000000000000, -7.071067811865475505, 2.500000000000000000 ) ) ;
#2896 = ORIENTED_EDGE ( 'NONE', *, *, #4574, .F. ) ;
#2897 = EDGE_LOOP ( 'NONE', ( #9137, #10937, #6788, #4778 ) ) ;
#2898 = EDGE_LOOP ( 'NONE', ( #5446, #4886, #6614, #1489 ) ) ;
#2899 = CARTESIAN_POINT ( 'NONE',  ( 2.100000000000026290, 0.000000000000000000, 0.8750000000000001110 ) ) ;
#2900 = PLANE ( 'NONE',  #1024 ) ;
#2901 = DIRECTION ( 'NONE',  ( 0.000000000000000000, -0.000000000000000000, 1.000000000000000000 ) ) ;
#2902 = DIRECTION ( 'NONE',  ( -9.757819552369538328E-15, 0.000000000000000000, -1.000000000000000000 ) ) ;
#2904 = ORIENTED_EDGE ( 'NONE', *, *, #6283, .F. ) ;
#2903 = DIRECTION ( 'NONE',  ( 0.000000000000000000, -0.000000000000000000, 1.000000000000000000 ) ) ;
#2905 = DIRECTION ( 'NONE',  ( 0.000000000000000000, 0.000000000000000000, 1.000000000000000000 ) ) ;
#2906 = LINE ( 'NONE', #9793, #2957 ) ;
#2907 = CARTESIAN_POINT ( 'NONE',  ( -2.499999999999988454, 0.2000000000000000111, -1.374999999999996891 ) ) ;
#2908 = CARTESIAN_POINT ( 'NONE',  ( -2.499999999999956923, 0.2000000000000000111, 1.625000000000003109 ) ) ;
#2910 = CARTESIAN_POINT ( 'NONE',  ( 2.499999999999990674, 0.2000000000000000111, 0.6249999999999984457 ) ) ;
#2909 = LINE ( 'NONE', #9637, #2460 ) ;
#2911 = ORIENTED_EDGE ( 'NONE', *, *, #8243, .F. ) ;
#2912 = ORIENTED_EDGE ( 'NONE', *, *, #6568, .F. ) ;
#2914 = ORIENTED_EDGE ( 'NONE', *, *, #359, .T. ) ;
#2913 = FILL_AREA_STYLE_COLOUR ( '', #10307 ) ;
#2915 = ORIENTED_EDGE ( 'NONE', *, *, #3620, .F. ) ;
#2916 = DIRECTION ( 'NONE',  ( 0.000000000000000000, -1.000000000000000000, 0.000000000000000000 ) ) ;
#2917 =( NAMED_UNIT ( * ) SI_UNIT ( $, .STERADIAN. ) SOLID_ANGLE_UNIT ( ) );
#2918 = LINE ( 'NONE', #8040, #3517 ) ;
#2919 = ORIENTED_EDGE ( 'NONE', *, *, #10844, .T. ) ;
#2920 = CARTESIAN_POINT ( 'NONE',  ( -2.499999999999972911, 0.2000000000000000111, 0.1250000000000031364 ) ) ;
#2921 = AXIS2_PLACEMENT_3D ( 'NONE', #10151, #2534, #5702 ) ;
#2922 = CARTESIAN_POINT ( 'NONE',  ( -2.099999999999977884, 0.2000000000000000111, -0.3750000000000012212 ) ) ;
#2923 = CARTESIAN_POINT ( 'NONE',  ( 2.499999999999967581, 0.2000000000000000111, -0.6250000000000015543 ) ) ;
#2924 = EDGE_CURVE ( 'NONE', #2842, #10067, #1327, .T. ) ;
#2925 = DIRECTION ( 'NONE',  ( 3.794707603699675727E-15, -0.000000000000000000, 1.000000000000000000 ) ) ;
#2926 = AXIS2_PLACEMENT_3D ( 'NONE', #3103, #3000, #7287 ) ;
#2927 = DIRECTION ( 'NONE',  ( 1.000000000000000000, 0.000000000000000000, -1.029992063861228897E-14 ) ) ;
#2928 = EDGE_LOOP ( 'NONE', ( #9509, #10877 ) ) ;
#2929 = ORIENTED_EDGE ( 'NONE', *, *, #8444, .T. ) ;
#2930 = EDGE_CURVE ( 'NONE', #10888, #4792, #8107, .T. ) ;
#2931 = CARTESIAN_POINT ( 'NONE',  ( -2.499999999999956923, 0.2000000000000000111, 1.625000000000003109 ) ) ;
#2932 = FACE_OUTER_BOUND ( 'NONE', #168, .T. ) ;
#2933 = VERTEX_POINT ( 'NONE', #4781 ) ;
#2935 = FACE_OUTER_BOUND ( 'NONE', #4699, .T. ) ;
#2934 = CARTESIAN_POINT ( 'NONE',  ( -2.499999999999980460, 0.000000000000000000, -0.6249999999999968914 ) ) ;
#2936 = LINE ( 'NONE', #7224, #3884 ) ;
#2937 = LINE ( 'NONE', #8903, #9894 ) ;
#2938 = LINE ( 'NONE', #2165, #502 ) ;
#2939 = LINE ( 'NONE', #1167, #4355 ) ;
#2940 = EDGE_CURVE ( 'NONE', #3394, #10750, #558, .T. ) ;
#2941 = VECTOR ( 'NONE', #5165, 1000.000000000000000 ) ;
#2942 = ADVANCED_FACE ( 'NONE', ( #3947 ), #9883, .F. ) ;
#2943 = ORIENTED_EDGE ( 'NONE', *, *, #4577, .T. ) ;
#2944 = ADVANCED_FACE ( 'NONE', ( #5711 ), #9996, .F. ) ;
#2945 = EDGE_CURVE ( 'NONE', #7072, #5013, #7446, .T. ) ;
#2946 = AXIS2_PLACEMENT_3D ( 'NONE', #10622, #9783, #2291 ) ;
#2947 = ORIENTED_EDGE ( 'NONE', *, *, #4565, .T. ) ;
#2948 = ORIENTED_EDGE ( 'NONE', *, *, #9206, .F. ) ;
#2949 = EDGE_LOOP ( 'NONE', ( #8377, #5075, #5040, #8493 ) ) ;
#2950 = VECTOR ( 'NONE', #3433, 1000.000000000000000 ) ;
#2951 = CARTESIAN_POINT ( 'NONE',  ( -0.8749999999999975575, 0.2000000000000000111, 2.499999999999984013 ) ) ;
#2952 = CARTESIAN_POINT ( 'NONE',  ( 0.8749999999999978906, 0.2000000000000000111, -2.499999999999982236 ) ) ;
#2953 = DIRECTION ( 'NONE',  ( 1.000000000000000000, -0.000000000000000000, -1.035655806553459049E-14 ) ) ;
#2954 = LINE ( 'NONE', #1242, #5637 ) ;
#2955 = DIRECTION ( 'NONE',  ( -3.794707603699675727E-15, -0.000000000000000000, -1.000000000000000000 ) ) ;
#2956 = VECTOR ( 'NONE', #7664, 1000.000000000000000 ) ;
#2957 = VECTOR ( 'NONE', #8073, 1000.000000000000000 ) ;
#2959 = EDGE_LOOP ( 'NONE', ( #2651, #6061, #5005, #1146 ) ) ;
#2958 = PLANE ( 'NONE',  #5871 ) ;
#2960 = LINE ( 'NONE', #530, #1364 ) ;
#2961 = CARTESIAN_POINT ( 'NONE',  ( 0.1249999999999977796, 0.2000000000000000111, -2.499999999999984457 ) ) ;
#2962 = VECTOR ( 'NONE', #4902, 1000.000000000000000 ) ;
#2963 = AXIS2_PLACEMENT_3D ( 'NONE', #10831, #2439, #8441 ) ;
#2964 = CARTESIAN_POINT ( 'NONE',  ( 0.3749999999999977796, 0.2000000000000000111, -2.499999999999976907 ) ) ;
#2966 = CARTESIAN_POINT ( 'NONE',  ( 2.100000000000005418, 0.000000000000000000, -1.125000000000000000 ) ) ;
#2965 = DIRECTION ( 'NONE',  ( -1.029992063861229055E-14, 0.000000000000000000, -1.000000000000000000 ) ) ;
#2967 = VECTOR ( 'NONE', #8463, 1000.000000000000000 ) ;
#2968 = VERTEX_POINT ( 'NONE', #3268 ) ;
#2969 = ORIENTED_EDGE ( 'NONE', *, *, #10144, .T. ) ;
#2970 = VECTOR ( 'NONE', #1077, 1000.000000000000000 ) ;
#2971 = ORIENTED_EDGE ( 'NONE', *, *, #9286, .F. ) ;
#2972 = ORIENTED_EDGE ( 'NONE', *, *, #9319, .T. ) ;
#2973 = DIRECTION ( 'NONE',  ( 1.000000000000000000, 0.000000000000000000, 0.000000000000000000 ) ) ;
#2974 = VECTOR ( 'NONE', #5774, 1000.000000000000000 ) ;
#2975 = LINE ( 'NONE', #6392, #6157 ) ;
#2976 =( GEOMETRIC_REPRESENTATION_CONTEXT ( 3 ) GLOBAL_UNCERTAINTY_ASSIGNED_CONTEXT ( ( #5589 ) ) GLOBAL_UNIT_ASSIGNED_CONTEXT ( ( #6503, #491, #3155 ) ) REPRESENTATION_CONTEXT ( 'NONE', 'WORKASPACE' ) );
#2977 = PLANE ( 'NONE',  #116 ) ;
#2978 = PLANE ( 'NONE',  #2273 ) ;
#2979 = ORIENTED_EDGE ( 'NONE', *, *, #859, .T. ) ;
#2980 = CARTESIAN_POINT ( 'NONE',  ( 0.1250000000000009159, 0.2000000000000000111, 2.100000000000016964 ) ) ;
#2981 = CARTESIAN_POINT ( 'NONE',  ( -0.3750000000000022204, 0.000000000000000000, -2.499999999999979128 ) ) ;
#2982 = VECTOR ( 'NONE', #5699, 1000.000000000000000 ) ;
#2983 = DIRECTION ( 'NONE',  ( -0.000000000000000000, 0.000000000000000000, 1.000000000000000000 ) ) ;
#2984 = VECTOR ( 'NONE', #3782, 1000.000000000000000 ) ;
#2985 = AXIS2_PLACEMENT_3D ( 'NONE', #7669, #5931, #10878 ) ;
#2986 = LINE ( 'NONE', #8098, #2809 ) ;
#2987 = VECTOR ( 'NONE', #3922, 1000.000000000000000 ) ;
#2988 = CARTESIAN_POINT ( 'NONE',  ( 2.100000000000000089, 0.2000000000000000111, -1.809999999999998055 ) ) ;
#2989 = ORIENTED_EDGE ( 'NONE', *, *, #5782, .F. ) ;
#2990 = CARTESIAN_POINT ( 'NONE',  ( -0.8749999999999990008, 0.2000000000000000111, 2.100000000000027178 ) ) ;
#2991 = DIRECTION ( 'NONE',  ( 0.000000000000000000, -1.000000000000000000, 0.000000000000000000 ) ) ;
#2992 = AXIS2_PLACEMENT_3D ( 'NONE', #4187, #4907, #5850 ) ;
#2993 = EDGE_LOOP ( 'NONE', ( #3428, #1258, #6358, #661, #3042 ) ) ;
#2994 = AXIS2_PLACEMENT_3D ( 'NONE', #1966, #4465, #5185 ) ;
#2996 = CARTESIAN_POINT ( 'NONE',  ( -2.099999999999977884, 0.04999999999999999584, -0.3750000000000012212 ) ) ;
#2995 = DIRECTION ( 'NONE',  ( -0.000000000000000000, -1.000000000000000000, -0.000000000000000000 ) ) ;
#2997 = DIRECTION ( 'NONE',  ( -1.439820485060763520E-13, 0.000000000000000000, -1.000000000000000000 ) ) ;
#2998 = CARTESIAN_POINT ( 'NONE',  ( -0.8750000000000022204, 0.2000000000000000111, -2.499999999999974243 ) ) ;
#2999 = DIRECTION ( 'NONE',  ( 0.000000000000000000, -1.000000000000000000, 0.000000000000000000 ) ) ;
#3000 = DIRECTION ( 'NONE',  ( 1.000000000000000000, 0.000000000000000000, -3.794707603699675727E-15 ) ) ;
#3001 = VECTOR ( 'NONE', #6302, 1000.000000000000000 ) ;
#3002 = EDGE_CURVE ( 'NONE', #8514, #4659, #773, .T. ) ;
#3003 = ORIENTED_EDGE ( 'NONE', *, *, #1941, .T. ) ;
#3004 = FACE_OUTER_BOUND ( 'NONE', #9281, .T. ) ;
#3005 = ORIENTED_EDGE ( 'NONE', *, *, #5321, .F. ) ;
#3006 = ORIENTED_EDGE ( 'NONE', *, *, #7026, .T. ) ;
#3007 = ORIENTED_EDGE ( 'NONE', *, *, #1719, .T. ) ;
#3008 = ADVANCED_FACE ( 'NONE', ( #1556 ), #8276, .F. ) ;
#3009 = DIRECTION ( 'NONE',  ( 1.000000000000000000, 0.000000000000000000, -3.794707603699675727E-15 ) ) ;
#3010 = PRESENTATION_LAYER_ASSIGNMENT (  '', '', ( #707 ) ) ;
#3011 = FACE_OUTER_BOUND ( 'NONE', #2369, .T. ) ;
#3012 = EDGE_CURVE ( 'NONE', #8230, #4260, #9231, .T. ) ;
#3013 = DIRECTION ( 'NONE',  ( 9.893344823930226383E-15, 0.000000000000000000, 1.000000000000000000 ) ) ;
#3014 = ADVANCED_FACE ( 'NONE', ( #4878 ), #663, .T. ) ;
#3015 = ADVANCED_FACE ( 'NONE', ( #1615 ), #9171, .T. ) ;
#3016 = DIRECTION ( 'NONE',  ( -0.000000000000000000, -1.000000000000000000, -0.000000000000000000 ) ) ;
#3017 = CARTESIAN_POINT ( 'NONE',  ( 0.1250000000000009159, 0.2000000000000000111, 2.100000000000016964 ) ) ;
#3019 = VERTEX_POINT ( 'NONE', #4215 ) ;
#3018 = LINE ( 'NONE', #4802, #7125 ) ;
#3020 = ADVANCED_FACE ( 'NONE', ( #4053 ), #6677, .T. ) ;
#3021 = EDGE_CURVE ( 'NONE', #7814, #5254, #5824, .T. ) ;
#3022 = CARTESIAN_POINT ( 'NONE',  ( -1.125000000000000888, 0.2000000000000000111, -2.100000000000004530 ) ) ;
#3023 = LINE ( 'NONE', #2134, #5645 ) ;
#3024 = FACE_OUTER_BOUND ( 'NONE', #5998, .T. ) ;
#3025 = EDGE_CURVE ( 'NONE', #2859, #6797, #8396, .T. ) ;
#3026 = CARTESIAN_POINT ( 'NONE',  ( 1.625000000000001554, 0.000000000000000000, -2.100000000000000089 ) ) ;
#3028 = DIRECTION ( 'NONE',  ( -1.000000000000000000, 0.000000000000000000, 2.243176908590699067E-16 ) ) ;
#3027 = LINE ( 'NONE', #2308, #8686 ) ;
#3029 = ORIENTED_EDGE ( 'NONE', *, *, #1843, .T. ) ;
#3030 = ORIENTED_EDGE ( 'NONE', *, *, #6288, .F. ) ;
#3031 = EDGE_CURVE ( 'NONE', #2801, #7204, #1365, .T. ) ;
#3032 = VECTOR ( 'NONE', #1533, 1000.000000000000000 ) ;
#3034 = ORIENTED_EDGE ( 'NONE', *, *, #5138, .F. ) ;
#3033 = CARTESIAN_POINT ( 'NONE',  ( 1.874999999999999112, 0.000000000000000000, 2.165000000000000480 ) ) ;
#3035 = ORIENTED_EDGE ( 'NONE', *, *, #1779, .T. ) ;
#3036 = DIRECTION ( 'NONE',  ( 0.000000000000000000, 1.000000000000000000, 0.000000000000000000 ) ) ;
#3037 = FACE_OUTER_BOUND ( 'NONE', #9288, .T. ) ;
#3038 = DIRECTION ( 'NONE',  ( -1.000000000000000000, -0.000000000000000000, 1.084202172485504118E-14 ) ) ;
#3039 = ORIENTED_EDGE ( 'NONE', *, *, #9189, .F. ) ;
#3040 = CARTESIAN_POINT ( 'NONE',  ( 1.092293233474233333E-14, 0.05000000000000000278, 1.875000000000013101 ) ) ;
#3041 = DIRECTION ( 'NONE',  ( 0.000000000000000000, -1.000000000000000000, 0.000000000000000000 ) ) ;
#3042 = ORIENTED_EDGE ( 'NONE', *, *, #7345, .T. ) ;
#3043 = DIRECTION ( 'NONE',  ( 1.000000000000000000, 0.000000000000000000, -1.040834085586084257E-14 ) ) ;
#3044 = CARTESIAN_POINT ( 'NONE',  ( 2.499999999999980016, 0.2000000000000000111, -0.3750000000000014988 ) ) ;
#3045 = LINE ( 'NONE', #3941, #8372 ) ;
#3046 = ORIENTED_EDGE ( 'NONE', *, *, #9279, .T. ) ;
#3047 = CARTESIAN_POINT ( 'NONE',  ( 1.675000000000000044, 0.2000000000000000111, 1.524999999999997691 ) ) ;
#3048 = CARTESIAN_POINT ( 'NONE',  ( 2.500000000000000000, 0.04999999999999969746, -1.125000000000000666 ) ) ;
#3049 = ORIENTED_EDGE ( 'NONE', *, *, #6644, .F. ) ;
#3051 = CARTESIAN_POINT ( 'NONE',  ( 2.499999999999983125, 0.2000000000000000111, 0.8749999999999984457 ) ) ;
#3050 = FACE_OUTER_BOUND ( 'NONE', #8081, .T. ) ;
#3052 = DIRECTION ( 'NONE',  ( -1.035655806553459206E-14, 0.000000000000000000, -1.000000000000000000 ) ) ;
#3053 = CARTESIAN_POINT ( 'NONE',  ( -2.541098841763140436E-15, 0.05000000000000000278, -0.6249999999999913403 ) ) ;
#3054 = CARTESIAN_POINT ( 'NONE',  ( -0.8750000000000022204, 0.2000000000000000111, -2.499999999999974243 ) ) ;
#3055 = ORIENTED_EDGE ( 'NONE', *, *, #3685, .F. ) ;
#3056 = LINE ( 'NONE', #9076, #8664 ) ;
#3057 = ORIENTED_EDGE ( 'NONE', *, *, #3472, .F. ) ;
#3058 = ORIENTED_EDGE ( 'NONE', *, *, #4850, .F. ) ;
#3059 = ORIENTED_EDGE ( 'NONE', *, *, #7162, .F. ) ;
#3060 = LINE ( 'NONE', #6418, #7205 ) ;
#3061 = FILL_AREA_STYLE_COLOUR ( '', #2300 ) ;
#3062 = DIRECTION ( 'NONE',  ( -0.000000000000000000, 1.000000000000000000, 0.000000000000000000 ) ) ;
#3063 = PLANE ( 'NONE',  #1569 ) ;
#3064 = ORIENTED_EDGE ( 'NONE', *, *, #7636, .F. ) ;
#3065 = DIRECTION ( 'NONE',  ( -0.000000000000000000, -1.000000000000000000, -0.000000000000000000 ) ) ;
#3066 = EDGE_CURVE ( 'NONE', #5700, #5413, #10929, .T. ) ;
#3067 = ADVANCED_FACE ( 'NONE', ( #3164 ), #8344, .F. ) ;
#3069 = ORIENTED_EDGE ( 'NONE', *, *, #5193, .T. ) ;
#3068 = DIRECTION ( 'NONE',  ( -9.757819552369538328E-15, 0.000000000000000000, -1.000000000000000000 ) ) ;
#3070 = SURFACE_SIDE_STYLE ('',( #9140 ) ) ;
#3071 = DIRECTION ( 'NONE',  ( 8.439195288535886079E-14, 0.000000000000000000, -1.000000000000000000 ) ) ;
#3072 = LINE ( 'NONE', #8974, #487 ) ;
#3073 = CARTESIAN_POINT ( 'NONE',  ( -1.874999999999998890, 0.000000000000000000, -2.164999999999999591 ) ) ;
#3074 = ADVANCED_FACE ( 'NONE', ( #10164 ), #2550, .F. ) ;
#3076 = CARTESIAN_POINT ( 'NONE',  ( 2.100000000000000089, 0.2000000000000000111, -1.809999999999998055 ) ) ;
#3075 = CARTESIAN_POINT ( 'NONE',  ( 2.499999999999972911, 0.000000000000000000, -0.1250000000000014988 ) ) ;
#3077 = EDGE_LOOP ( 'NONE', ( #4479, #5393, #8906, #6815 ) ) ;
#3078 = EDGE_CURVE ( 'NONE', #8419, #2968, #8504, .T. ) ;
#3079 = VERTEX_POINT ( 'NONE', #6223 ) ;
#3080 = EDGE_CURVE ( 'NONE', #6429, #9766, #8610, .T. ) ;
#3081 = EDGE_CURVE ( 'NONE', #7523, #9179, #9548, .T. ) ;
#3083 = ORIENTED_EDGE ( 'NONE', *, *, #842, .T. ) ;
#3082 =( NAMED_UNIT ( * ) PLANE_ANGLE_UNIT ( ) SI_UNIT ( $, .RADIAN. ) );
#3084 = ORIENTED_EDGE ( 'NONE', *, *, #6834, .T. ) ;
#3085 = LINE ( 'NONE', #3762, #5780 ) ;
#3086 = CARTESIAN_POINT ( 'NONE',  ( -2.499999999999972911, 0.000000000000000000, 0.1250000000000031364 ) ) ;
#3087 = VERTEX_POINT ( 'NONE', #7715 ) ;
#3088 = PLANE ( 'NONE',  #10450 ) ;
#3089 = LINE ( 'NONE', #9871, #8429 ) ;
#3090 = EDGE_LOOP ( 'NONE', ( #9376, #5288, #3459, #37 ) ) ;
#3091 = EDGE_CURVE ( 'NONE', #3837, #3610, #6045, .T. ) ;
#3092 = CARTESIAN_POINT ( 'NONE',  ( -2.099999999999990763, 0.04999999999999999584, -1.625000000000001110 ) ) ;
#3093 = DIRECTION ( 'NONE',  ( -0.7071067811865451302, -0.000000000000000000, 0.7071067811865499042 ) ) ;
#3094 = EDGE_LOOP ( 'NONE', ( #7554, #2009, #9132, #4598 ) ) ;
#3095 = DIRECTION ( 'NONE',  ( 1.000000000000000000, 0.000000000000000000, -1.084202172485504276E-14 ) ) ;
#3096 = DIRECTION ( 'NONE',  ( 0.7071067811865474617, 0.000000000000000000, -0.7071067811865474617 ) ) ;
#3097 = VECTOR ( 'NONE', #9761, 1000.000000000000000 ) ;
#3098 = VERTEX_POINT ( 'NONE', #1940 ) ;
#3100 = LINE ( 'NONE', #9772, #717 ) ;
#3099 = PLANE ( 'NONE',  #7754 ) ;
#3101 = FACE_OUTER_BOUND ( 'NONE', #516, .T. ) ;
#3102 = DIRECTION ( 'NONE',  ( -3.794707603699675727E-15, 0.000000000000000000, -1.000000000000000000 ) ) ;
#3103 = CARTESIAN_POINT ( 'NONE',  ( 0.6250000000000025535, 0.2000000000000000111, 2.499999999999968470 ) ) ;
#3104 = ORIENTED_EDGE ( 'NONE', *, *, #3197, .F. ) ;
#3105 = VECTOR ( 'NONE', #2725, 1000.000000000000000 ) ;
#3106 = LINE ( 'NONE', #6582, #4045 ) ;
#3107 = EDGE_LOOP ( 'NONE', ( #2823, #3801, #146, #4752, #5719, #9018, #8452, #2437 ) ) ;
#3108 = VERTEX_POINT ( 'NONE', #5985 ) ;
#3109 = EDGE_LOOP ( 'NONE', ( #9587, #180, #8382, #7724 ) ) ;
#3110 = LINE ( 'NONE', #2899, #4189 ) ;
#3111 = VECTOR ( 'NONE', #1667, 1000.000000000000000 ) ;
#3112 = DIRECTION ( 'NONE',  ( -1.000000000000000000, 0.000000000000000000, 1.439820485060763520E-13 ) ) ;
#3113 = LINE ( 'NONE', #5401, #9201 ) ;
#3114 = ORIENTED_EDGE ( 'NONE', *, *, #7429, .T. ) ;
#3115 = CARTESIAN_POINT ( 'NONE',  ( 0.8749999999999993339, 0.04999999999999999584, -2.100000000000025402 ) ) ;
#3116 = VECTOR ( 'NONE', #4151, 1000.000000000000000 ) ;
#3118 = ORIENTED_EDGE ( 'NONE', *, *, #8798, .F. ) ;
#3117 = CARTESIAN_POINT ( 'NONE',  ( -2.499999999999988454, 0.000000000000000000, -1.374999999999996891 ) ) ;
#3119 = DIRECTION ( 'NONE',  ( 0.000000000000000000, -1.000000000000000000, 0.000000000000000000 ) ) ;
#3120 = PLANE ( 'NONE',  #4031 ) ;
#3121 = CARTESIAN_POINT ( 'NONE',  ( -1.874999999999998890, 0.2000000000000000111, -2.164999999999999591 ) ) ;
#3122 = DIRECTION ( 'NONE',  ( 1.000000000000000000, -0.000000000000000000, -3.794707603699675727E-15 ) ) ;
#3123 = CARTESIAN_POINT ( 'NONE',  ( 2.499999999999974687, 0.000000000000000000, -0.8750000000000015543 ) ) ;
#3124 = CLOSED_SHELL ( 'NONE', ( #1369, #8674, #6645, #7845, #10897, #432 ) ) ;
#3125 = AXIS2_PLACEMENT_3D ( 'NONE', #2745, #2642, #5966 ) ;
#3127 = LINE ( 'NONE', #3194, #8804 ) ;
#3126 = LINE ( 'NONE', #587, #7422 ) ;
#3128 = EDGE_CURVE ( 'NONE', #2598, #1009, #8781, .T. ) ;
#3129 = ORIENTED_EDGE ( 'NONE', *, *, #8248, .T. ) ;
#3130 = VERTEX_POINT ( 'NONE', #4436 ) ;
#3131 = EDGE_CURVE ( 'NONE', #7785, #5309, #6836, .T. ) ;
#3133 = VERTEX_POINT ( 'NONE', #7873 ) ;
#3132 = FACE_OUTER_BOUND ( 'NONE', #1950, .T. ) ;
#3134 = ORIENTED_EDGE ( 'NONE', *, *, #6630, .F. ) ;
#3135 = AXIS2_PLACEMENT_3D ( 'NONE', #4016, #4183, #6651 ) ;
#3136 = APPLICATION_PROTOCOL_DEFINITION ( 'draft international standard', 'automotive_design', 1998, #6649 ) ;
#3137 = VECTOR ( 'NONE', #4279, 1000.000000000000000 ) ;
#3138 = DIRECTION ( 'NONE',  ( 0.000000000000000000, 1.000000000000000000, 0.000000000000000000 ) ) ;
#3139 = ADVANCED_FACE ( 'NONE', ( #10214 ), #2657, .T. ) ;
#3140 = DIRECTION ( 'NONE',  ( 0.000000000000000000, -0.000000000000000000, -1.000000000000000000 ) ) ;
#3141 = ORIENTED_EDGE ( 'NONE', *, *, #5921, .T. ) ;
#3142 = EDGE_CURVE ( 'NONE', #2368, #832, #5210, .T. ) ;
#3143 = LINE ( 'NONE', #9813, #9919 ) ;
#3144 = ADVANCED_FACE ( 'NONE', ( #3652 ), #7769, .T. ) ;
#3145 = DIRECTION ( 'NONE',  ( 3.794707603699675727E-15, -0.000000000000000000, 1.000000000000000000 ) ) ;
#3146 = VECTOR ( 'NONE', #10447, 1000.000000000000000 ) ;
#3147 = ADVANCED_FACE ( 'NONE', ( #5163 ), #154, .T. ) ;
#3148 = UNCERTAINTY_MEASURE_WITH_UNIT (LENGTH_MEASURE( 1.000000000000000082E-05 ), #1266, 'distance_accuracy_value', 'NONE');
#3149 = ORIENTED_EDGE ( 'NONE', *, *, #9130, .T. ) ;
#3150 = VECTOR ( 'NONE', #8055, 1000.000000000000000 ) ;
#3151 = VECTOR ( 'NONE', #7081, 1000.000000000000000 ) ;
#3152 = EDGE_CURVE ( 'NONE', #10121, #2259, #4330, .T. ) ;
#3153 = AXIS2_PLACEMENT_3D ( 'NONE', #5176, #5282, #9505 ) ;
#3154 = AXIS2_PLACEMENT_3D ( 'NONE', #5895, #4012, #9964 ) ;
#3155 =( NAMED_UNIT ( * ) SI_UNIT ( $, .STERADIAN. ) SOLID_ANGLE_UNIT ( ) );
#3156 = PLANE ( 'NONE',  #1092 ) ;
#3157 = FACE_OUTER_BOUND ( 'NONE', #10528, .T. ) ;
#3158 = DIRECTION ( 'NONE',  ( 1.000000000000000000, 0.000000000000000000, -5.825563911862536124E-15 ) ) ;
#3159 = DIRECTION ( 'NONE',  ( -1.000000000000000000, 0.000000000000000000, 0.000000000000000000 ) ) ;
#3160 = AXIS2_PLACEMENT_3D ( 'NONE', #6027, #9367, #10249 ) ;
#3161 = ORIENTED_EDGE ( 'NONE', *, *, #3696, .F. ) ;
#3162 = EDGE_CURVE ( 'NONE', #6550, #6824, #5262, .T. ) ;
#3164 = FACE_OUTER_BOUND ( 'NONE', #3525, .T. ) ;
#3163 = CARTESIAN_POINT ( 'NONE',  ( -1.525000000000000133, 0.000000000000000000, 1.524999999999999245 ) ) ;
#3165 = FACE_OUTER_BOUND ( 'NONE', #4969, .T. ) ;
#3166 = VECTOR ( 'NONE', #4669, 1000.000000000000000 ) ;
#3167 = EDGE_CURVE ( 'NONE', #10365, #1595, #48, .T. ) ;
#3168 = DIRECTION ( 'NONE',  ( 1.000000000000000000, 0.000000000000000000, -3.794707603699675727E-15 ) ) ;
#3169 = VECTOR ( 'NONE', #5886, 1000.000000000000000 ) ;
#3170 = PLANE ( 'NONE',  #1530 ) ;
#3171 = ORIENTED_EDGE ( 'NONE', *, *, #4516, .F. ) ;
#3172 = AXIS2_PLACEMENT_3D ( 'NONE', #5735, #1522, #6598 ) ;
#3173 = DIRECTION ( 'NONE',  ( -1.000000000000000000, 0.000000000000000000, 1.439820485060763520E-13 ) ) ;
#3174 = VECTOR ( 'NONE', #8368, 1000.000000000000000 ) ;
#3175 = ORIENTED_EDGE ( 'NONE', *, *, #7015, .F. ) ;
#3176 = VECTOR ( 'NONE', #8091, 1000.000000000000114 ) ;
#3177 = ORIENTED_EDGE ( 'NONE', *, *, #4234, .T. ) ;
#3178 = ORIENTED_EDGE ( 'NONE', *, *, #8601, .F. ) ;
#3179 = DIRECTION ( 'NONE',  ( 0.000000000000000000, 1.000000000000000000, 0.000000000000000000 ) ) ;
#3180 = CARTESIAN_POINT ( 'NONE',  ( -1.875000000000002220, 0.04999999999999999584, -2.499999999999953815 ) ) ;
#3181 =( GEOMETRIC_REPRESENTATION_CONTEXT ( 3 ) GLOBAL_UNCERTAINTY_ASSIGNED_CONTEXT ( ( #8380 ) ) GLOBAL_UNIT_ASSIGNED_CONTEXT ( ( #5621, #7251, #4015 ) ) REPRESENTATION_CONTEXT ( 'NONE', 'WORKASPACE' ) );
#3182 = DIRECTION ( 'NONE',  ( -3.794707603699675727E-15, 0.000000000000000000, -1.000000000000000000 ) ) ;
#3183 = DIRECTION ( 'NONE',  ( -0.000000000000000000, -1.000000000000000000, -0.000000000000000000 ) ) ;
#3184 = ORIENTED_EDGE ( 'NONE', *, *, #228, .F. ) ;
#3185 = FACE_OUTER_BOUND ( 'NONE', #4076, .T. ) ;
#3186 = VECTOR ( 'NONE', #5947, 1000.000000000000000 ) ;
#3188 = ORIENTED_EDGE ( 'NONE', *, *, #2008, .T. ) ;
#3187 = DIRECTION ( 'NONE',  ( -0.000000000000000000, 1.000000000000000000, -0.000000000000000000 ) ) ;
#3189 = CARTESIAN_POINT ( 'NONE',  ( -0.8749999999999983347, 0.2000000000000000111, -2.099999999999973888 ) ) ;
#3190 = CARTESIAN_POINT ( 'NONE',  ( 0.3749999999999993339, 0.2000000000000000111, -2.100000000000020073 ) ) ;
#3191 = PLANE ( 'NONE',  #7403 ) ;
#3192 = CARTESIAN_POINT ( 'NONE',  ( 0.3749999999999985567, 0.04999999999999999584, 2.099999999999980993 ) ) ;
#3194 = CARTESIAN_POINT ( 'NONE',  ( -1.874999999999998890, 0.2000000000000000111, -2.164999999999999591 ) ) ;
#3193 = LINE ( 'NONE', #3926, #5295 ) ;
#3195 = ORIENTED_EDGE ( 'NONE', *, *, #8179, .F. ) ;
#3196 = ORIENTED_EDGE ( 'NONE', *, *, #5770, .T. ) ;
#3197 = EDGE_CURVE ( 'NONE', #3939, #4793, #10372, .T. ) ;
#3199 = VERTEX_POINT ( 'NONE', #8563 ) ;
#3198 = LINE ( 'NONE', #6607, #3032 ) ;
#3200 = EDGE_LOOP ( 'NONE', ( #7479, #493, #7076, #9017, #3536, #3134, #2526, #10727 ) ) ;
#3201 =( GEOMETRIC_REPRESENTATION_CONTEXT ( 3 ) GLOBAL_UNCERTAINTY_ASSIGNED_CONTEXT ( ( #814 ) ) GLOBAL_UNIT_ASSIGNED_CONTEXT ( ( #7105, #6989, #9537 ) ) REPRESENTATION_CONTEXT ( 'NONE', 'WORKASPACE' ) );
#3202 =( NAMED_UNIT ( * ) PLANE_ANGLE_UNIT ( ) SI_UNIT ( $, .RADIAN. ) );
#3203 = PLANE ( 'NONE',  #3688 ) ;
#3204 = VERTEX_POINT ( 'NONE', #6154 ) ;
#3205 = CARTESIAN_POINT ( 'NONE',  ( 1.374999999999997780, 0.2000000000000000111, -2.499999999999987566 ) ) ;
#3206 = ADVANCED_FACE ( 'NONE', ( #10326 ), #4540, .F. ) ;
#3207 = ADVANCED_FACE ( 'NONE', ( #943 ), #6885, .F. ) ;
#3208 = LINE ( 'NONE', #813, #6111 ) ;
#3209 = VECTOR ( 'NONE', #10549, 1000.000000000000000 ) ;
#3210 = ORIENTED_EDGE ( 'NONE', *, *, #8187, .T. ) ;
#3211 = AXIS2_PLACEMENT_3D ( 'NONE', #10861, #5022, #8420 ) ;
#3212 = DIRECTION ( 'NONE',  ( -1.000000000000000000, 0.000000000000000000, 9.757819552369538328E-15 ) ) ;
#3213 = EDGE_CURVE ( 'NONE', #1509, #1916, #4487, .T. ) ;
#3214 = EDGE_CURVE ( 'NONE', #7600, #5864, #532, .T. ) ;
#3215 = CARTESIAN_POINT ( 'NONE',  ( -2.499999999999972911, 0.2000000000000000111, 0.1250000000000031364 ) ) ;
#3216 = CARTESIAN_POINT ( 'NONE',  ( 0.000000000000000000, 0.2000000000000000111, 0.000000000000000000 ) ) ;
#3217 = DIRECTION ( 'NONE',  ( -1.439820485060763520E-13, 0.000000000000000000, -1.000000000000000000 ) ) ;
#3218 = VECTOR ( 'NONE', #166, 1000.000000000000000 ) ;
#3219 = ORIENTED_EDGE ( 'NONE', *, *, #4632, .T. ) ;
#3221 = CARTESIAN_POINT ( 'NONE',  ( 1.525000000000000133, 0.2000000000000000111, -1.525000000000001465 ) ) ;
#3220 = DIRECTION ( 'NONE',  ( -3.794707603699675727E-15, 0.000000000000000000, -1.000000000000000000 ) ) ;
#3222 = EDGE_CURVE ( 'NONE', #8326, #5096, #5566, .T. ) ;
#3223 = DIRECTION ( 'NONE',  ( 0.000000000000000000, 1.000000000000000000, -0.000000000000000000 ) ) ;
#3224 = DIRECTION ( 'NONE',  ( -1.000000000000000000, 0.000000000000000000, 9.893344823930224805E-15 ) ) ;
#3225 = LINE ( 'NONE', #6579, #7377 ) ;
#3226 = EDGE_CURVE ( 'NONE', #2527, #1294, #3072, .T. ) ;
#3227 = EDGE_CURVE ( 'NONE', #7980, #7658, #2364, .T. ) ;
#3228 = ORIENTED_EDGE ( 'NONE', *, *, #359, .F. ) ;
#3229 = CARTESIAN_POINT ( 'NONE',  ( 0.3749999999999993339, 0.2000000000000000111, -2.100000000000020073 ) ) ;
#3230 = EDGE_CURVE ( 'NONE', #7535, #5349, #5736, .T. ) ;
#3231 = ORIENTED_EDGE ( 'NONE', *, *, #10419, .T. ) ;
#3232 = ORIENTED_EDGE ( 'NONE', *, *, #2130, .T. ) ;
#3233 = ORIENTED_EDGE ( 'NONE', *, *, #8587, .T. ) ;
#3234 = CARTESIAN_POINT ( 'NONE',  ( 2.499999999999972911, 0.2000000000000000111, -0.1250000000000014988 ) ) ;
#3235 = LINE ( 'NONE', #3280, #3186 ) ;
#3236 = LINE ( 'NONE', #4070, #5988 ) ;
#3237 = FACE_OUTER_BOUND ( 'NONE', #9687, .T. ) ;
#3238 = EDGE_LOOP ( 'NONE', ( #2515, #3662, #5507, #2248 ) ) ;
#3239 = CARTESIAN_POINT ( 'NONE',  ( 2.165000000000000036, 0.2000000000000000111, -1.874999999999998002 ) ) ;
#3241 = EDGE_LOOP ( 'NONE', ( #1722, #6519, #5313, #5844 ) ) ;
#3240 = CARTESIAN_POINT ( 'NONE',  ( -0.6250000000000022204, 0.2000000000000000111, -2.499999999999966693 ) ) ;
#3242 = LINE ( 'NONE', #4077, #2431 ) ;
#3243 = CARTESIAN_POINT ( 'NONE',  ( -2.499999999999967581, 0.2000000000000000111, 0.6250000000000031086 ) ) ;
#3244 = CARTESIAN_POINT ( 'NONE',  ( -0.6250000000000022204, 0.2000000000000000111, -2.499999999999966693 ) ) ;
#3245 = CARTESIAN_POINT ( 'NONE',  ( -2.000000000000000000, 1.000000000000000000, -2.000000000000000000 ) ) ;
#3246 = CARTESIAN_POINT ( 'NONE',  ( -1.875000000000002220, 0.2000000000000000111, -2.499999999999953815 ) ) ;
#3248 = CARTESIAN_POINT ( 'NONE',  ( -1.124999999999997558, 0.04999999999999999584, 2.499999999999996447 ) ) ;
#3247 = CARTESIAN_POINT ( 'NONE',  ( -1.374999999999999112, 0.2000000000000000111, 2.100000000000032951 ) ) ;
#3249 = ORIENTED_EDGE ( 'NONE', *, *, #10342, .T. ) ;
#3250 = ORIENTED_EDGE ( 'NONE', *, *, #5312, .T. ) ;
#3252 = ORIENTED_EDGE ( 'NONE', *, *, #5234, .F. ) ;
#3251 = LINE ( 'NONE', #10032, #10659 ) ;
#3253 = ORIENTED_EDGE ( 'NONE', *, *, #3230, .F. ) ;
#3254 = DIRECTION ( 'NONE',  ( 0.000000000000000000, -1.000000000000000000, 0.000000000000000000 ) ) ;
#3255 = DIRECTION ( 'NONE',  ( 0.000000000000000000, -0.000000000000000000, 1.000000000000000000 ) ) ;
#3256 = ORIENTED_EDGE ( 'NONE', *, *, #10615, .F. ) ;
#3257 = PLANE ( 'NONE',  #3706 ) ;
#3258 = CARTESIAN_POINT ( 'NONE',  ( 0.1249999999999977796, 0.2000000000000000111, -2.499999999999984457 ) ) ;
#3259 = EDGE_LOOP ( 'NONE', ( #10725, #1763, #2912, #3722 ) ) ;
#3260 = ORIENTED_EDGE ( 'NONE', *, *, #9611, .T. ) ;
#3261 = DIRECTION ( 'NONE',  ( 3.794707603699675727E-15, -0.000000000000000000, 1.000000000000000000 ) ) ;
#3262 = DIRECTION ( 'NONE',  ( -0.000000000000000000, 0.000000000000000000, 1.000000000000000000 ) ) ;
#3263 = LINE ( 'NONE', #6671, #10917 ) ;
#3264 = DIRECTION ( 'NONE',  ( 0.7071067811865474617, 0.000000000000000000, -0.7071067811865474617 ) ) ;
#3265 = PLANE ( 'NONE',  #7813 ) ;
#3266 = ORIENTED_EDGE ( 'NONE', *, *, #7551, .T. ) ;
#3268 = CARTESIAN_POINT ( 'NONE',  ( 1.374999999999999334, 0.04999999999999999584, -2.100000000000030731 ) ) ;
#3267 = DIRECTION ( 'NONE',  ( 0.000000000000000000, -1.000000000000000000, 0.000000000000000000 ) ) ;
#3269 = DIRECTION ( 'NONE',  ( -1.439820485060763520E-13, 0.000000000000000000, -1.000000000000000000 ) ) ;
#3270 = PLANE ( 'NONE',  #277 ) ;
#3271 = EDGE_CURVE ( 'NONE', #10889, #2034, #466, .T. ) ;
#3272 = ORIENTED_EDGE ( 'NONE', *, *, #10536, .F. ) ;
#3273 = CARTESIAN_POINT ( 'NONE',  ( 2.499999999999967581, 0.2000000000000000111, -0.6250000000000015543 ) ) ;
#3274 = EDGE_CURVE ( 'NONE', #8012, #4757, #7309, .T. ) ;
#3275 = AXIS2_PLACEMENT_3D ( 'NONE', #5376, #8782, #6276 ) ;
#3276 = ORIENTED_EDGE ( 'NONE', *, *, #3569, .F. ) ;
#3277 = EDGE_LOOP ( 'NONE', ( #2788, #8542, #2417, #10271 ) ) ;
#3278 = EDGE_LOOP ( 'NONE', ( #9100, #1565, #7839, #8877 ) ) ;
#3279 = DIRECTION ( 'NONE',  ( -0.000000000000000000, -1.000000000000000000, -0.000000000000000000 ) ) ;
#3280 = CARTESIAN_POINT ( 'NONE',  ( -0.8749999999999777955, 0.05000000000000000278, 8.538092108323128114E-15 ) ) ;
#3281 = ADVANCED_FACE ( 'NONE', ( #4018 ), #3191, .T. ) ;
#3282 = DIRECTION ( 'NONE',  ( 0.000000000000000000, -1.000000000000000000, 0.000000000000000000 ) ) ;
#3283 = EDGE_CURVE ( 'NONE', #4264, #8608, #10696, .T. ) ;
#3284 = CARTESIAN_POINT ( 'NONE',  ( -2.499999999999956923, 0.000000000000000000, 1.625000000000003109 ) ) ;
#3285 = ORIENTED_EDGE ( 'NONE', *, *, #655, .F. ) ;
#3286 = EDGE_CURVE ( 'NONE', #5969, #230, #1523, .T. ) ;
#3287 = CARTESIAN_POINT ( 'NONE',  ( -0.3749999999999982792, 0.2000000000000000111, -2.099999999999979217 ) ) ;
#3288 = AXIS2_PLACEMENT_3D ( 'NONE', #6657, #4022, #6603 ) ;
#3289 = EDGE_CURVE ( 'NONE', #4957, #256, #2240, .T. ) ;
#3290 = VECTOR ( 'NONE', #7797, 1000.000000000000000 ) ;
#3291 = EDGE_LOOP ( 'NONE', ( #3397, #2419, #1590, #3149 ) ) ;
#3292 = AXIS2_PLACEMENT_3D ( 'NONE', #5490, #3043, #1374 ) ;
#3293 = CARTESIAN_POINT ( 'NONE',  ( 2.499999999999962252, 0.2000000000000000111, -1.125000000000001332 ) ) ;
#3294 = FILL_AREA_STYLE ('',( #911 ) ) ;
#3295 = FILL_AREA_STYLE_COLOUR ( '', #6159 ) ;
#3296 = FACE_OUTER_BOUND ( 'NONE', #1358, .T. ) ;
#3297 = LINE ( 'NONE', #3409, #7055 ) ;
#3298 = CARTESIAN_POINT ( 'NONE',  ( 2.100000000000000533, 0.2000000000000000111, 1.625000000000002442 ) ) ;
#3300 = DIRECTION ( 'NONE',  ( -1.000000000000000000, 0.000000000000000000, 9.757819552369538328E-15 ) ) ;
#3299 = DIRECTION ( 'NONE',  ( 0.000000000000000000, 1.000000000000000000, 0.000000000000000000 ) ) ;
#3301 = VECTOR ( 'NONE', #6184, 1000.000000000000000 ) ;
#3302 = EDGE_CURVE ( 'NONE', #6560, #280, #1420, .T. ) ;
#3303 = ORIENTED_EDGE ( 'NONE', *, *, #3570, .F. ) ;
#3304 = VECTOR ( 'NONE', #3542, 1000.000000000000000 ) ;
#3305 = VERTEX_POINT ( 'NONE', #4079 ) ;
#3307 = ORIENTED_EDGE ( 'NONE', *, *, #10561, .T. ) ;
#3306 = DIRECTION ( 'NONE',  ( -1.000000000000000000, 0.000000000000000000, 9.757819552369538328E-15 ) ) ;
#3308 = ORIENTED_EDGE ( 'NONE', *, *, #4120, .F. ) ;
#3309 = VECTOR ( 'NONE', #8016, 1000.000000000000000 ) ;
#3310 = CLOSED_SHELL ( 'NONE', ( #5670, #710, #364, #3281 ) ) ;
#3311 = CARTESIAN_POINT ( 'NONE',  ( 0.000000000000000000, 0.2000000000000000111, 0.000000000000000000 ) ) ;
#3312 = VECTOR ( 'NONE', #7925, 1000.000000000000000 ) ;
#3313 = ORIENTED_EDGE ( 'NONE', *, *, #6279, .F. ) ;
#3314 = LINE ( 'NONE', #9985, #695 ) ;
#3315 = CARTESIAN_POINT ( 'NONE',  ( 2.100000000000005418, 0.2000000000000000111, -1.125000000000000000 ) ) ;
#3316 = VERTEX_POINT ( 'NONE', #8200 ) ;
#3317 = ORIENTED_EDGE ( 'NONE', *, *, #975, .T. ) ;
#3318 = VECTOR ( 'NONE', #1933, 1000.000000000000000 ) ;
#3319 = AXIS2_PLACEMENT_3D ( 'NONE', #193, #7696, #8592 ) ;
#3320 = FACE_OUTER_BOUND ( 'NONE', #2774, .T. ) ;
#3321 = DIRECTION ( 'NONE',  ( -0.000000000000000000, -1.000000000000000000, -0.000000000000000000 ) ) ;
#3322 = LINE ( 'NONE', #1492, #4709 ) ;
#3323 = CARTESIAN_POINT ( 'NONE',  ( -2.499999999999956923, 0.2000000000000000111, 1.625000000000003109 ) ) ;
#3324 = DIRECTION ( 'NONE',  ( 1.000000000000000000, 0.000000000000000000, -9.825582188149882355E-15 ) ) ;
#3325 = ORIENTED_EDGE ( 'NONE', *, *, #160, .T. ) ;
#3327 = DIRECTION ( 'NONE',  ( 0.000000000000000000, 1.000000000000000000, 0.000000000000000000 ) ) ;
#3326 = PLANE ( 'NONE',  #2461 ) ;
#3328 = VECTOR ( 'NONE', #10302, 1000.000000000000000 ) ;
#3329 = FACE_OUTER_BOUND ( 'NONE', #8687, .T. ) ;
#3330 = AXIS2_PLACEMENT_3D ( 'NONE', #210, #9604, #5374 ) ;
#3331 = CARTESIAN_POINT ( 'NONE',  ( 2.099999999999969447, 0.2000000000000000111, -1.374999999999997558 ) ) ;
#3332 = VECTOR ( 'NONE', #9527, 1000.000000000000000 ) ;
#3333 = VECTOR ( 'NONE', #4715, 1000.000000000000000 ) ;
#3334 = ORIENTED_EDGE ( 'NONE', *, *, #3425, .F. ) ;
#3335 = DIRECTION ( 'NONE',  ( 1.000000000000000000, -0.000000000000000000, 0.000000000000000000 ) ) ;
#3336 = VECTOR ( 'NONE', #6907, 1000.000000000000000 ) ;
#3337 = ORIENTED_EDGE ( 'NONE', *, *, #7375, .F. ) ;
#3338 = VERTEX_POINT ( 'NONE', #3973 ) ;
#3339 = ORIENTED_EDGE ( 'NONE', *, *, #9788, .F. ) ;
#3340 = CARTESIAN_POINT ( 'NONE',  ( 1.125000000000001776, 0.04999999999999969746, 2.500000000000000000 ) ) ;
#3341 = VECTOR ( 'NONE', #9131, 1000.000000000000000 ) ;
#3342 =( GEOMETRIC_REPRESENTATION_CONTEXT ( 3 ) GLOBAL_UNCERTAINTY_ASSIGNED_CONTEXT ( ( #9815 ) ) GLOBAL_UNIT_ASSIGNED_CONTEXT ( ( #9819, #6565, #433 ) ) REPRESENTATION_CONTEXT ( 'NONE', 'WORKASPACE' ) );
#3343 = PRESENTATION_STYLE_ASSIGNMENT (( #4889 ) ) ;
#3344 = CARTESIAN_POINT ( 'NONE',  ( -1.524999999999999023, 0.2000000000000000111, 1.674999999999999156 ) ) ;
#3345 = DIRECTION ( 'NONE',  ( 3.930232875260377980E-15, 0.000000000000000000, 1.000000000000000000 ) ) ;
#3346 = EDGE_CURVE ( 'NONE', #1970, #5806, #584, .T. ) ;
#3347 = ORIENTED_EDGE ( 'NONE', *, *, #5046, .T. ) ;
#3348 = CARTESIAN_POINT ( 'NONE',  ( 1.125000000000002442, 0.2000000000000000111, 2.499999999999963141 ) ) ;
#3349 = AXIS2_PLACEMENT_3D ( 'NONE', #4521, #5466, #3691 ) ;
#3350 = VECTOR ( 'NONE', #7180, 1000.000000000000000 ) ;
#3351 = VECTOR ( 'NONE', #4762, 1000.000000000000000 ) ;
#3352 = EDGE_CURVE ( 'NONE', #7405, #5091, #7470, .T. ) ;
#3353 = VERTEX_POINT ( 'NONE', #6538 ) ;
#3354 = DIRECTION ( 'NONE',  ( 1.040834085586084257E-14, 0.000000000000000000, 1.000000000000000000 ) ) ;
#3355 = AXIS2_PLACEMENT_3D ( 'NONE', #6345, #2163, #2997 ) ;
#3356 = EDGE_CURVE ( 'NONE', #1426, #10508, #9917, .T. ) ;
#3357 = ADVANCED_FACE ( 'NONE', ( #3024 ), #8305, .F. ) ;
#3358 = SURFACE_STYLE_FILL_AREA ( #8412 ) ;
#3359 = CARTESIAN_POINT ( 'NONE',  ( -2.099999999999988098, 0.04999999999999999584, -1.375000000000001332 ) ) ;
#3360 = CARTESIAN_POINT ( 'NONE',  ( 2.499999999999995559, 0.2000000000000000111, 1.124999999999998668 ) ) ;
#3361 = CARTESIAN_POINT ( 'NONE',  ( 0.1250000000000017208, 0.2000000000000000111, -2.099999999999984102 ) ) ;
#3362 = VECTOR ( 'NONE', #10359, 1000.000000000000000 ) ;
#3363 = DIRECTION ( 'NONE',  ( -0.000000000000000000, -1.000000000000000000, -0.000000000000000000 ) ) ;
#3364 = ORIENTED_EDGE ( 'NONE', *, *, #5585, .T. ) ;
#3365 = PRESENTATION_LAYER_ASSIGNMENT (  '', '', ( #7099 ) ) ;
#3366 = ORIENTED_EDGE ( 'NONE', *, *, #7907, .F. ) ;
#3367 = ADVANCED_FACE ( 'NONE', ( #10025 ), #2412, .F. ) ;
#3368 = EDGE_CURVE ( 'NONE', #7289, #3087, #9796, .T. ) ;
#3370 = ORIENTED_EDGE ( 'NONE', *, *, #8861, .F. ) ;
#3369 =( NAMED_UNIT ( * ) PLANE_ANGLE_UNIT ( ) SI_UNIT ( $, .RADIAN. ) );
#3371 = ORIENTED_EDGE ( 'NONE', *, *, #3162, .T. ) ;
#3372 = AXIS2_PLACEMENT_3D ( 'NONE', #5219, #8621, #1002 ) ;
#3373 = EDGE_CURVE ( 'NONE', #836, #10927, #8366, .T. ) ;
#3374 = CARTESIAN_POINT ( 'NONE',  ( -3.023623018627651506E-13, 0.05000000000000000278, -2.100000000000033396 ) ) ;
#3375 = AXIS2_PLACEMENT_3D ( 'NONE', #4291, #3447, #8355 ) ;
#3376 = ORIENTED_EDGE ( 'NONE', *, *, #5911, .T. ) ;
#3377 = DIRECTION ( 'NONE',  ( 3.794707603699675727E-15, 0.000000000000000000, 1.000000000000000000 ) ) ;
#3378 = DIRECTION ( 'NONE',  ( -1.000000000000000000, 0.000000000000000000, 9.757819552369538328E-15 ) ) ;
#3379 = ORIENTED_EDGE ( 'NONE', *, *, #3289, .F. ) ;
#3380 = ORIENTED_EDGE ( 'NONE', *, *, #6878, .F. ) ;
#3381 = VERTEX_POINT ( 'NONE', #8471 ) ;
#3382 = LINE ( 'NONE', #1656, #8553 ) ;
#3383 = PLANE ( 'NONE',  #8108 ) ;
#3384 = PLANE ( 'NONE',  #5074 ) ;
#3385 = CARTESIAN_POINT ( 'NONE',  ( 0.3749999999999977796, 0.2000000000000000111, -2.499999999999976907 ) ) ;
#3386 = ORIENTED_EDGE ( 'NONE', *, *, #10621, .T. ) ;
#3388 = CARTESIAN_POINT ( 'NONE',  ( 2.100000000000010747, 0.2000000000000000111, -0.6249999999999998890 ) ) ;
#3387 = FACE_OUTER_BOUND ( 'NONE', #4139, .T. ) ;
#3389 = DIRECTION ( 'NONE',  ( 1.000000000000000000, 0.000000000000000000, 2.949029909160572061E-14 ) ) ;
#3390 = VECTOR ( 'NONE', #5141, 1000.000000000000000 ) ;
#3391 = CARTESIAN_POINT ( 'NONE',  ( 2.499999999999990674, 0.000000000000000000, 0.6249999999999984457 ) ) ;
#3392 = VERTEX_POINT ( 'NONE', #10183 ) ;
#3393 = DIRECTION ( 'NONE',  ( 0.000000000000000000, 0.000000000000000000, -1.000000000000000000 ) ) ;
#3394 = VERTEX_POINT ( 'NONE', #4185 ) ;
#3395 = AXIS2_PLACEMENT_3D ( 'NONE', #4075, #3187, #6646 ) ;
#3396 = ORIENTED_EDGE ( 'NONE', *, *, #8928, .F. ) ;
#3397 = ORIENTED_EDGE ( 'NONE', *, *, #4152, .T. ) ;
#3398 = EDGE_LOOP ( 'NONE', ( #4849, #9312, #9873, #10617 ) ) ;
#3399 = CARTESIAN_POINT ( 'NONE',  ( 1.625000000000001110, 0.2000000000000000111, 2.100000000000000533 ) ) ;
#3400 =( NAMED_UNIT ( * ) PLANE_ANGLE_UNIT ( ) SI_UNIT ( $, .RADIAN. ) );
#3401 = CARTESIAN_POINT ( 'NONE',  ( 1.374999999999999334, 0.2000000000000000111, -2.100000000000030731 ) ) ;
#3402 = DIRECTION ( 'NONE',  ( 0.000000000000000000, -1.000000000000000000, 0.000000000000000000 ) ) ;
#3403 = ORIENTED_EDGE ( 'NONE', *, *, #6350, .F. ) ;
#3404 = ORIENTED_EDGE ( 'NONE', *, *, #7766, .F. ) ;
#3405 = PLANE ( 'NONE',  #3669 ) ;
#3406 = DIRECTION ( 'NONE',  ( 1.457167719820531843E-13, 0.000000000000000000, 1.000000000000000000 ) ) ;
#3407 = DIRECTION ( 'NONE',  ( 3.997995511040729896E-15, -0.000000000000000000, 1.000000000000000000 ) ) ;
#3408 = EDGE_CURVE ( 'NONE', #4165, #7434, #2688, .T. ) ;
#3409 = CARTESIAN_POINT ( 'NONE',  ( -0.8750000000000071054, 0.05000000000000000278, 3.320369153237243082E-15 ) ) ;
#3410 = DIRECTION ( 'NONE',  ( 2.949029909160572061E-14, 0.000000000000000000, -1.000000000000000000 ) ) ;
#3411 = CARTESIAN_POINT ( 'NONE',  ( 6.776263578034142388E-15, 0.05000000000000000278, 0.6249999999999760192 ) ) ;
#3412 = ORIENTED_EDGE ( 'NONE', *, *, #4100, .F. ) ;
#3413 = ADVANCED_FACE ( 'NONE', ( #4131 ), #8534, .F. ) ;
#3414 = ORIENTED_EDGE ( 'NONE', *, *, #9665, .F. ) ;
#3415 = ORIENTED_EDGE ( 'NONE', *, *, #8535, .T. ) ;
#3416 = EDGE_CURVE ( 'NONE', #1619, #4224, #9463, .T. ) ;
#3417 = SURFACE_STYLE_USAGE ( .BOTH. , #4261 ) ;
#3418 = FACE_OUTER_BOUND ( 'NONE', #5646, .T. ) ;
#3419 = EDGE_CURVE ( 'NONE', #10263, #8258, #5958, .T. ) ;
#3420 = EDGE_LOOP ( 'NONE', ( #3668, #5346, #6796, #9369 ) ) ;
#3421 = PLANE ( 'NONE',  #6015 ) ;
#3422 = EDGE_CURVE ( 'NONE', #10218, #9583, #4965, .T. ) ;
#3424 = DIRECTION ( 'NONE',  ( -0.000000000000000000, -1.000000000000000000, -0.000000000000000000 ) ) ;
#3423 = LINE ( 'NONE', #6513, #10976 ) ;
#3425 = EDGE_CURVE ( 'NONE', #8083, #1733, #2469, .T. ) ;
#3426 = ORIENTED_EDGE ( 'NONE', *, *, #6771, .F. ) ;
#3427 = EDGE_CURVE ( 'NONE', #9570, #1221, #5184, .T. ) ;
#3428 = ORIENTED_EDGE ( 'NONE', *, *, #8803, .T. ) ;
#3429 = EDGE_CURVE ( 'NONE', #8403, #7548, #6922, .T. ) ;
#3430 = VERTEX_POINT ( 'NONE', #9305 ) ;
#3431 = DIRECTION ( 'NONE',  ( -1.000000000000000000, 0.000000000000000000, -0.000000000000000000 ) ) ;
#3432 = CARTESIAN_POINT ( 'NONE',  ( 2.099999999999995648, 0.2000000000000000111, 1.125000000000002442 ) ) ;
#3433 = DIRECTION ( 'NONE',  ( -1.000000000000000000, -0.000000000000000000, 1.035655806553459049E-14 ) ) ;
#3434 = CARTESIAN_POINT ( 'NONE',  ( -0.8750000000000022204, 0.04999999999999999584, -2.499999999999974243 ) ) ;
#3435 = ORIENTED_EDGE ( 'NONE', *, *, #8548, .T. ) ;
#3437 = DIRECTION ( 'NONE',  ( -1.000000000000000000, -0.000000000000000000, 1.084202172485504118E-14 ) ) ;
#3436 = CARTESIAN_POINT ( 'NONE',  ( -2.500000000000000000, 0.04999999999999969746, 2.500000000000000000 ) ) ;
#3438 = FACE_OUTER_BOUND ( 'NONE', #4648, .T. ) ;
#3439 = DIRECTION ( 'NONE',  ( 1.000000000000000000, 0.000000000000000000, -1.029992063861228897E-14 ) ) ;
#3440 = ORIENTED_EDGE ( 'NONE', *, *, #2131, .T. ) ;
#3441 = LINE ( 'NONE', #8349, #2086 ) ;
#3442 = CARTESIAN_POINT ( 'NONE',  ( -2.099999999999957012, 0.000000000000000000, 1.624999999999998890 ) ) ;
#3443 = ORIENTED_EDGE ( 'NONE', *, *, #7496, .T. ) ;
#3444 = ORIENTED_EDGE ( 'NONE', *, *, #6878, .T. ) ;
#3445 = ORIENTED_EDGE ( 'NONE', *, *, #921, .T. ) ;
#3446 = LINE ( 'NONE', #4452, #3146 ) ;
#3447 = DIRECTION ( 'NONE',  ( -1.000000000000000000, 0.000000000000000000, 3.794707603699675727E-15 ) ) ;
#3448 = LINE ( 'NONE', #10125, #9016 ) ;
#3449 = FACE_OUTER_BOUND ( 'NONE', #802, .T. ) ;
#3450 = VERTEX_POINT ( 'NONE', #10304 ) ;
#3451 = ORIENTED_EDGE ( 'NONE', *, *, #6063, .T. ) ;
#3452 = CARTESIAN_POINT ( 'NONE',  ( -1.625000000000001332, 0.2000000000000000111, 2.100000000000001865 ) ) ;
#3453 = PLANE ( 'NONE',  #4786 ) ;
#3454 = PLANE ( 'NONE',  #6385 ) ;
#3455 = VECTOR ( 'NONE', #7930, 1000.000000000000000 ) ;
#3456 = CARTESIAN_POINT ( 'NONE',  ( -2.099999999999974776, 0.2000000000000000111, 1.810000000000000053 ) ) ;
#3457 = DIRECTION ( 'NONE',  ( 1.000000000000000000, -0.000000000000000000, -1.421904488505580640E-16 ) ) ;
#3458 = LINE ( 'NONE', #6656, #3174 ) ;
#3459 = ORIENTED_EDGE ( 'NONE', *, *, #2810, .F. ) ;
#3460 = VECTOR ( 'NONE', #2053, 1000.000000000000000 ) ;
#3461 = EDGE_LOOP ( 'NONE', ( #4693, #6448, #2021, #2947 ) ) ;
#3462 = ORIENTED_EDGE ( 'NONE', *, *, #1546, .T. ) ;
#3463 = CARTESIAN_POINT ( 'NONE',  ( -0.1250000000000006939, 0.2000000000000000111, -2.100000000000015188 ) ) ;
#3464 = LINE ( 'NONE', #1695, #6547 ) ;
#3465 = VERTEX_POINT ( 'NONE', #10905 ) ;
#3466 = CARTESIAN_POINT ( 'NONE',  ( -0.3749999999999991118, 0.2000000000000000111, 2.100000000000021849 ) ) ;
#3467 = VECTOR ( 'NONE', #7969, 1000.000000000000000 ) ;
#3469 = FACE_OUTER_BOUND ( 'NONE', #5416, .T. ) ;
#3468 = DIRECTION ( 'NONE',  ( -0.000000000000000000, -1.000000000000000000, -0.000000000000000000 ) ) ;
#3470 = ADVANCED_FACE ( 'NONE', ( #7737 ), #2520, .F. ) ;
#3471 = ORIENTED_EDGE ( 'NONE', *, *, #6218, .T. ) ;
#3472 = EDGE_CURVE ( 'NONE', #248, #7405, #5070, .T. ) ;
#3473 = ORIENTED_EDGE ( 'NONE', *, *, #2525, .T. ) ;
#3474 = CLOSED_SHELL ( 'NONE', ( #3008, #5247, #4707, #6770, #6497, #1453, #6073 ) ) ;
#3475 = ADVANCED_FACE ( 'NONE', ( #4300 ), #1637, .F. ) ;
#3476 = EDGE_LOOP ( 'NONE', ( #7673, #999, #10049, #9639, #9148 ) ) ;
#3477 = VECTOR ( 'NONE', #10354, 1000.000000000000000 ) ;
#3478 = CARTESIAN_POINT ( 'NONE',  ( 0.6249999999999978906, 0.000000000000000000, -2.499999999999989786 ) ) ;
#3479 = EDGE_CURVE ( 'NONE', #10852, #8981, #3297, .T. ) ;
#3480 = LINE ( 'NONE', #4431, #1898 ) ;
#3481 = DIRECTION ( 'NONE',  ( -0.000000000000000000, -1.000000000000000000, -0.000000000000000000 ) ) ;
#3482 = EDGE_CURVE ( 'NONE', #9409, #6317, #6809, .T. ) ;
#3483 = EDGE_LOOP ( 'NONE', ( #9374, #9364, #5950, #8598 ) ) ;
#3484 = EDGE_CURVE ( 'NONE', #10365, #230, #10240, .T. ) ;
#3485 = EDGE_CURVE ( 'NONE', #7366, #5179, #7771, .T. ) ;
#3487 = DIRECTION ( 'NONE',  ( -1.000000000000000000, 0.000000000000000000, 1.439820485060763520E-13 ) ) ;
#3486 = CARTESIAN_POINT ( 'NONE',  ( -0.3749999999999991118, 0.2000000000000000111, 2.100000000000021849 ) ) ;
#3488 = CARTESIAN_POINT ( 'NONE',  ( -1.809999999999998943, 0.2000000000000000111, -2.099999999999999645 ) ) ;
#3489 = ADVANCED_FACE ( 'NONE', ( #2634 ), #8414, .F. ) ;
#3490 = CLOSED_SHELL ( 'NONE', ( #10545, #215, #9264, #6894, #10468, #3836 ) ) ;
#3491 = DIRECTION ( 'NONE',  ( 1.000000000000000000, 0.000000000000000000, -1.002887009549091444E-14 ) ) ;
#3492 = MECHANICAL_DESIGN_GEOMETRIC_PRESENTATION_REPRESENTATION (  '', ( #2068 ), #3848 ) ;
#3493 = VERTEX_POINT ( 'NONE', #9672 ) ;
#3494 = PLANE ( 'NONE',  #2453 ) ;
#3495 = DIRECTION ( 'NONE',  ( 1.000000000000000000, 0.000000000000000000, -1.439820485060763520E-13 ) ) ;
#3496 = ADVANCED_FACE ( 'NONE', ( #7900 ), #2900, .F. ) ;
#3497 = ORIENTED_EDGE ( 'NONE', *, *, #9737, .T. ) ;
#3498 = VERTEX_POINT ( 'NONE', #7850 ) ;
#3499 = ORIENTED_EDGE ( 'NONE', *, *, #1675, .T. ) ;
#3500 =( GEOMETRIC_REPRESENTATION_CONTEXT ( 3 ) GLOBAL_UNCERTAINTY_ASSIGNED_CONTEXT ( ( #5703 ) ) GLOBAL_UNIT_ASSIGNED_CONTEXT ( ( #8469, #10798, #855 ) ) REPRESENTATION_CONTEXT ( 'NONE', 'WORKASPACE' ) );
#3501 = FACE_OUTER_BOUND ( 'NONE', #10647, .T. ) ;
#3502 = AXIS2_PLACEMENT_3D ( 'NONE', #797, #6021, #10963 ) ;
#3503 = EDGE_CURVE ( 'NONE', #6605, #778, #6187, .T. ) ;
#3504 = LINE ( 'NONE', #5280, #3336 ) ;
#3505 = CARTESIAN_POINT ( 'NONE',  ( -2.099999999999974776, 0.2000000000000000111, 1.810000000000000053 ) ) ;
#3506 = AXIS2_PLACEMENT_3D ( 'NONE', #5012, #8408, #2211 ) ;
#3507 = DIRECTION ( 'NONE',  ( -1.000000000000000000, -0.000000000000000000, 1.084202172485504118E-14 ) ) ;
#3508 = ORIENTED_EDGE ( 'NONE', *, *, #6369, .T. ) ;
#3509 = EDGE_CURVE ( 'NONE', #10806, #4593, #8758, .T. ) ;
#3510 = VECTOR ( 'NONE', #9731, 1000.000000000000000 ) ;
#3511 = VECTOR ( 'NONE', #6174, 1000.000000000000000 ) ;
#3512 = ORIENTED_EDGE ( 'NONE', *, *, #6631, .T. ) ;
#3513 = STYLED_ITEM ( 'NONE', ( #1319 ), #9804 ) ;
#3514 = CARTESIAN_POINT ( 'NONE',  ( 2.100000000000000089, 0.000000000000000000, -1.625000000000000000 ) ) ;
#3515 = LINE ( 'NONE', #1238, #162 ) ;
#3516 = PLANE ( 'NONE',  #8501 ) ;
#3517 = VECTOR ( 'NONE', #7207, 1000.000000000000000 ) ;
#3518 = DIRECTION ( 'NONE',  ( -0.000000000000000000, -1.000000000000000000, -0.000000000000000000 ) ) ;
#3519 = FACE_OUTER_BOUND ( 'NONE', #6955, .T. ) ;
#3520 = CARTESIAN_POINT ( 'NONE',  ( -2.099999999999985434, 0.2000000000000000111, -1.125000000000000888 ) ) ;
#3521 = VECTOR ( 'NONE', #1140, 1000.000000000000000 ) ;
#3522 = VECTOR ( 'NONE', #7542, 1000.000000000000000 ) ;
#3523 = VECTOR ( 'NONE', #336, 1000.000000000000000 ) ;
#3525 = EDGE_LOOP ( 'NONE', ( #7514, #8373, #1062, #9807 ) ) ;
#3524 = LINE ( 'NONE', #2694, #5861 ) ;
#3526 = VECTOR ( 'NONE', #4410, 1000.000000000000000 ) ;
#3527 = AXIS2_PLACEMENT_3D ( 'NONE', #1555, #7714, #6884 ) ;
#3528 = FILL_AREA_STYLE ('',( #132 ) ) ;
#3529 = LINE ( 'NONE', #6776, #7950 ) ;
#3530 = ORIENTED_EDGE ( 'NONE', *, *, #6699, .F. ) ;
#3531 = DIRECTION ( 'NONE',  ( -1.000000000000000000, 0.000000000000000000, 0.000000000000000000 ) ) ;
#3533 = CARTESIAN_POINT ( 'NONE',  ( 2.499999999999993783, 0.2000000000000000111, 1.874999999999998668 ) ) ;
#3532 = CARTESIAN_POINT ( 'NONE',  ( 2.100000000000010747, 0.2000000000000000111, -0.6249999999999998890 ) ) ;
#3534 = VECTOR ( 'NONE', #7516, 1000.000000000000000 ) ;
#3535 = VERTEX_POINT ( 'NONE', #5231 ) ;
#3536 = ORIENTED_EDGE ( 'NONE', *, *, #3213, .F. ) ;
#3537 = PRODUCT_DEFINITION_SHAPE ( 'NONE', 'NONE',  #6329 ) ;
#3538 = ORIENTED_EDGE ( 'NONE', *, *, #8591, .F. ) ;
#3539 = VECTOR ( 'NONE', #1407, 1000.000000000000000 ) ;
#3540 = DIRECTION ( 'NONE',  ( 1.000000000000000000, 0.000000000000000000, 2.775557561562891351E-14 ) ) ;
#3541 = DIRECTION ( 'NONE',  ( 0.000000000000000000, -1.000000000000000000, 0.000000000000000000 ) ) ;
#3542 = DIRECTION ( 'NONE',  ( -0.000000000000000000, -0.000000000000000000, 1.000000000000000000 ) ) ;
#3543 = CARTESIAN_POINT ( 'NONE',  ( 1.524999999999999023, 0.2000000000000000111, 1.674999999999998712 ) ) ;
#3544 = EDGE_LOOP ( 'NONE', ( #114, #6234, #4826, #5604 ) ) ;
#3546 = CARTESIAN_POINT ( 'NONE',  ( 2.499999999999977796, 0.2000000000000000111, 0.3749999999999985012 ) ) ;
#3545 = LINE ( 'NONE', #8609, #10803 ) ;
#3547 = DIRECTION ( 'NONE',  ( -1.439820485060763520E-13, 0.000000000000000000, -1.000000000000000000 ) ) ;
#3548 = DIRECTION ( 'NONE',  ( 1.000000000000000000, -0.000000000000000000, -4.065758146821081023E-15 ) ) ;
#3549 = VECTOR ( 'NONE', #5660, 1000.000000000000000 ) ;
#3550 = VERTEX_POINT ( 'NONE', #285 ) ;
#3551 = EDGE_CURVE ( 'NONE', #9393, #763, #2013, .T. ) ;
#3552 = EDGE_CURVE ( 'NONE', #6474, #1221, #2854, .T. ) ;
#3553 = SURFACE_SIDE_STYLE ('',( #164 ) ) ;
#3554 = CARTESIAN_POINT ( 'NONE',  ( 2.499999999999974687, 0.000000000000000000, -0.8750000000000015543 ) ) ;
#3555 = ORIENTED_EDGE ( 'NONE', *, *, #5585, .F. ) ;
#3556 = ORIENTED_EDGE ( 'NONE', *, *, #8113, .T. ) ;
#3557 = ORIENTED_EDGE ( 'NONE', *, *, #511, .T. ) ;
#3558 = EDGE_CURVE ( 'NONE', #9497, #5533, #1179, .T. ) ;
#3559 = EDGE_CURVE ( 'NONE', #10761, #3793, #2732, .T. ) ;
#3560 = CARTESIAN_POINT ( 'NONE',  ( 2.499999999999974687, 0.2000000000000000111, -0.8750000000000015543 ) ) ;
#3561 = AXIS2_PLACEMENT_3D ( 'NONE', #6088, #4322, #10364 ) ;
#3562 = EDGE_LOOP ( 'NONE', ( #976, #2719 ) ) ;
#3563 = DIRECTION ( 'NONE',  ( -1.000000000000000000, 0.000000000000000000, 1.002887009549091286E-14 ) ) ;
#3564 = CARTESIAN_POINT ( 'NONE',  ( -2.099999999999967226, 0.2000000000000000111, 0.6249999999999987788 ) ) ;
#3565 = PLANE ( 'NONE',  #676 ) ;
#3566 = DIRECTION ( 'NONE',  ( 1.000000000000000000, 0.000000000000000000, -0.000000000000000000 ) ) ;
#3567 = EDGE_CURVE ( 'NONE', #7151, #4731, #7018, .T. ) ;
#3568 = VERTEX_POINT ( 'NONE', #6303 ) ;
#3569 = EDGE_CURVE ( 'NONE', #2371, #4682, #347, .T. ) ;
#3570 = EDGE_CURVE ( 'NONE', #3839, #3793, #1965, .T. ) ;
#3571 = VECTOR ( 'NONE', #10689, 1000.000000000000000 ) ;
#3572 = EDGE_CURVE ( 'NONE', #7834, #4165, #1847, .T. ) ;
#3573 = ORIENTED_EDGE ( 'NONE', *, *, #917, .F. ) ;
#3574 = DIRECTION ( 'NONE',  ( -0.000000000000000000, -1.000000000000000000, -0.000000000000000000 ) ) ;
#3575 = PRESENTATION_STYLE_ASSIGNMENT (( #9460 ) ) ;
#3576 = VECTOR ( 'NONE', #1320, 1000.000000000000000 ) ;
#3577 = CARTESIAN_POINT ( 'NONE',  ( -3.710004308973605138E-15, 0.05000000000000000278, -0.3749999999999767963 ) ) ;
#3578 = DIRECTION ( 'NONE',  ( 1.000000000000000000, 0.000000000000000000, -1.029992063861228897E-14 ) ) ;
#3579 = PLANE ( 'NONE',  #2103 ) ;
#3581 = EDGE_LOOP ( 'NONE', ( #3592, #9526, #4490, #2864 ) ) ;
#3580 = LINE ( 'NONE', #10352, #8365 ) ;
#3582 = PLANE ( 'NONE',  #9866 ) ;
#3583 = DIRECTION ( 'NONE',  ( 1.000000000000000000, -0.000000000000000000, -1.439820485060763520E-13 ) ) ;
#3584 = DIRECTION ( 'NONE',  ( 0.000000000000000000, -0.000000000000000000, 1.000000000000000000 ) ) ;
#3585 = ORIENTED_EDGE ( 'NONE', *, *, #1193, .T. ) ;
#3586 = CARTESIAN_POINT ( 'NONE',  ( 0.1250000000000009159, 0.000000000000000000, 2.100000000000016964 ) ) ;
#3588 = DIRECTION ( 'NONE',  ( 1.000000000000000000, 0.000000000000000000, -9.757819552369538328E-15 ) ) ;
#3587 = DIRECTION ( 'NONE',  ( 3.794707603699675727E-15, 0.000000000000000000, 1.000000000000000000 ) ) ;
#3589 = ORIENTED_EDGE ( 'NONE', *, *, #10010, .F. ) ;
#3590 = EDGE_LOOP ( 'NONE', ( #1929, #5237, #5762, #3659 ) ) ;
#3592 = ORIENTED_EDGE ( 'NONE', *, *, #3078, .T. ) ;
#3591 = PRESENTATION_STYLE_ASSIGNMENT (( #9641 ) ) ;
#3593 = ORIENTED_EDGE ( 'NONE', *, *, #5529, .T. ) ;
#3594 = DIRECTION ( 'NONE',  ( 0.000000000000000000, 0.000000000000000000, -1.000000000000000000 ) ) ;
#3595 = CARTESIAN_POINT ( 'NONE',  ( -0.3749999999999975020, 0.2000000000000000111, 2.499999999999978684 ) ) ;
#3596 = DIRECTION ( 'NONE',  ( 0.000000000000000000, 1.000000000000000000, -0.000000000000000000 ) ) ;
#3597 = DIRECTION ( 'NONE',  ( 0.000000000000000000, 0.000000000000000000, 1.000000000000000000 ) ) ;
#3598 = VERTEX_POINT ( 'NONE', #4512 ) ;
#3600 = CARTESIAN_POINT ( 'NONE',  ( 2.100000000000000089, 0.2000000000000000111, -1.809999999999998055 ) ) ;
#3599 = DIRECTION ( 'NONE',  ( 1.000000000000000000, 0.000000000000000000, -1.084202172485504276E-14 ) ) ;
#3601 = CARTESIAN_POINT ( 'NONE',  ( -0.6250000000000014433, 0.000000000000000000, 2.099999999999991207 ) ) ;
#3602 = DIRECTION ( 'NONE',  ( 1.084202172485504276E-14, 0.000000000000000000, 1.000000000000000000 ) ) ;
#3603 = ORIENTED_EDGE ( 'NONE', *, *, #3820, .F. ) ;
#3604 = CARTESIAN_POINT ( 'NONE',  ( -0.6250000000000022204, 0.2000000000000000111, -2.499999999999966693 ) ) ;
#3605 = PLANE ( 'NONE',  #8907 ) ;
#3606 = ORIENTED_EDGE ( 'NONE', *, *, #1788, .T. ) ;
#3607 = ORIENTED_EDGE ( 'NONE', *, *, #7846, .T. ) ;
#3608 = ORIENTED_EDGE ( 'NONE', *, *, #9732, .T. ) ;
#3609 = DIRECTION ( 'NONE',  ( -3.794707603699675727E-15, -0.000000000000000000, -1.000000000000000000 ) ) ;
#3610 = VERTEX_POINT ( 'NONE', #3676 ) ;
#3611 = FACE_OUTER_BOUND ( 'NONE', #450, .T. ) ;
#3612 = EDGE_CURVE ( 'NONE', #3381, #10057, #9513, .T. ) ;
#3613 = FACE_OUTER_BOUND ( 'NONE', #6319, .T. ) ;
#3614 = CYLINDRICAL_SURFACE ( 'NONE', #8263, 0.1499999999999999667 ) ;
#3615 = ORIENTED_EDGE ( 'NONE', *, *, #7764, .T. ) ;
#3616 = EDGE_CURVE ( 'NONE', #93, #6873, #3737, .T. ) ;
#3617 = ADVANCED_FACE ( 'NONE', ( #9627 ), #1241, .F. ) ;
#3618 = EDGE_CURVE ( 'NONE', #6550, #4311, #2065, .T. ) ;
#3619 = EDGE_LOOP ( 'NONE', ( #1701, #8370, #10041, #2297 ) ) ;
#3620 = EDGE_CURVE ( 'NONE', #6604, #2001, #7187, .T. ) ;
#3621 = LINE ( 'NONE', #4404, #3290 ) ;
#3622 = EDGE_CURVE ( 'NONE', #2933, #8654, #6972, .T. ) ;
#3623 = EDGE_CURVE ( 'NONE', #753, #10223, #1507, .T. ) ;
#3624 = CARTESIAN_POINT ( 'NONE',  ( -2.500000000000000000, 1.000000000000000000, 2.500000000000000000 ) ) ;
#3625 = EDGE_CURVE ( 'NONE', #606, #8841, #5677, .T. ) ;
#3626 = LINE ( 'NONE', #6974, #134 ) ;
#3627 = CARTESIAN_POINT ( 'NONE',  ( -1.375000000000000444, 0.2000000000000000111, -1.675000000000000711 ) ) ;
#3629 = ORIENTED_EDGE ( 'NONE', *, *, #3368, .T. ) ;
#3628 = DIRECTION ( 'NONE',  ( -1.000000000000000000, 0.000000000000000000, 2.243176908590699067E-16 ) ) ;
#3630 = VECTOR ( 'NONE', #9986, 1000.000000000000000 ) ;
#3631 = FACE_OUTER_BOUND ( 'NONE', #10842, .T. ) ;
#3632 = CARTESIAN_POINT ( 'NONE',  ( 1.125000000000002442, 0.2000000000000000111, 2.499999999999963141 ) ) ;
#3633 = ORIENTED_EDGE ( 'NONE', *, *, #3214, .F. ) ;
#3634 = ADVANCED_FACE ( 'NONE', ( #8233 ), #8963, .F. ) ;
#3635 = PLANE ( 'NONE',  #1378 ) ;
#3637 = CARTESIAN_POINT ( 'NONE',  ( 1.124999999999997780, 0.2000000000000000111, -2.499999999999994671 ) ) ;
#3636 = DIRECTION ( 'NONE',  ( 1.000000000000000000, -0.000000000000000000, -3.794707603699675727E-15 ) ) ;
#3638 = ORIENTED_EDGE ( 'NONE', *, *, #3834, .T. ) ;
#3639 = AXIS2_PLACEMENT_3D ( 'NONE', #6383, #6261, #9638 ) ;
#3640 = ORIENTED_EDGE ( 'NONE', *, *, #6588, .T. ) ;
#3642 = ORIENTED_EDGE ( 'NONE', *, *, #3625, .T. ) ;
#3641 = SURFACE_STYLE_FILL_AREA ( #145 ) ;
#3643 = VERTEX_POINT ( 'NONE', #10729 ) ;
#3644 = CARTESIAN_POINT ( 'NONE',  ( 1.625000000000001110, 0.2000000000000000111, 2.100000000000000533 ) ) ;
#3645 = VECTOR ( 'NONE', #7685, 1000.000000000000000 ) ;
#3646 = CARTESIAN_POINT ( 'NONE',  ( -2.499999999999959588, 0.2000000000000000111, 1.375000000000003109 ) ) ;
#3647 = SURFACE_SIDE_STYLE ('',( #1820 ) ) ;
#3648 = FACE_OUTER_BOUND ( 'NONE', #10840, .T. ) ;
#3649 = VECTOR ( 'NONE', #6410, 1000.000000000000000 ) ;
#3650 = EDGE_LOOP ( 'NONE', ( #7373, #10934 ) ) ;
#3652 = FACE_OUTER_BOUND ( 'NONE', #3777, .T. ) ;
#3651 = CARTESIAN_POINT ( 'NONE',  ( -2.099999999999990763, 0.2000000000000000111, -1.625000000000001110 ) ) ;
#3653 = PLANE ( 'NONE',  #259 ) ;
#3654 = LINE ( 'NONE', #7827, #5421 ) ;
#3655 = ORIENTED_EDGE ( 'NONE', *, *, #5934, .F. ) ;
#3656 = AXIS2_PLACEMENT_3D ( 'NONE', #3984, #3138, #7159 ) ;
#3657 = CARTESIAN_POINT ( 'NONE',  ( -2.499999999999954703, 0.2000000000000000111, 1.875000000000002887 ) ) ;
#3658 = DIRECTION ( 'NONE',  ( 0.000000000000000000, -0.000000000000000000, 1.000000000000000000 ) ) ;
#3659 = ORIENTED_EDGE ( 'NONE', *, *, #1124, .T. ) ;
#3660 = ORIENTED_EDGE ( 'NONE', *, *, #2536, .T. ) ;
#3661 = CARTESIAN_POINT ( 'NONE',  ( 0.1250000000000017208, 0.04999999999999999584, -2.099999999999984102 ) ) ;
#3662 = ORIENTED_EDGE ( 'NONE', *, *, #5186, .T. ) ;
#3663 = SURFACE_STYLE_USAGE ( .BOTH. , #1116 ) ;
#3664 = FACE_OUTER_BOUND ( 'NONE', #4477, .T. ) ;
#3665 = CARTESIAN_POINT ( 'NONE',  ( -2.499999999999980460, 0.2000000000000000111, -0.6249999999999968914 ) ) ;
#3666 = DIRECTION ( 'NONE',  ( -1.000000000000000000, -0.000000000000000000, 1.084202172485504118E-14 ) ) ;
#3667 = ORIENTED_EDGE ( 'NONE', *, *, #4172, .F. ) ;
#3668 = ORIENTED_EDGE ( 'NONE', *, *, #3226, .T. ) ;
#3669 = AXIS2_PLACEMENT_3D ( 'NONE', #6806, #5955, #1796 ) ;
#3670 = VECTOR ( 'NONE', #9095, 1000.000000000000000 ) ;
#3671 = ORIENTED_EDGE ( 'NONE', *, *, #5052, .T. ) ;
#3672 = EDGE_LOOP ( 'NONE', ( #2876, #7968, #1091, #9911 ) ) ;
#3673 = DIRECTION ( 'NONE',  ( -1.000000000000000000, 0.000000000000000000, -2.949029909160572061E-14 ) ) ;
#3674 = FILL_AREA_STYLE_COLOUR ( '', #526 ) ;
#3675 = ADVANCED_FACE ( 'NONE', ( #8289 ), #4734, .T. ) ;
#3676 = CARTESIAN_POINT ( 'NONE',  ( -2.499999999999977796, 0.2000000000000000111, -0.3749999999999968914 ) ) ;
#3677 = VECTOR ( 'NONE', #2451, 1000.000000000000000 ) ;
#3678 = CARTESIAN_POINT ( 'NONE',  ( 1.524999999999999023, 0.2000000000000000111, 1.674999999999998712 ) ) ;
#3679 = VECTOR ( 'NONE', #9774, 1000.000000000000000 ) ;
#3680 = DIRECTION ( 'NONE',  ( -0.000000000000000000, -1.000000000000000000, -0.000000000000000000 ) ) ;
#3681 = VECTOR ( 'NONE', #2455, 1000.000000000000000 ) ;
#3682 = VECTOR ( 'NONE', #7749, 1000.000000000000000 ) ;
#3683 = VECTOR ( 'NONE', #8165, 1000.000000000000000 ) ;
#3684 = EDGE_CURVE ( 'NONE', #10778, #4916, #1460, .T. ) ;
#3685 = EDGE_CURVE ( 'NONE', #7526, #6094, #8126, .T. ) ;
#3687 = ORIENTED_EDGE ( 'NONE', *, *, #384, .T. ) ;
#3686 = CARTESIAN_POINT ( 'NONE',  ( -2.499999999999983125, 0.2000000000000000111, -0.8749999999999968914 ) ) ;
#3688 = AXIS2_PLACEMENT_3D ( 'NONE', #3311, #758, #3140 ) ;
#3689 = DIRECTION ( 'NONE',  ( 1.439820485060763520E-13, -0.000000000000000000, 1.000000000000000000 ) ) ;
#3690 = PRESENTATION_STYLE_ASSIGNMENT (( #6201 ) ) ;
#3691 = DIRECTION ( 'NONE',  ( 1.000000000000000000, 0.000000000000000000, -1.457167719820531843E-13 ) ) ;
#3692 = AXIS2_PLACEMENT_3D ( 'NONE', #2399, #10893, #3345 ) ;
#3693 = ORIENTED_EDGE ( 'NONE', *, *, #3896, .F. ) ;
#3694 = DIRECTION ( 'NONE',  ( 0.000000000000000000, -1.000000000000000000, 0.000000000000000000 ) ) ;
#3695 = VECTOR ( 'NONE', #1335, 1000.000000000000000 ) ;
#3696 = EDGE_CURVE ( 'NONE', #3204, #7880, #520, .T. ) ;
#3698 = LINE ( 'NONE', #2910, #803 ) ;
#3697 = DIRECTION ( 'NONE',  ( 0.000000000000000000, -1.000000000000000000, 0.000000000000000000 ) ) ;
#3699 = ORIENTED_EDGE ( 'NONE', *, *, #4855, .F. ) ;
#3700 = ADVANCED_FACE ( 'NONE', ( #2119 ), #4891, .F. ) ;
#3701 = VECTOR ( 'NONE', #2363, 1000.000000000000000 ) ;
#3702 = ORIENTED_EDGE ( 'NONE', *, *, #10281, .T. ) ;
#3703 = EDGE_CURVE ( 'NONE', #2702, #8659, #3236, .T. ) ;
#3704 = AXIS2_PLACEMENT_3D ( 'NONE', #8791, #3830, #8846 ) ;
#3705 = EDGE_CURVE ( 'NONE', #7556, #8747, #10789, .T. ) ;
#3706 = AXIS2_PLACEMENT_3D ( 'NONE', #5865, #7699, #4922 ) ;
#3707 = EDGE_LOOP ( 'NONE', ( #5834, #8774, #10036, #7570 ) ) ;
#3708 = ORIENTED_EDGE ( 'NONE', *, *, #3408, .T. ) ;
#3709 = DIRECTION ( 'NONE',  ( -1.000000000000000000, 0.000000000000000000, -0.000000000000000000 ) ) ;
#3710 = CARTESIAN_POINT ( 'NONE',  ( 0.6249999999999978906, 0.2000000000000000111, -2.499999999999989786 ) ) ;
#3711 = FACE_OUTER_BOUND ( 'NONE', #2170, .T. ) ;
#3712 = CARTESIAN_POINT ( 'NONE',  ( -2.499999999999962252, 0.2000000000000000111, 1.125000000000003109 ) ) ;
#3713 = STYLED_ITEM ( 'NONE', ( #7342 ), #2665 ) ;
#3714 = ORIENTED_EDGE ( 'NONE', *, *, #2272, .T. ) ;
#3715 = FACE_OUTER_BOUND ( 'NONE', #10796, .T. ) ;
#3716 = PLANE ( 'NONE',  #2402 ) ;
#3717 = LINE ( 'NONE', #261, #8809 ) ;
#3718 =( GEOMETRIC_REPRESENTATION_CONTEXT ( 3 ) GLOBAL_UNCERTAINTY_ASSIGNED_CONTEXT ( ( #6722 ) ) GLOBAL_UNIT_ASSIGNED_CONTEXT ( ( #2173, #2351, #6471 ) ) REPRESENTATION_CONTEXT ( 'NONE', 'WORKASPACE' ) );
#3719 = CARTESIAN_POINT ( 'NONE',  ( -0.6250000000000014433, 0.2000000000000000111, 2.099999999999991207 ) ) ;
#3720 = LINE ( 'NONE', #3773, #7301 ) ;
#3721 = ORIENTED_EDGE ( 'NONE', *, *, #2884, .T. ) ;
#3722 = ORIENTED_EDGE ( 'NONE', *, *, #10874, .F. ) ;
#3723 = DIRECTION ( 'NONE',  ( 0.000000000000000000, -0.000000000000000000, 1.000000000000000000 ) ) ;
#3724 = ORIENTED_EDGE ( 'NONE', *, *, #4565, .F. ) ;
#3726 = SURFACE_SIDE_STYLE ('',( #7788 ) ) ;
#3725 = PLANE ( 'NONE',  #6714 ) ;
#3727 = CARTESIAN_POINT ( 'NONE',  ( -1.625000000000000888, 0.000000000000000000, -2.099999999999999645 ) ) ;
#3728 = COLOUR_RGB ( '',0.7921568627450980005, 0.8196078431372548767, 0.9333333333333333481 ) ;
#3729 = CARTESIAN_POINT ( 'NONE',  ( -1.809999999999999609, 0.000000000000000000, 2.100000000000001865 ) ) ;
#3730 = DIRECTION ( 'NONE',  ( 9.757819552369538328E-15, 0.000000000000000000, 1.000000000000000000 ) ) ;
#3731 = DIRECTION ( 'NONE',  ( -1.387778780781446938E-14, 0.000000000000000000, -1.000000000000000000 ) ) ;
#3732 = ORIENTED_EDGE ( 'NONE', *, *, #6976, .T. ) ;
#3733 = ORIENTED_EDGE ( 'NONE', *, *, #4526, .F. ) ;
#3734 = ORIENTED_EDGE ( 'NONE', *, *, #7695, .F. ) ;
#3735 = DIRECTION ( 'NONE',  ( -1.000000000000000000, 0.000000000000000000, 3.794707603699675727E-15 ) ) ;
#3736 = FILL_AREA_STYLE ('',( #3674 ) ) ;
#3737 = LINE ( 'NONE', #8859, #2796 ) ;
#3738 = AXIS2_PLACEMENT_3D ( 'NONE', #7492, #9879, #8341 ) ;
#3739 = DIRECTION ( 'NONE',  ( -1.439820485060763520E-13, 0.000000000000000000, -1.000000000000000000 ) ) ;
#3740 = DIRECTION ( 'NONE',  ( 0.7071067811865474617, 0.000000000000000000, -0.7071067811865474617 ) ) ;
#3741 = AXIS2_PLACEMENT_3D ( 'NONE', #10973, #3306, #6813 ) ;
#3743 = VERTEX_POINT ( 'NONE', #6472 ) ;
#3742 = LINE ( 'NONE', #8568, #9424 ) ;
#3744 = EDGE_CURVE ( 'NONE', #5013, #10000, #3911, .T. ) ;
#3745 = VECTOR ( 'NONE', #10158, 1000.000000000000000 ) ;
#3746 = LINE ( 'NONE', #7193, #10229 ) ;
#3747 = DIRECTION ( 'NONE',  ( 0.000000000000000000, -1.000000000000000000, 0.000000000000000000 ) ) ;
#3748 = VERTEX_POINT ( 'NONE', #10846 ) ;
#3749 = CARTESIAN_POINT ( 'NONE',  ( -0.6250000000000022204, 0.2000000000000000111, -2.499999999999966693 ) ) ;
#3751 = CARTESIAN_POINT ( 'NONE',  ( -0.8749999999999975575, 0.000000000000000000, 2.499999999999984013 ) ) ;
#3750 = CARTESIAN_POINT ( 'NONE',  ( -2.099999999999985434, 0.2000000000000000111, -1.125000000000000888 ) ) ;
#3752 = ADVANCED_FACE ( 'NONE', ( #10681 ), #9837, .T. ) ;
#3753 = ORIENTED_EDGE ( 'NONE', *, *, #7162, .T. ) ;
#3754 = VECTOR ( 'NONE', #8775, 1000.000000000000000 ) ;
#3755 = ORIENTED_EDGE ( 'NONE', *, *, #10494, .T. ) ;
#3756 = ADVANCED_FACE ( 'NONE', ( #458 ), #5559, .T. ) ;
#3758 = ORIENTED_EDGE ( 'NONE', *, *, #4983, .T. ) ;
#3757 = PLANE ( 'NONE',  #8180 ) ;
#3759 = ORIENTED_EDGE ( 'NONE', *, *, #10808, .F. ) ;
#3760 = CARTESIAN_POINT ( 'NONE',  ( -1.675000000000000044, 0.2000000000000000111, 1.524999999999998135 ) ) ;
#3761 = FACE_OUTER_BOUND ( 'NONE', #7587, .T. ) ;
#3762 = CARTESIAN_POINT ( 'NONE',  ( -2.500000000000000000, -7.071067811865475505, -2.500000000000000000 ) ) ;
#3763 = EDGE_CURVE ( 'NONE', #2614, #1509, #2229, .T. ) ;
#3764 = CARTESIAN_POINT ( 'NONE',  ( -2.500000000000046185, 0.2000000000000000111, -1.875000000000000000 ) ) ;
#3765 = ORIENTED_EDGE ( 'NONE', *, *, #10338, .F. ) ;
#3766 = ADVANCED_FACE ( 'NONE', ( #1409 ), #4796, .T. ) ;
#3767 = DIRECTION ( 'NONE',  ( 0.000000000000000000, -1.000000000000000000, 0.000000000000000000 ) ) ;
#3768 = EDGE_CURVE ( 'NONE', #7942, #199, #2295, .T. ) ;
#3769 = DIRECTION ( 'NONE',  ( 1.000000000000000000, -0.000000000000000000, -3.930232875260377980E-15 ) ) ;
#3770 = EDGE_CURVE ( 'NONE', #9345, #7785, #5009, .T. ) ;
#3771 = FACE_OUTER_BOUND ( 'NONE', #3238, .T. ) ;
#3772 = FACE_OUTER_BOUND ( 'NONE', #6833, .T. ) ;
#3773 = CARTESIAN_POINT ( 'NONE',  ( -0.6250000000000006661, 0.2000000000000000111, -2.100000000000009859 ) ) ;
#3774 = ORIENTED_EDGE ( 'NONE', *, *, #10829, .F. ) ;
#3775 = VERTEX_POINT ( 'NONE', #5839 ) ;
#3776 = DIRECTION ( 'NONE',  ( -1.040834085586083310E-14, -0.000000000000000000, -1.000000000000000000 ) ) ;
#3777 = EDGE_LOOP ( 'NONE', ( #10005, #4461, #7478, #897, #6544 ) ) ;
#3778 =( NAMED_UNIT ( * ) SI_UNIT ( $, .STERADIAN. ) SOLID_ANGLE_UNIT ( ) );
#3779 = CARTESIAN_POINT ( 'NONE',  ( 1.124999999999997780, 0.04999999999999999584, -2.499999999999994671 ) ) ;
#3780 = CARTESIAN_POINT ( 'NONE',  ( -0.6250000000000006661, 0.000000000000000000, -2.100000000000009859 ) ) ;
#3781 = EDGE_CURVE ( 'NONE', #1782, #2614, #8673, .T. ) ;
#3782 = DIRECTION ( 'NONE',  ( 1.000000000000000000, 0.000000000000000000, -5.825563911862536124E-15 ) ) ;
#3783 = DIRECTION ( 'NONE',  ( 9.825582188149880778E-15, 0.000000000000000000, 1.000000000000000000 ) ) ;
#3784 = ORIENTED_EDGE ( 'NONE', *, *, #2191, .T. ) ;
#3785 = EDGE_LOOP ( 'NONE', ( #5720, #5021, #4504, #10171 ) ) ;
#3786 = ORIENTED_EDGE ( 'NONE', *, *, #1315, .F. ) ;
#3787 = PLANE ( 'NONE',  #2581 ) ;
#3788 = FILL_AREA_STYLE ('',( #3061 ) ) ;
#3789 = DIRECTION ( 'NONE',  ( 1.084202172485504276E-14, -0.000000000000000000, 1.000000000000000000 ) ) ;
#3790 = DIRECTION ( 'NONE',  ( 0.000000000000000000, 1.000000000000000000, -0.000000000000000000 ) ) ;
#3791 = CARTESIAN_POINT ( 'NONE',  ( 0.000000000000000000, 0.2000000000000000111, 0.000000000000000000 ) ) ;
#3793 = VERTEX_POINT ( 'NONE', #2620 ) ;
#3792 = CARTESIAN_POINT ( 'NONE',  ( 2.100000000000000977, 0.000000000000000000, 1.810000000000000719 ) ) ;
#3794 = CARTESIAN_POINT ( 'NONE',  ( -1.525000000000000133, 0.04999999999999999584, 1.524999999999999245 ) ) ;
#3795 = LINE ( 'NONE', #8872, #654 ) ;
#3796 = DIRECTION ( 'NONE',  ( -9.825582188149882355E-15, 0.000000000000000000, -1.000000000000000000 ) ) ;
#3797 = CARTESIAN_POINT ( 'NONE',  ( 2.100000000000026290, 0.2000000000000000111, 0.8750000000000001110 ) ) ;
#3799 = CARTESIAN_POINT ( 'NONE',  ( 1.124999999999997780, 0.2000000000000000111, -2.499999999999994671 ) ) ;
#3798 = DIRECTION ( 'NONE',  ( -0.000000000000000000, -1.000000000000000000, -0.000000000000000000 ) ) ;
#3800 = ORIENTED_EDGE ( 'NONE', *, *, #8528, .F. ) ;
#3801 = ORIENTED_EDGE ( 'NONE', *, *, #3031, .F. ) ;
#3803 = EDGE_LOOP ( 'NONE', ( #4587, #4468, #1831, #699 ) ) ;
#3802 =( NAMED_UNIT ( * ) SI_UNIT ( $, .STERADIAN. ) SOLID_ANGLE_UNIT ( ) );
#3804 = ORIENTED_EDGE ( 'NONE', *, *, #9737, .F. ) ;
#3805 = EDGE_CURVE ( 'NONE', #8561, #2029, #739, .T. ) ;
#3806 = DIRECTION ( 'NONE',  ( 0.000000000000000000, 1.000000000000000000, 0.000000000000000000 ) ) ;
#3807 = DIRECTION ( 'NONE',  ( 0.000000000000000000, -0.000000000000000000, 1.000000000000000000 ) ) ;
#3808 = DIRECTION ( 'NONE',  ( -9.757819552369538328E-15, 0.000000000000000000, -1.000000000000000000 ) ) ;
#3809 = ORIENTED_EDGE ( 'NONE', *, *, #2007, .T. ) ;
#3810 = CARTESIAN_POINT ( 'NONE',  ( -2.500000000000000000, 0.04999999999999969746, -2.500000000000000000 ) ) ;
#3811 = EDGE_CURVE ( 'NONE', #10457, #1723, #6640, .T. ) ;
#3812 = VECTOR ( 'NONE', #7826, 1000.000000000000000 ) ;
#3813 = DIRECTION ( 'NONE',  ( 3.930232875260377980E-15, -0.000000000000000000, 1.000000000000000000 ) ) ;
#3814 = UNCERTAINTY_MEASURE_WITH_UNIT (LENGTH_MEASURE( 1.000000000000000082E-05 ), #7971, 'distance_accuracy_value', 'NONE');
#3815 = CARTESIAN_POINT ( 'NONE',  ( 0.8749999999999985567, 0.04999999999999969746, -2.500000000000000000 ) ) ;
#3816 = EDGE_CURVE ( 'NONE', #9867, #8409, #8519, .T. ) ;
#3817 = EDGE_CURVE ( 'NONE', #3392, #2114, #3448, .T. ) ;
#3818 = AXIS2_PLACEMENT_3D ( 'NONE', #535, #3927, #7313 ) ;
#3819 = DIRECTION ( 'NONE',  ( 0.000000000000000000, -1.000000000000000000, 0.000000000000000000 ) ) ;
#3820 = EDGE_CURVE ( 'NONE', #10869, #4803, #5175, .T. ) ;
#3821 = ORIENTED_EDGE ( 'NONE', *, *, #5870, .T. ) ;
#3822 = CARTESIAN_POINT ( 'NONE',  ( -1.125000000000002220, 0.2000000000000000111, -2.499999999999961364 ) ) ;
#3823 = LINE ( 'NONE', #7280, #1078 ) ;
#3824 = EDGE_LOOP ( 'NONE', ( #5599, #8207, #7038, #6850 ) ) ;
#3825 = ADVANCED_FACE ( 'NONE', ( #2396 ), #787, .F. ) ;
#3827 = LINE ( 'NONE', #6511, #10298 ) ;
#3826 = DIRECTION ( 'NONE',  ( 1.000000000000000000, 0.000000000000000000, -3.997995511040729896E-15 ) ) ;
#3828 = CARTESIAN_POINT ( 'NONE',  ( -2.099999999999982769, 0.04999999999999999584, -0.8750000000000012212 ) ) ;
#3829 = LINE ( 'NONE', #2998, #10780 ) ;
#3830 = DIRECTION ( 'NONE',  ( -1.000000000000000000, 0.000000000000000000, -2.949029909160572061E-14 ) ) ;
#3831 = LINE ( 'NONE', #6514, #2762 ) ;
#3832 = VECTOR ( 'NONE', #10835, 1000.000000000000000 ) ;
#3833 = ORIENTED_EDGE ( 'NONE', *, *, #9423, .F. ) ;
#3834 = EDGE_CURVE ( 'NONE', #1363, #6178, #7560, .T. ) ;
#3835 = FACE_OUTER_BOUND ( 'NONE', #3803, .T. ) ;
#3836 = ADVANCED_FACE ( 'NONE', ( #10943 ), #5892, .F. ) ;
#3837 = VERTEX_POINT ( 'NONE', #2513 ) ;
#3838 = CLOSED_SHELL ( 'NONE', ( #640, #7433, #10479, #235, #10017, #2126 ) ) ;
#3839 = VERTEX_POINT ( 'NONE', #9296 ) ;
#3840 = EDGE_LOOP ( 'NONE', ( #1644, #6573, #5311, #8312, #8762 ) ) ;
#3841 = COLOUR_RGB ( '',0.7921568627450980005, 0.8196078431372548767, 0.9333333333333333481 ) ;
#3842 = DIRECTION ( 'NONE',  ( -3.794707603699675727E-15, 0.000000000000000000, -1.000000000000000000 ) ) ;
#3843 = SURFACE_STYLE_USAGE ( .BOTH. , #5558 ) ;
#3844 = DIRECTION ( 'NONE',  ( -0.000000000000000000, -1.000000000000000000, -0.000000000000000000 ) ) ;
#3845 = PLANE ( 'NONE',  #9368 ) ;
#3846 = DIRECTION ( 'NONE',  ( 0.000000000000000000, -1.000000000000000000, 0.000000000000000000 ) ) ;
#3847 = AXIS2_PLACEMENT_3D ( 'NONE', #6648, #4961, #5014 ) ;
#3848 =( GEOMETRIC_REPRESENTATION_CONTEXT ( 3 ) GLOBAL_UNCERTAINTY_ASSIGNED_CONTEXT ( ( #3814 ) ) GLOBAL_UNIT_ASSIGNED_CONTEXT ( ( #7971, #9847, #4684 ) ) REPRESENTATION_CONTEXT ( 'NONE', 'WORKASPACE' ) );
#3850 = ORIENTED_EDGE ( 'NONE', *, *, #3484, .T. ) ;
#3849 = CARTESIAN_POINT ( 'NONE',  ( -0.1449999999999983247, 0.05000000000000000278, 0.1449999999999968814 ) ) ;
#3851 = VECTOR ( 'NONE', #4839, 1000.000000000000000 ) ;
#3852 = LINE ( 'NONE', #6433, #9050 ) ;
#3853 = FILL_AREA_STYLE_COLOUR ( '', #7234 ) ;
#3854 = DIRECTION ( 'NONE',  ( -3.794707603699675727E-15, -0.000000000000000000, -1.000000000000000000 ) ) ;
#3855 = VECTOR ( 'NONE', #4852, 1000.000000000000000 ) ;
#3856 = VECTOR ( 'NONE', #9388, 1000.000000000000000 ) ;
#3857 = DIRECTION ( 'NONE',  ( 0.000000000000000000, -1.000000000000000000, 0.000000000000000000 ) ) ;
#3858 = CARTESIAN_POINT ( 'NONE',  ( -2.500000000000000000, 0.04999999999999969746, 2.500000000000000000 ) ) ;
#3860 = CARTESIAN_POINT ( 'NONE',  ( 1.524999999999999023, 0.2000000000000000111, -1.675000000000001377 ) ) ;
#3859 = CYLINDRICAL_SURFACE ( 'NONE', #5467, 0.1499999999999999667 ) ;
#3861 = VECTOR ( 'NONE', #9579, 1000.000000000000000 ) ;
#3862 = VECTOR ( 'NONE', #3065, 1000.000000000000000 ) ;
#3863 = ORIENTED_EDGE ( 'NONE', *, *, #9801, .F. ) ;
#3864 = ORIENTED_EDGE ( 'NONE', *, *, #5572, .F. ) ;
#3865 = AXIS2_PLACEMENT_3D ( 'NONE', #10626, #3013, #2174 ) ;
#3867 = ORIENTED_EDGE ( 'NONE', *, *, #10294, .F. ) ;
#3866 = DIRECTION ( 'NONE',  ( 0.000000000000000000, -1.000000000000000000, 0.000000000000000000 ) ) ;
#3868 = ORIENTED_EDGE ( 'NONE', *, *, #1170, .F. ) ;
#3869 =( NAMED_UNIT ( * ) PLANE_ANGLE_UNIT ( ) SI_UNIT ( $, .RADIAN. ) );
#3870 = VECTOR ( 'NONE', #10556, 1000.000000000000000 ) ;
#3871 = DIRECTION ( 'NONE',  ( 1.439820485060763520E-13, -0.000000000000000000, 1.000000000000000000 ) ) ;
#3872 = PRESENTATION_LAYER_ASSIGNMENT (  '', '', ( #4231 ) ) ;
#3873 = CARTESIAN_POINT ( 'NONE',  ( -0.8750000000000022204, 0.000000000000000000, -2.499999999999974243 ) ) ;
#3874 = DIRECTION ( 'NONE',  ( -1.421904488505580887E-16, 0.000000000000000000, -1.000000000000000000 ) ) ;
#3875 = ORIENTED_EDGE ( 'NONE', *, *, #9208, .T. ) ;
#3876 = CARTESIAN_POINT ( 'NONE',  ( -1.675000000000000044, 0.2000000000000000111, 1.524999999999998135 ) ) ;
#3877 = DIRECTION ( 'NONE',  ( 0.000000000000000000, 0.000000000000000000, -1.000000000000000000 ) ) ;
#3878 = VECTOR ( 'NONE', #5318, 1000.000000000000000 ) ;
#3879 = EDGE_LOOP ( 'NONE', ( #7752, #9655, #1248, #4116 ) ) ;
#3880 = CARTESIAN_POINT ( 'NONE',  ( -2.099999999999957012, 0.2000000000000000111, 1.624999999999998890 ) ) ;
#3881 = VECTOR ( 'NONE', #9097, 1000.000000000000000 ) ;
#3882 = VECTOR ( 'NONE', #5373, 1000.000000000000000 ) ;
#3883 = CARTESIAN_POINT ( 'NONE',  ( -0.3749999999999975020, 0.2000000000000000111, 2.499999999999978684 ) ) ;
#3884 = VECTOR ( 'NONE', #10503, 1000.000000000000000 ) ;
#3885 = CARTESIAN_POINT ( 'NONE',  ( -1.809999999999998943, 0.000000000000000000, -2.099999999999999645 ) ) ;
#3886 = ORIENTED_EDGE ( 'NONE', *, *, #3805, .F. ) ;
#3887 = LINE ( 'NONE', #3822, #3683 ) ;
#3888 = CARTESIAN_POINT ( 'NONE',  ( -2.499999999999977796, 0.000000000000000000, -0.3749999999999968914 ) ) ;
#3889 = ORIENTED_EDGE ( 'NONE', *, *, #1880, .T. ) ;
#3890 = VECTOR ( 'NONE', #10576, 1000.000000000000000 ) ;
#3892 = CARTESIAN_POINT ( 'NONE',  ( 1.675000000000000044, 0.04999999999999999584, -1.525000000000000355 ) ) ;
#3891 = DIRECTION ( 'NONE',  ( -0.000000000000000000, 1.000000000000000000, 0.000000000000000000 ) ) ;
#3893 = CARTESIAN_POINT ( 'NONE',  ( 1.125000000000000888, 0.2000000000000000111, 2.100000000000006306 ) ) ;
#3894 = FACE_OUTER_BOUND ( 'NONE', #9657, .T. ) ;
#3895 = FACE_OUTER_BOUND ( 'NONE', #936, .T. ) ;
#3896 = EDGE_CURVE ( 'NONE', #4135, #7835, #1676, .T. ) ;
#3897 = AXIS2_PLACEMENT_3D ( 'NONE', #5351, #7897, #2853 ) ;
#3898 = ADVANCED_FACE ( 'NONE', ( #8459, #6008 ), #7626, .F. ) ;
#3899 = EDGE_CURVE ( 'NONE', #10836, #3945, #5948, .T. ) ;
#3900 = ORIENTED_EDGE ( 'NONE', *, *, #4855, .T. ) ;
#3901 = DIRECTION ( 'NONE',  ( -0.000000000000000000, 1.000000000000000000, 0.000000000000000000 ) ) ;
#3902 = EDGE_CURVE ( 'NONE', #9706, #12, #9349, .T. ) ;
#3903 = EDGE_CURVE ( 'NONE', #4154, #4876, #1730, .T. ) ;
#3904 = VECTOR ( 'NONE', #952, 1000.000000000000000 ) ;
#3905 = ORIENTED_EDGE ( 'NONE', *, *, #2884, .F. ) ;
#3906 = ORIENTED_EDGE ( 'NONE', *, *, #1843, .F. ) ;
#3907 = EDGE_CURVE ( 'NONE', #10198, #10888, #9404, .T. ) ;
#3908 = FACE_OUTER_BOUND ( 'NONE', #670, .T. ) ;
#3909 = SURFACE_STYLE_FILL_AREA ( #3788 ) ;
#3910 = EDGE_CURVE ( 'NONE', #9574, #1891, #953, .T. ) ;
#3911 = LINE ( 'NONE', #6524, #2447 ) ;
#3912 = ADVANCED_FACE ( 'NONE', ( #7727 ), #10892, .F. ) ;
#3913 = CARTESIAN_POINT ( 'NONE',  ( -1.374999999999997558, 0.2000000000000000111, 2.499999999999989786 ) ) ;
#3914 = ORIENTED_EDGE ( 'NONE', *, *, #9663, .F. ) ;
#3915 = EDGE_CURVE ( 'NONE', #2539, #10137, #1835, .T. ) ;
#3916 = CARTESIAN_POINT ( 'NONE',  ( -2.500000000000000000, 0.04999999999999969746, 2.500000000000000000 ) ) ;
#3917 = ADVANCED_FACE ( 'NONE', ( #7840 ), #6292, .F. ) ;
#3918 =( GEOMETRIC_REPRESENTATION_CONTEXT ( 3 ) GLOBAL_UNCERTAINTY_ASSIGNED_CONTEXT ( ( #5029 ) ) GLOBAL_UNIT_ASSIGNED_CONTEXT ( ( #10319, #7040, #6036 ) ) REPRESENTATION_CONTEXT ( 'NONE', 'WORKASPACE' ) );
#3920 = EDGE_LOOP ( 'NONE', ( #8480, #1063, #1815, #5938, #5654, #4860, #6509, #8894, #514, #1807, #3471, #1978, #7112, #5498, #6774, #3932, #7817, #7629, #6137, #3755, #6026, #8422, #8853, #2564, #9953, #2669, #869, #7440, #4660, #4028, #1202, #3608, #9190, #5537, #5004, #1534 ) ) ;
#3919 = DIRECTION ( 'NONE',  ( 1.000000000000000000, 0.000000000000000000, 2.775557561562891351E-14 ) ) ;
#3921 = DIRECTION ( 'NONE',  ( -2.949029909160572061E-14, 0.000000000000000000, 1.000000000000000000 ) ) ;
#3922 = DIRECTION ( 'NONE',  ( 1.000000000000000000, -0.000000000000000000, -1.439820485060763520E-13 ) ) ;
#3923 = MECHANICAL_DESIGN_GEOMETRIC_PRESENTATION_REPRESENTATION (  '', ( #6946 ), #9769 ) ;
#3924 = DIRECTION ( 'NONE',  ( 1.000000000000000000, -0.000000000000000000, -1.421904488505580640E-16 ) ) ;
#3925 = DIRECTION ( 'NONE',  ( 0.000000000000000000, -0.000000000000000000, 1.000000000000000000 ) ) ;
#3927 = DIRECTION ( 'NONE',  ( 0.7071067811865475727, 0.000000000000000000, -0.7071067811865475727 ) ) ;
#3926 = CARTESIAN_POINT ( 'NONE',  ( 1.624999999999997780, 0.000000000000000000, -2.500000000000000000 ) ) ;
#3928 = ORIENTED_EDGE ( 'NONE', *, *, #7691, .F. ) ;
#3929 = VERTEX_POINT ( 'NONE', #4455 ) ;
#3930 = AXIS2_PLACEMENT_3D ( 'NONE', #2772, #9653, #5270 ) ;
#3932 = ORIENTED_EDGE ( 'NONE', *, *, #3214, .T. ) ;
#3931 = CARTESIAN_POINT ( 'NONE',  ( -2.099999999999977884, 0.2000000000000000111, -0.3750000000000012212 ) ) ;
#3933 = VERTEX_POINT ( 'NONE', #10504 ) ;
#3934 = DIRECTION ( 'NONE',  ( -1.000000000000000000, 0.000000000000000000, 5.825563911862536913E-15 ) ) ;
#3935 = ORIENTED_EDGE ( 'NONE', *, *, #1377, .T. ) ;
#3936 = LINE ( 'NONE', #3040, #7614 ) ;
#3937 = CARTESIAN_POINT ( 'NONE',  ( 2.099999999999990319, 0.2000000000000000111, 0.6250000000000025535 ) ) ;
#3938 = UNCERTAINTY_MEASURE_WITH_UNIT (LENGTH_MEASURE( 1.000000000000000082E-05 ), #109, 'distance_accuracy_value', 'NONE');
#3939 = VERTEX_POINT ( 'NONE', #2781 ) ;
#3940 = DIRECTION ( 'NONE',  ( 0.000000000000000000, -0.000000000000000000, 1.000000000000000000 ) ) ;
#3941 = CARTESIAN_POINT ( 'NONE',  ( 1.874999999999999778, 0.2000000000000000111, -2.165000000000000036 ) ) ;
#3942 = LINE ( 'NONE', #8389, #1183 ) ;
#3943 = PLANE ( 'NONE',  #10955 ) ;
#3944 = LINE ( 'NONE', #9768, #1612 ) ;
#3945 = VERTEX_POINT ( 'NONE', #1894 ) ;
#3947 = FACE_OUTER_BOUND ( 'NONE', #9754, .T. ) ;
#3946 = CARTESIAN_POINT ( 'NONE',  ( -1.375000000000000444, 0.2000000000000000111, -1.675000000000000711 ) ) ;
#3948 = CARTESIAN_POINT ( 'NONE',  ( 0.3749999999999993339, 0.2000000000000000111, -2.100000000000020073 ) ) ;
#3949 = CARTESIAN_POINT ( 'NONE',  ( 2.499999999999993783, 0.2000000000000000111, 1.874999999999998668 ) ) ;
#3950 = LINE ( 'NONE', #7335, #812 ) ;
#3951 = ORIENTED_EDGE ( 'NONE', *, *, #2491, .F. ) ;
#3952 = CARTESIAN_POINT ( 'NONE',  ( 1.374999999999999334, 0.2000000000000000111, -2.100000000000030731 ) ) ;
#3953 = ORIENTED_EDGE ( 'NONE', *, *, #7886, .F. ) ;
#3954 = VERTEX_POINT ( 'NONE', #224 ) ;
#3955 = ORIENTED_EDGE ( 'NONE', *, *, #2729, .T. ) ;
#3956 = DIRECTION ( 'NONE',  ( -3.794707603699675727E-15, 0.000000000000000000, -1.000000000000000000 ) ) ;
#3957 = CARTESIAN_POINT ( 'NONE',  ( -3.023623018627843862E-13, 0.05000000000000000278, -2.100000000000166622 ) ) ;
#3958 = CARTESIAN_POINT ( 'NONE',  ( 0.8749999999999993339, 0.2000000000000000111, -2.100000000000025402 ) ) ;
#3959 = EDGE_CURVE ( 'NONE', #6284, #6317, #9660, .T. ) ;
#3960 = ADVANCED_FACE ( 'NONE', ( #3611 ), #6172, .T. ) ;
#3961 = EDGE_CURVE ( 'NONE', #7454, #10562, #5220, .T. ) ;
#3962 = VERTEX_POINT ( 'NONE', #1068 ) ;
#3963 = PLANE ( 'NONE',  #6543 ) ;
#3964 = EDGE_CURVE ( 'NONE', #267, #3535, #3504, .T. ) ;
#3965 = ADVANCED_FACE ( 'NONE', ( #2674 ), #2844, .F. ) ;
#3967 = ORIENTED_EDGE ( 'NONE', *, *, #1250, .T. ) ;
#3966 = CARTESIAN_POINT ( 'NONE',  ( 1.624999999999997780, 0.2000000000000000111, -2.500000000000000000 ) ) ;
#3968 = ADVANCED_FACE ( 'NONE', ( #10452 ), #4501, .T. ) ;
#3969 = EDGE_CURVE ( 'NONE', #6139, #10029, #6237, .T. ) ;
#3970 = CARTESIAN_POINT ( 'NONE',  ( 0.8749999999999978906, 0.2000000000000000111, -2.499999999999982236 ) ) ;
#3971 =( LENGTH_UNIT ( ) NAMED_UNIT ( * ) SI_UNIT ( .MILLI., .METRE. ) );
#3972 = CARTESIAN_POINT ( 'NONE',  ( -2.099999999999990763, 0.000000000000000000, -1.625000000000001110 ) ) ;
#3973 = CARTESIAN_POINT ( 'NONE',  ( -2.099999999999957012, 0.000000000000000000, 1.624999999999998890 ) ) ;
#3974 = DIRECTION ( 'NONE',  ( 1.000000000000000000, 0.000000000000000000, 0.000000000000000000 ) ) ;
#3976 = CARTESIAN_POINT ( 'NONE',  ( -2.000000000000000000, 0.9499999999999999556, -2.250000000000000444 ) ) ;
#3975 = CARTESIAN_POINT ( 'NONE',  ( 0.6249999999999978906, 0.2000000000000000111, -2.499999999999989786 ) ) ;
#3977 = ORIENTED_EDGE ( 'NONE', *, *, #5329, .F. ) ;
#3978 = ORIENTED_EDGE ( 'NONE', *, *, #580, .F. ) ;
#3979 = ADVANCED_FACE ( 'NONE', ( #1165 ), #2723, .F. ) ;
#3981 = EDGE_LOOP ( 'NONE', ( #5697, #2506, #8428, #2537, #399 ) ) ;
#3980 = CARTESIAN_POINT ( 'NONE',  ( -0.8749999999999990008, 0.2000000000000000111, 2.100000000000027178 ) ) ;
#3982 = ORIENTED_EDGE ( 'NONE', *, *, #3817, .F. ) ;
#3983 = ADVANCED_FACE ( 'NONE', ( #3664 ), #175, .F. ) ;
#3984 = CARTESIAN_POINT ( 'NONE',  ( 0.000000000000000000, 0.2000000000000000111, 0.000000000000000000 ) ) ;
#3985 = FACE_OUTER_BOUND ( 'NONE', #6693, .T. ) ;
#3986 = EDGE_LOOP ( 'NONE', ( #221, #10723, #5011, #2789 ) ) ;
#3987 = PLANE ( 'NONE',  #10977 ) ;
#3988 = CARTESIAN_POINT ( 'NONE',  ( -2.499999999999988454, 0.2000000000000000111, -1.374999999999996891 ) ) ;
#3989 = ORIENTED_EDGE ( 'NONE', *, *, #3302, .F. ) ;
#3990 = DIRECTION ( 'NONE',  ( 1.040834085586084257E-14, 0.000000000000000000, 1.000000000000000000 ) ) ;
#3991 = CARTESIAN_POINT ( 'NONE',  ( -1.675000000000000044, 0.2000000000000000111, 1.524999999999998135 ) ) ;
#3992 = DIRECTION ( 'NONE',  ( 9.611305745276845088E-14, -0.000000000000000000, -1.000000000000000000 ) ) ;
#3993 = CARTESIAN_POINT ( 'NONE',  ( -0.8750000000000022204, 0.2000000000000000111, -2.499999999999974243 ) ) ;
#3994 = VECTOR ( 'NONE', #322, 1000.000000000000000 ) ;
#3995 = VERTEX_POINT ( 'NONE', #8748 ) ;
#3997 = DIRECTION ( 'NONE',  ( 0.7071067811865500152, 0.000000000000000000, 0.7071067811865451302 ) ) ;
#3996 = CARTESIAN_POINT ( 'NONE',  ( 0.000000000000000000, 0.2000000000000000111, 0.000000000000000000 ) ) ;
#3998 = DIRECTION ( 'NONE',  ( 1.000000000000000000, 0.000000000000000000, -5.825563911862536913E-15 ) ) ;
#3999 = PLANE ( 'NONE',  #9563 ) ;
#4000 = DIRECTION ( 'NONE',  ( 1.000000000000000000, -0.000000000000000000, 2.344220913482196012E-15 ) ) ;
#4001 = ORIENTED_EDGE ( 'NONE', *, *, #9663, .T. ) ;
#4002 = VECTOR ( 'NONE', #6541, 1000.000000000000000 ) ;
#4003 = LINE ( 'NONE', #8282, #677 ) ;
#4004 = ORIENTED_EDGE ( 'NONE', *, *, #2680, .T. ) ;
#4005 = ORIENTED_EDGE ( 'NONE', *, *, #10398, .T. ) ;
#4006 = ORIENTED_EDGE ( 'NONE', *, *, #3227, .F. ) ;
#4007 = FACE_OUTER_BOUND ( 'NONE', #6902, .T. ) ;
#4008 = VECTOR ( 'NONE', #4656, 1000.000000000000000 ) ;
#4009 = DIRECTION ( 'NONE',  ( -1.439820485060763520E-13, 0.000000000000000000, -1.000000000000000000 ) ) ;
#4010 = LINE ( 'NONE', #4293, #4758 ) ;
#4011 = ORIENTED_EDGE ( 'NONE', *, *, #2121, .F. ) ;
#4012 = DIRECTION ( 'NONE',  ( 0.000000000000000000, -1.000000000000000000, 0.000000000000000000 ) ) ;
#4014 = EDGE_LOOP ( 'NONE', ( #7781, #3030, #5087, #8618 ) ) ;
#4013 = CYLINDRICAL_SURFACE ( 'NONE', #3395, 0.2500000000000000000 ) ;
#4015 =( NAMED_UNIT ( * ) SI_UNIT ( $, .STERADIAN. ) SOLID_ANGLE_UNIT ( ) );
#4016 = CARTESIAN_POINT ( 'NONE',  ( 0.000000000000000000, 0.2000000000000000111, 0.000000000000000000 ) ) ;
#4017 = DIRECTION ( 'NONE',  ( 0.000000000000000000, -1.000000000000000000, 0.000000000000000000 ) ) ;
#4018 = FACE_OUTER_BOUND ( 'NONE', #3650, .T. ) ;
#4019 = DIRECTION ( 'NONE',  ( 0.000000000000000000, -0.000000000000000000, 1.000000000000000000 ) ) ;
#4020 = CLOSED_SHELL ( 'NONE', ( #90, #8941, #3067, #9458, #713, #972 ) ) ;
#4022 = DIRECTION ( 'NONE',  ( 0.000000000000000000, 1.000000000000000000, 0.000000000000000000 ) ) ;
#4021 = DIRECTION ( 'NONE',  ( 0.000000000000000000, 0.000000000000000000, -1.000000000000000000 ) ) ;
#4023 = EDGE_LOOP ( 'NONE', ( #888, #5475, #2911, #1655 ) ) ;
#4024 = VERTEX_POINT ( 'NONE', #7067 ) ;
#4025 = EDGE_CURVE ( 'NONE', #2703, #2721, #337, .T. ) ;
#4026 = EDGE_CURVE ( 'NONE', #8155, #6440, #2051, .T. ) ;
#4028 = ORIENTED_EDGE ( 'NONE', *, *, #6014, .F. ) ;
#4027 = CARTESIAN_POINT ( 'NONE',  ( -2.000000000000000000, 1.000000000000000000, -1.750000000000000000 ) ) ;
#4029 = ORIENTED_EDGE ( 'NONE', *, *, #8633, .F. ) ;
#4030 = EDGE_CURVE ( 'NONE', #1463, #5889, #4615, .T. ) ;
#4031 = AXIS2_PLACEMENT_3D ( 'NONE', #3243, #10901, #6597 ) ;
#4032 = VECTOR ( 'NONE', #9036, 1000.000000000000000 ) ;
#4033 = FILL_AREA_STYLE_COLOUR ( '', #8109 ) ;
#4034 = CARTESIAN_POINT ( 'NONE',  ( 1.374999999999997780, 0.2000000000000000111, -2.499999999999987566 ) ) ;
#4035 = ADVANCED_FACE ( 'NONE', ( #9949 ), #6408, .F. ) ;
#4036 = ORIENTED_EDGE ( 'NONE', *, *, #1920, .F. ) ;
#4037 = LINE ( 'NONE', #7428, #871 ) ;
#4038 = ADVANCED_FACE ( 'NONE', ( #10606 ), #4668, .T. ) ;
#4039 = CARTESIAN_POINT ( 'NONE',  ( 0.000000000000000000, 0.2000000000000000111, 0.000000000000000000 ) ) ;
#4040 = UNCERTAINTY_MEASURE_WITH_UNIT (LENGTH_MEASURE( 1.000000000000000082E-05 ), #1728, 'distance_accuracy_value', 'NONE');
#4041 = ORIENTED_EDGE ( 'NONE', *, *, #7166, .T. ) ;
#4042 = AXIS2_PLACEMENT_3D ( 'NONE', #902, #5773, #7 ) ;
#4043 = EDGE_CURVE ( 'NONE', #3493, #5525, #1391, .T. ) ;
#4044 = VECTOR ( 'NONE', #10339, 1000.000000000000000 ) ;
#4045 = VECTOR ( 'NONE', #6517, 1000.000000000000000 ) ;
#4046 = DIRECTION ( 'NONE',  ( 0.7071067811865474617, 0.000000000000000000, -0.7071067811865474617 ) ) ;
#4047 = VERTEX_POINT ( 'NONE', #6347 ) ;
#4048 = DIRECTION ( 'NONE',  ( 1.084202172485504276E-14, 0.000000000000000000, 1.000000000000000000 ) ) ;
#4049 = DIRECTION ( 'NONE',  ( 9.757819552369536751E-15, 0.000000000000000000, 1.000000000000000000 ) ) ;
#4050 = VECTOR ( 'NONE', #3481, 1000.000000000000000 ) ;
#4051 = VERTEX_POINT ( 'NONE', #7179 ) ;
#4053 = FACE_OUTER_BOUND ( 'NONE', #227, .T. ) ;
#4052 = CARTESIAN_POINT ( 'NONE',  ( -4.269046054162104427E-15, 0.05000000000000000278, -1.124999999999991784 ) ) ;
#4054 = LINE ( 'NONE', #1775, #5623 ) ;
#4055 = AXIS2_PLACEMENT_3D ( 'NONE', #8925, #2965, #6483 ) ;
#4056 = DIRECTION ( 'NONE',  ( 0.000000000000000000, 0.000000000000000000, -1.000000000000000000 ) ) ;
#4057 = COLOUR_RGB ( '',0.7921568627450980005, 0.8196078431372548767, 0.9333333333333333481 ) ;
#4058 = CARTESIAN_POINT ( 'NONE',  ( 0.1249999999999925199, 0.05000000000000000278, -4.997494388800613589E-16 ) ) ;
#4059 = VERTEX_POINT ( 'NONE', #6462 ) ;
#4060 = AXIS2_PLACEMENT_3D ( 'NONE', #4807, #9915, #8199 ) ;
#4061 = DIRECTION ( 'NONE',  ( -1.000000000000000000, 0.000000000000000000, 1.040834085586084257E-14 ) ) ;
#4062 = VECTOR ( 'NONE', #9465, 1000.000000000000000 ) ;
#4063 = ORIENTED_EDGE ( 'NONE', *, *, #7499, .F. ) ;
#4064 = VECTOR ( 'NONE', #5322, 1000.000000000000000 ) ;
#4065 = VERTEX_POINT ( 'NONE', #6577 ) ;
#4066 = VERTEX_POINT ( 'NONE', #9714 ) ;
#4067 = DIRECTION ( 'NONE',  ( 0.000000000000000000, -1.000000000000000000, 0.000000000000000000 ) ) ;
#4068 = CARTESIAN_POINT ( 'NONE',  ( -1.874999999999999556, 0.000000000000000000, 2.165000000000001812 ) ) ;
#4069 = VECTOR ( 'NONE', #1741, 1000.000000000000000 ) ;
#4070 = CARTESIAN_POINT ( 'NONE',  ( -0.3750000000000073275, 0.05000000000000000278, 1.473837328222670536E-15 ) ) ;
#4071 = CARTESIAN_POINT ( 'NONE',  ( 2.499999999999995559, 0.2000000000000000111, 1.124999999999998668 ) ) ;
#4072 = ORIENTED_EDGE ( 'NONE', *, *, #1675, .F. ) ;
#4073 = LINE ( 'NONE', #742, #8296 ) ;
#4074 = VECTOR ( 'NONE', #9902, 1000.000000000000000 ) ;
#4076 = EDGE_LOOP ( 'NONE', ( #9337, #1338, #6818, #8401 ) ) ;
#4075 = CARTESIAN_POINT ( 'NONE',  ( -2.000000000000000000, 0.9499999999999999556, -2.000000000000000000 ) ) ;
#4077 = CARTESIAN_POINT ( 'NONE',  ( 2.100000000000020961, 0.2000000000000000111, 0.3750000000000000555 ) ) ;
#4078 = DIRECTION ( 'NONE',  ( -1.000000000000000000, 0.000000000000000000, 3.930232875260377980E-15 ) ) ;
#4079 = CARTESIAN_POINT ( 'NONE',  ( 0.6250000000000009992, 0.2000000000000000111, 2.100000000000011635 ) ) ;
#4080 = CARTESIAN_POINT ( 'NONE',  ( 2.099999999999995648, 0.2000000000000000111, 1.125000000000002442 ) ) ;
#4082 = DIRECTION ( 'NONE',  ( -1.000000000000000000, 0.000000000000000000, 1.029992063861229055E-14 ) ) ;
#4081 = CARTESIAN_POINT ( 'NONE',  ( -2.499999999999956923, 0.2000000000000000111, 1.625000000000003109 ) ) ;
#4083 = VECTOR ( 'NONE', #4666, 1000.000000000000114 ) ;
#4084 = EDGE_LOOP ( 'NONE', ( #3046, #2695, #195, #1403 ) ) ;
#4085 = ORIENTED_EDGE ( 'NONE', *, *, #2661, .T. ) ;
#4086 = EDGE_LOOP ( 'NONE', ( #9243, #5278, #3347, #10690 ) ) ;
#4087 = ORIENTED_EDGE ( 'NONE', *, *, #3416, .T. ) ;
#4088 = AXIS2_PLACEMENT_3D ( 'NONE', #10702, #3866, #2142 ) ;
#4089 = CARTESIAN_POINT ( 'NONE',  ( 2.100000000000031619, 0.000000000000000000, 1.375000000000000222 ) ) ;
#4090 = FACE_OUTER_BOUND ( 'NONE', #5767, .T. ) ;
#4091 = VERTEX_POINT ( 'NONE', #2335 ) ;
#4092 = EDGE_CURVE ( 'NONE', #7135, #4994, #2937, .T. ) ;
#4093 = DIRECTION ( 'NONE',  ( 1.084202172485504276E-14, 0.000000000000000000, 1.000000000000000000 ) ) ;
#4094 = CARTESIAN_POINT ( 'NONE',  ( 2.100000000000026290, 0.04999999999999999584, 0.8750000000000001110 ) ) ;
#4095 = EDGE_CURVE ( 'NONE', #251, #1325, #6512, .T. ) ;
#4096 = ORIENTED_EDGE ( 'NONE', *, *, #1856, .T. ) ;
#4097 = VECTOR ( 'NONE', #10221, 1000.000000000000000 ) ;
#4098 = ORIENTED_EDGE ( 'NONE', *, *, #1792, .F. ) ;
#4099 = DIRECTION ( 'NONE',  ( 1.000000000000000000, 0.000000000000000000, 2.949029909160572061E-14 ) ) ;
#4100 = EDGE_CURVE ( 'NONE', #1122, #6086, #7284, .T. ) ;
#4101 = LINE ( 'NONE', #5034, #4107 ) ;
#4102 = ADVANCED_FACE ( 'NONE', ( #3101 ), #1498, .F. ) ;
#4103 = EDGE_LOOP ( 'NONE', ( #9149, #8576, #4345, #2517 ) ) ;
#4104 = DIRECTION ( 'NONE',  ( 0.000000000000000000, -0.000000000000000000, -1.000000000000000000 ) ) ;
#4105 = CARTESIAN_POINT ( 'NONE',  ( 0.1249999999999977796, 0.2000000000000000111, -2.499999999999984457 ) ) ;
#4106 = ADVANCED_FACE ( 'NONE', ( #3165 ), #7226, .T. ) ;
#4107 = VECTOR ( 'NONE', #10264, 1000.000000000000000 ) ;
#4108 = VERTEX_POINT ( 'NONE', #559 ) ;
#4109 = EDGE_CURVE ( 'NONE', #6126, #9621, #1281, .T. ) ;
#4111 = DIRECTION ( 'NONE',  ( 1.000000000000000000, 0.000000000000000000, -1.040834085586085203E-14 ) ) ;
#4110 = DIRECTION ( 'NONE',  ( 1.000000000000000000, 0.000000000000000000, -9.893344823930226383E-15 ) ) ;
#4112 = PLANE ( 'NONE',  #4164 ) ;
#4113 = FACE_OUTER_BOUND ( 'NONE', #3109, .T. ) ;
#4114 = VERTEX_POINT ( 'NONE', #3780 ) ;
#4115 = CARTESIAN_POINT ( 'NONE',  ( 0.1249999999999977796, 0.04999999999999999584, -2.499999999999984457 ) ) ;
#4116 = ORIENTED_EDGE ( 'NONE', *, *, #3907, .T. ) ;
#4117 = ORIENTED_EDGE ( 'NONE', *, *, #2664, .F. ) ;
#4118 = ORIENTED_EDGE ( 'NONE', *, *, #3482, .F. ) ;
#4119 = CARTESIAN_POINT ( 'NONE',  ( -2.099999999999982769, 0.2000000000000000111, -0.8750000000000012212 ) ) ;
#4120 = EDGE_CURVE ( 'NONE', #3392, #10863, #447, .T. ) ;
#4121 = LINE ( 'NONE', #7509, #9403 ) ;
#4122 = DIRECTION ( 'NONE',  ( -1.000000000000000000, 0.000000000000000000, 9.757819552369536751E-15 ) ) ;
#4123 = CARTESIAN_POINT ( 'NONE',  ( 1.874999999999999112, 0.2000000000000000111, 2.165000000000000480 ) ) ;
#4124 = ORIENTED_EDGE ( 'NONE', *, *, #2607, .T. ) ;
#4125 = DIRECTION ( 'NONE',  ( 0.000000000000000000, -1.000000000000000000, 0.000000000000000000 ) ) ;
#4126 = ORIENTED_EDGE ( 'NONE', *, *, #10091, .T. ) ;
#4127 = PLANE ( 'NONE',  #5616 ) ;
#4128 = LINE ( 'NONE', #9249, #2294 ) ;
#4129 = FACE_OUTER_BOUND ( 'NONE', #4476, .T. ) ;
#4130 = CARTESIAN_POINT ( 'NONE',  ( -1.625000000000002220, 0.2000000000000000111, -2.499999999999956035 ) ) ;
#4131 = FACE_OUTER_BOUND ( 'NONE', #970, .T. ) ;
#4132 = DIRECTION ( 'NONE',  ( -1.000000000000000000, 0.000000000000000000, -2.949029909160572061E-14 ) ) ;
#4134 = FACE_OUTER_BOUND ( 'NONE', #7863, .T. ) ;
#4133 = LINE ( 'NONE', #1688, #8863 ) ;
#4135 = VERTEX_POINT ( 'NONE', #5661 ) ;
#4136 = ORIENTED_EDGE ( 'NONE', *, *, #362, .T. ) ;
#4138 = EDGE_LOOP ( 'NONE', ( #4496, #10341, #7952, #1451 ) ) ;
#4137 = SURFACE_STYLE_USAGE ( .BOTH. , #9310 ) ;
#4139 = EDGE_LOOP ( 'NONE', ( #6713, #7203, #6106, #1284 ) ) ;
#4140 = CARTESIAN_POINT ( 'NONE',  ( 2.100000000000031619, 0.2000000000000000111, 1.375000000000000222 ) ) ;
#4141 = ORIENTED_EDGE ( 'NONE', *, *, #9893, .F. ) ;
#4142 = DIRECTION ( 'NONE',  ( 1.000000000000000000, 0.000000000000000000, 2.949029909160572061E-14 ) ) ;
#4143 = CARTESIAN_POINT ( 'NONE',  ( 0.1250000000000223432, 0.05000000000000000278, -1.228197773518954795E-15 ) ) ;
#4144 = UNCERTAINTY_MEASURE_WITH_UNIT (LENGTH_MEASURE( 1.000000000000000082E-05 ), #9540, 'distance_accuracy_value', 'NONE');
#4145 = ORIENTED_EDGE ( 'NONE', *, *, #6142, .F. ) ;
#4146 = EDGE_LOOP ( 'NONE', ( #8773, #730, #10232, #3638 ) ) ;
#4147 = SURFACE_STYLE_USAGE ( .BOTH. , #2492 ) ;
#4148 = CARTESIAN_POINT ( 'NONE',  ( -0.8749999999999975575, 0.000000000000000000, 2.499999999999984013 ) ) ;
#4149 = CARTESIAN_POINT ( 'NONE',  ( -2.099999999999975220, 0.2000000000000000111, -1.809999999999999609 ) ) ;
#4150 = EDGE_CURVE ( 'NONE', #4108, #6395, #3829, .T. ) ;
#4151 = DIRECTION ( 'NONE',  ( 1.000000000000000000, -0.000000000000000000, 0.000000000000000000 ) ) ;
#4152 = EDGE_CURVE ( 'NONE', #7812, #473, #501, .T. ) ;
#4153 = CARTESIAN_POINT ( 'NONE',  ( -2.164999999999975167, 0.2000000000000000111, -1.875000000000000222 ) ) ;
#4154 = VERTEX_POINT ( 'NONE', #3893 ) ;
#4156 = DIRECTION ( 'NONE',  ( -1.439820485060763520E-13, 0.000000000000000000, -1.000000000000000000 ) ) ;
#4155 = LINE ( 'NONE', #95, #10618 ) ;
#4157 = CARTESIAN_POINT ( 'NONE',  ( 2.100000000000031619, 0.2000000000000000111, 1.375000000000000222 ) ) ;
#4158 = CARTESIAN_POINT ( 'NONE',  ( -1.125000000000000888, 0.2000000000000000111, -2.100000000000004530 ) ) ;
#4159 = ADVANCED_FACE ( 'NONE', ( #8953 ), #9066, .T. ) ;
#4160 = ORIENTED_EDGE ( 'NONE', *, *, #8030, .T. ) ;
#4161 = ADVANCED_FACE ( 'NONE', ( #2217 ), #1447, .T. ) ;
#4162 = ADVANCED_FACE ( 'NONE', ( #4941 ), #2502, .T. ) ;
#4163 = LINE ( 'NONE', #10935, #504 ) ;
#4164 = AXIS2_PLACEMENT_3D ( 'NONE', #1715, #10880, #5043 ) ;
#4165 = VERTEX_POINT ( 'NONE', #10215 ) ;
#4166 = ORIENTED_EDGE ( 'NONE', *, *, #8931, .F. ) ;
#4167 = ORIENTED_EDGE ( 'NONE', *, *, #5104, .F. ) ;
#4168 = CARTESIAN_POINT ( 'NONE',  ( -1.374999999999997558, 0.2000000000000000111, 2.499999999999989786 ) ) ;
#4169 = FILL_AREA_STYLE_COLOUR ( '', #1237 ) ;
#4170 = DIRECTION ( 'NONE',  ( 3.862470239480026854E-15, 0.000000000000000000, 1.000000000000000000 ) ) ;
#4171 = CARTESIAN_POINT ( 'NONE',  ( 1.874999999999999112, 0.04999999999999999584, 2.165000000000000480 ) ) ;
#4172 = EDGE_CURVE ( 'NONE', #1705, #1122, #2551, .T. ) ;
#4173 = ORIENTED_EDGE ( 'NONE', *, *, #4443, .F. ) ;
#4174 = LINE ( 'NONE', #3239, #1739 ) ;
#4175 = AXIS2_PLACEMENT_3D ( 'NONE', #2188, #1255, #10642 ) ;
#4176 = EDGE_CURVE ( 'NONE', #10975, #7231, #4054, .T. ) ;
#4177 = ADVANCED_FACE ( 'NONE', ( #9389 ), #8277, .T. ) ;
#4178 = VECTOR ( 'NONE', #5398, 1000.000000000000000 ) ;
#4179 = ORIENTED_EDGE ( 'NONE', *, *, #10202, .T. ) ;
#4180 = VECTOR ( 'NONE', #8398, 1000.000000000000000 ) ;
#4181 = DIRECTION ( 'NONE',  ( -1.000000000000000000, 0.000000000000000000, 1.029992063861229055E-14 ) ) ;
#4182 = CARTESIAN_POINT ( 'NONE',  ( 1.625000000000002442, 0.2000000000000000111, 2.499999999999957367 ) ) ;
#4183 = DIRECTION ( 'NONE',  ( 0.000000000000000000, 1.000000000000000000, 0.000000000000000000 ) ) ;
#4184 = DIRECTION ( 'NONE',  ( -3.794707603699675727E-15, -0.000000000000000000, -1.000000000000000000 ) ) ;
#4185 = CARTESIAN_POINT ( 'NONE',  ( 1.875000000000002442, 0.2000000000000000111, 2.499999999999955147 ) ) ;
#4186 = CARTESIAN_POINT ( 'NONE',  ( -1.374999999999997558, 0.000000000000000000, 2.499999999999989786 ) ) ;
#4188 = CARTESIAN_POINT ( 'NONE',  ( 0.6250000000000025535, 0.2000000000000000111, 2.499999999999968470 ) ) ;
#4187 = CARTESIAN_POINT ( 'NONE',  ( 2.100000000000026290, 0.2000000000000000111, 0.8750000000000001110 ) ) ;
#4189 = VECTOR ( 'NONE', #2062, 1000.000000000000000 ) ;
#4190 = ORIENTED_EDGE ( 'NONE', *, *, #1121, .F. ) ;
#4191 = AXIS2_PLACEMENT_3D ( 'NONE', #5535, #7320, #1309 ) ;
#4192 = ORIENTED_EDGE ( 'NONE', *, *, #2548, .T. ) ;
#4194 = EDGE_LOOP ( 'NONE', ( #789, #4612, #3228, #8989 ) ) ;
#4193 = PRESENTATION_STYLE_ASSIGNMENT (( #1692 ) ) ;
#4195 = ORIENTED_EDGE ( 'NONE', *, *, #5127, .T. ) ;
#4196 = CLOSED_SHELL ( 'NONE', ( #2944, #9535, #2346, #7635, #6432, #2834 ) ) ;
#4197 = DIRECTION ( 'NONE',  ( 0.000000000000000000, 1.000000000000000000, 0.000000000000000000 ) ) ;
#4198 = AXIS2_PLACEMENT_3D ( 'NONE', #5145, #10410, #72 ) ;
#4199 = VERTEX_POINT ( 'NONE', #7671 ) ;
#4200 = FACE_OUTER_BOUND ( 'NONE', #5576, .T. ) ;
#4201 = CARTESIAN_POINT ( 'NONE',  ( 1.675000000000000044, 0.2000000000000000111, 1.524999999999997691 ) ) ;
#4202 = ORIENTED_EDGE ( 'NONE', *, *, #1459, .F. ) ;
#4203 = ORIENTED_EDGE ( 'NONE', *, *, #4505, .T. ) ;
#4204 = VECTOR ( 'NONE', #2916, 1000.000000000000000 ) ;
#4205 = VECTOR ( 'NONE', #8245, 1000.000000000000000 ) ;
#4206 = VECTOR ( 'NONE', #9441, 1000.000000000000000 ) ;
#4207 = SURFACE_STYLE_FILL_AREA ( #6728 ) ;
#4208 = VERTEX_POINT ( 'NONE', #5825 ) ;
#4209 = FACE_OUTER_BOUND ( 'NONE', #2949, .T. ) ;
#4210 = CARTESIAN_POINT ( 'NONE',  ( -0.6250000000000022204, 0.2000000000000000111, -2.499999999999966693 ) ) ;
#4211 = PLANE ( 'NONE',  #5961 ) ;
#4212 = FACE_OUTER_BOUND ( 'NONE', #10984, .T. ) ;
#4213 = ORIENTED_EDGE ( 'NONE', *, *, #10012, .F. ) ;
#4215 = CARTESIAN_POINT ( 'NONE',  ( 1.874999999999999112, 0.000000000000000000, 2.165000000000000480 ) ) ;
#4214 = CARTESIAN_POINT ( 'NONE',  ( -0.3750000000000022204, 0.2000000000000000111, -2.499999999999979128 ) ) ;
#4216 = AXIS2_PLACEMENT_3D ( 'NONE', #10555, #9886, #4782 ) ;
#4217 = CARTESIAN_POINT ( 'NONE',  ( 0.000000000000000000, 0.2000000000000000111, 0.000000000000000000 ) ) ;
#4218 = VECTOR ( 'NONE', #3844, 1000.000000000000000 ) ;
#4219 = CARTESIAN_POINT ( 'NONE',  ( 1.374999999999997780, 0.2000000000000000111, -2.499999999999987566 ) ) ;
#4220 = VECTOR ( 'NONE', #6763, 1000.000000000000000 ) ;
#4221 = AXIS2_PLACEMENT_3D ( 'NONE', #3952, #10779, #3173 ) ;
#4222 = VERTEX_POINT ( 'NONE', #49 ) ;
#4223 = FACE_OUTER_BOUND ( 'NONE', #3291, .T. ) ;
#4224 = VERTEX_POINT ( 'NONE', #7447 ) ;
#4225 = VECTOR ( 'NONE', #6041, 1000.000000000000000 ) ;
#4226 = VERTEX_POINT ( 'NONE', #4157 ) ;
#4227 = ORIENTED_EDGE ( 'NONE', *, *, #3899, .T. ) ;
#4228 = ORIENTED_EDGE ( 'NONE', *, *, #3230, .T. ) ;
#4229 = CARTESIAN_POINT ( 'NONE',  ( 1.125000000000021982, 0.05000000000000000278, -1.097754699641594539E-14 ) ) ;
#4230 = CIRCLE ( 'NONE', #325, 0.1499999999999999667 ) ;
#4231 = STYLED_ITEM ( 'NONE', ( #8892 ), #9839 ) ;
#4232 = SURFACE_STYLE_FILL_AREA ( #5057 ) ;
#4233 = CARTESIAN_POINT ( 'NONE',  ( -0.1250000000000022204, 0.2000000000000000111, -2.499999999999972022 ) ) ;
#4234 = EDGE_CURVE ( 'NONE', #278, #7535, #9333, .T. ) ;
#4235 = DIRECTION ( 'NONE',  ( 1.000000000000000000, -0.000000000000000000, -3.930232875260377980E-15 ) ) ;
#4236 = ORIENTED_EDGE ( 'NONE', *, *, #9407, .T. ) ;
#4237 = LINE ( 'NONE', #2516, #10430 ) ;
#4238 = AXIS2_PLACEMENT_3D ( 'NONE', #8376, #3934, #5640 ) ;
#4239 = EDGE_CURVE ( 'NONE', #10708, #8319, #8345, .T. ) ;
#4240 = VECTOR ( 'NONE', #6556, 1000.000000000000000 ) ;
#4241 = EDGE_CURVE ( 'NONE', #7278, #266, #9172, .T. ) ;
#4242 = ORIENTED_EDGE ( 'NONE', *, *, #6010, .F. ) ;
#4243 = ADVANCED_FACE ( 'NONE', ( #3438 ), #4112, .F. ) ;
#4244 = DIRECTION ( 'NONE',  ( 0.000000000000000000, 1.000000000000000000, -0.000000000000000000 ) ) ;
#4245 = AXIS2_PLACEMENT_3D ( 'NONE', #2961, #7973, #3796 ) ;
#4246 = EDGE_CURVE ( 'NONE', #2254, #9812, #10930, .T. ) ;
#4247 = CARTESIAN_POINT ( 'NONE',  ( -0.6250000000000014433, 0.2000000000000000111, 2.099999999999991207 ) ) ;
#4248 = CARTESIAN_POINT ( 'NONE',  ( 2.099999999999990319, 0.2000000000000000111, 0.6250000000000025535 ) ) ;
#4249 = CARTESIAN_POINT ( 'NONE',  ( -1.625000000000001332, 0.2000000000000000111, 2.100000000000001865 ) ) ;
#4250 = ADVANCED_FACE ( 'NONE', ( #8505 ), #9232, .T. ) ;
#4251 = DIRECTION ( 'NONE',  ( 0.000000000000000000, -1.000000000000000000, 0.000000000000000000 ) ) ;
#4252 = EDGE_CURVE ( 'NONE', #5096, #4428, #891, .T. ) ;
#4253 = LINE ( 'NONE', #4856, #5658 ) ;
#4254 = AXIS2_PLACEMENT_3D ( 'NONE', #9198, #2521, #5959 ) ;
#4255 = CARTESIAN_POINT ( 'NONE',  ( 2.100000000000167510, 0.05000000000000000278, -3.023623018627844872E-13 ) ) ;
#4256 = ORIENTED_EDGE ( 'NONE', *, *, #6221, .T. ) ;
#4257 = MECHANICAL_DESIGN_GEOMETRIC_PRESENTATION_REPRESENTATION (  '', ( #4954 ), #10279 ) ;
#4258 = ORIENTED_EDGE ( 'NONE', *, *, #4369, .F. ) ;
#4259 = ORIENTED_EDGE ( 'NONE', *, *, #10404, .F. ) ;
#4260 = VERTEX_POINT ( 'NONE', #5760 ) ;
#4261 = SURFACE_SIDE_STYLE ('',( #10864 ) ) ;
#4262 = LINE ( 'NONE', #2697, #4937 ) ;
#4263 = MECHANICAL_DESIGN_GEOMETRIC_PRESENTATION_REPRESENTATION (  '', ( #174 ), #6214 ) ;
#4264 = VERTEX_POINT ( 'NONE', #2441 ) ;
#4265 = DIRECTION ( 'NONE',  ( -9.611305745276845088E-14, 0.000000000000000000, 1.000000000000000000 ) ) ;
#4267 = DIRECTION ( 'NONE',  ( 1.000000000000000000, 0.000000000000000000, -1.084202172485504276E-14 ) ) ;
#4266 = CARTESIAN_POINT ( 'NONE',  ( -2.099999999999957012, 0.04999999999999999584, 1.624999999999998890 ) ) ;
#4268 = ORIENTED_EDGE ( 'NONE', *, *, #7152, .F. ) ;
#4269 = ORIENTED_EDGE ( 'NONE', *, *, #1313, .F. ) ;
#4270 = VECTOR ( 'NONE', #4099, 1000.000000000000000 ) ;
#4271 = PLANE ( 'NONE',  #864 ) ;
#4272 = VERTEX_POINT ( 'NONE', #726 ) ;
#4273 = CARTESIAN_POINT ( 'NONE',  ( 1.624999999999997780, 0.000000000000000000, -2.500000000000000000 ) ) ;
#4274 = DIRECTION ( 'NONE',  ( -0.7071067811865474617, 0.000000000000000000, 0.7071067811865474617 ) ) ;
#4275 = DIRECTION ( 'NONE',  ( -9.757819552369536751E-15, 0.000000000000000000, -1.000000000000000000 ) ) ;
#4276 = DIRECTION ( 'NONE',  ( 0.000000000000000000, -1.000000000000000000, 0.000000000000000000 ) ) ;
#4277 = EDGE_LOOP ( 'NONE', ( #4814, #7505, #8051, #204 ) ) ;
#4279 = DIRECTION ( 'NONE',  ( 3.794707603699675727E-15, -0.000000000000000000, 1.000000000000000000 ) ) ;
#4278 = DIRECTION ( 'NONE',  ( 1.000000000000000000, 0.000000000000000000, -1.084202172485504276E-14 ) ) ;
#4280 = DIRECTION ( 'NONE',  ( -0.000000000000000000, -1.000000000000000000, -0.000000000000000000 ) ) ;
#4281 = VECTOR ( 'NONE', #9031, 1000.000000000000000 ) ;
#4282 = FACE_OUTER_BOUND ( 'NONE', #2541, .T. ) ;
#4283 = ORIENTED_EDGE ( 'NONE', *, *, #7707, .T. ) ;
#4284 = CARTESIAN_POINT ( 'NONE',  ( 0.8749999999999978906, 0.000000000000000000, -2.499999999999982236 ) ) ;
#4285 = LINE ( 'NONE', #2358, #6047 ) ;
#4286 = AXIS2_PLACEMENT_3D ( 'NONE', #884, #6038, #2494 ) ;
#4287 = ORIENTED_EDGE ( 'NONE', *, *, #1931, .T. ) ;
#4288 = EDGE_LOOP ( 'NONE', ( #615, #1105, #1758, #755 ) ) ;
#4289 = ORIENTED_EDGE ( 'NONE', *, *, #7316, .T. ) ;
#4290 = LINE ( 'NONE', #7005, #8704 ) ;
#4291 = CARTESIAN_POINT ( 'NONE',  ( -1.125000000000002220, 0.2000000000000000111, -2.499999999999961364 ) ) ;
#4292 = CARTESIAN_POINT ( 'NONE',  ( -1.675000000000000266, 0.2000000000000000111, -1.375000000000000888 ) ) ;
#4293 = CARTESIAN_POINT ( 'NONE',  ( 1.675000000000000044, 0.000000000000000000, 1.524999999999997691 ) ) ;
#4294 = ORIENTED_EDGE ( 'NONE', *, *, #2179, .F. ) ;
#4295 = EDGE_CURVE ( 'NONE', #1478, #6094, #1616, .T. ) ;
#4296 = VERTEX_POINT ( 'NONE', #7544 ) ;
#4297 = DIRECTION ( 'NONE',  ( 0.000000000000000000, -1.000000000000000000, 0.000000000000000000 ) ) ;
#4298 = ADVANCED_FACE ( 'NONE', ( #3329 ), #6737, .F. ) ;
#4299 = DIRECTION ( 'NONE',  ( 3.794707603699675727E-15, -0.000000000000000000, 1.000000000000000000 ) ) ;
#4300 = FACE_OUTER_BOUND ( 'NONE', #9105, .T. ) ;
#4301 = DIRECTION ( 'NONE',  ( 0.000000000000000000, 1.000000000000000000, 0.000000000000000000 ) ) ;
#4302 = FACE_OUTER_BOUND ( 'NONE', #3476, .T. ) ;
#4303 = EDGE_CURVE ( 'NONE', #5974, #8647, #8442, .T. ) ;
#4304 = ORIENTED_EDGE ( 'NONE', *, *, #8255, .F. ) ;
#4305 = ADVANCED_FACE ( 'NONE', ( #6792 ), #3716, .F. ) ;
#4306 = EDGE_CURVE ( 'NONE', #7507, #9258, #10274, .T. ) ;
#4307 = EDGE_CURVE ( 'NONE', #7633, #5413, #9442, .T. ) ;
#4308 = EDGE_CURVE ( 'NONE', #833, #9927, #6046, .T. ) ;
#4310 = ORIENTED_EDGE ( 'NONE', *, *, #367, .T. ) ;
#4309 = DIRECTION ( 'NONE',  ( 2.949029909160572061E-14, 0.000000000000000000, -1.000000000000000000 ) ) ;
#4311 = VERTEX_POINT ( 'NONE', #2658 ) ;
#4312 = ADVANCED_FACE ( 'NONE', ( #944 ), #8564, .F. ) ;
#4313 = DIRECTION ( 'NONE',  ( 0.000000000000000000, 1.000000000000000000, -0.000000000000000000 ) ) ;
#4314 = ORIENTED_EDGE ( 'NONE', *, *, #10199, .T. ) ;
#4315 = CARTESIAN_POINT ( 'NONE',  ( 1.874999999999997780, 0.2000000000000000111, -2.499999999999992895 ) ) ;
#4317 = LINE ( 'NONE', #6136, #2407 ) ;
#4316 = CARTESIAN_POINT ( 'NONE',  ( -1.525000000000000133, 0.2000000000000000111, 1.524999999999999245 ) ) ;
#4318 = ORIENTED_EDGE ( 'NONE', *, *, #4095, .T. ) ;
#4319 = ORIENTED_EDGE ( 'NONE', *, *, #8588, .T. ) ;
#4320 = EDGE_CURVE ( 'NONE', #6253, #2838, #2712, .T. ) ;
#4321 = EDGE_CURVE ( 'NONE', #2099, #9258, #9549, .T. ) ;
#4322 = DIRECTION ( 'NONE',  ( -0.000000000000000000, 1.000000000000000000, 0.000000000000000000 ) ) ;
#4323 = ORIENTED_EDGE ( 'NONE', *, *, #1995, .T. ) ;
#4324 = CARTESIAN_POINT ( 'NONE',  ( 2.099999999999984990, 0.2000000000000000111, 0.1250000000000024702 ) ) ;
#4325 = DIRECTION ( 'NONE',  ( -1.000000000000000000, 0.000000000000000000, 1.029992063861229055E-14 ) ) ;
#4326 = CARTESIAN_POINT ( 'NONE',  ( 2.100000000000000089, 0.2000000000000000111, -1.625000000000000000 ) ) ;
#4327 = CARTESIAN_POINT ( 'NONE',  ( 2.499999999999988454, 0.2000000000000000111, 1.374999999999998668 ) ) ;
#4328 = ORIENTED_EDGE ( 'NONE', *, *, #572, .F. ) ;
#4330 = LINE ( 'NONE', #6096, #10595 ) ;
#4329 = LINE ( 'NONE', #9230, #3522 ) ;
#4331 = EDGE_CURVE ( 'NONE', #2577, #8083, #4488, .T. ) ;
#4332 = CARTESIAN_POINT ( 'NONE',  ( -1.374999999999997558, 0.000000000000000000, 2.499999999999989786 ) ) ;
#4333 = PLANE ( 'NONE',  #2583 ) ;
#4334 = ORIENTED_EDGE ( 'NONE', *, *, #9467, .F. ) ;
#4335 = CARTESIAN_POINT ( 'NONE',  ( 2.499999999999990674, 0.2000000000000000111, 0.6249999999999984457 ) ) ;
#4336 = PLANE ( 'NONE',  #5516 ) ;
#4337 = ORIENTED_EDGE ( 'NONE', *, *, #967, .F. ) ;
#4338 = VERTEX_POINT ( 'NONE', #6945 ) ;
#4339 = ORIENTED_EDGE ( 'NONE', *, *, #6703, .F. ) ;
#4340 = DIRECTION ( 'NONE',  ( 1.000000000000000000, 0.000000000000000000, -9.757819552369538328E-15 ) ) ;
#4341 = FILL_AREA_STYLE ('',( #271 ) ) ;
#4342 = CARTESIAN_POINT ( 'NONE',  ( 2.499999999999983125, 0.2000000000000000111, 0.8749999999999984457 ) ) ;
#4343 = FACE_OUTER_BOUND ( 'NONE', #6338, .T. ) ;
#4344 = ORIENTED_EDGE ( 'NONE', *, *, #6359, .T. ) ;
#4345 = ORIENTED_EDGE ( 'NONE', *, *, #8328, .T. ) ;
#4346 = LINE ( 'NONE', #6247, #10217 ) ;
#4347 = FILL_AREA_STYLE ('',( #10181 ) ) ;
#4348 = DIRECTION ( 'NONE',  ( -0.7071067811865511255, 0.000000000000000000, 0.7071067811865440200 ) ) ;
#4349 = ADVANCED_FACE ( 'NONE', ( #156 ), #211, .F. ) ;
#4350 = DIRECTION ( 'NONE',  ( -0.000000000000000000, -1.000000000000000000, -0.000000000000000000 ) ) ;
#4351 = AXIS2_PLACEMENT_3D ( 'NONE', #8612, #3547, #4380 ) ;
#4352 = CARTESIAN_POINT ( 'NONE',  ( 2.100000000000016076, 0.2000000000000000111, -0.1249999999999999167 ) ) ;
#4353 = FACE_OUTER_BOUND ( 'NONE', #7011, .T. ) ;
#4354 = CARTESIAN_POINT ( 'NONE',  ( -2.499999999999962252, 0.000000000000000000, 1.125000000000003109 ) ) ;
#4355 = VECTOR ( 'NONE', #1008, 1000.000000000000000 ) ;
#4357 = ORIENTED_EDGE ( 'NONE', *, *, #10167, .T. ) ;
#4356 = PLANE ( 'NONE',  #549 ) ;
#4358 = CARTESIAN_POINT ( 'NONE',  ( 1.125000000000002442, 0.2000000000000000111, 2.499999999999963141 ) ) ;
#4359 = DIRECTION ( 'NONE',  ( -1.000000000000000000, 0.000000000000000000, 1.439820485060763520E-13 ) ) ;
#4360 = ORIENTED_EDGE ( 'NONE', *, *, #4506, .F. ) ;
#4361 = CARTESIAN_POINT ( 'NONE',  ( 2.499999999999988454, 0.2000000000000000111, 1.374999999999998668 ) ) ;
#4362 = VECTOR ( 'NONE', #4724, 1000.000000000000000 ) ;
#4364 = CARTESIAN_POINT ( 'NONE',  ( 2.099999999999974776, 0.2000000000000000111, -0.8749999999999975575 ) ) ;
#4363 = DIRECTION ( 'NONE',  ( -1.040834085586084257E-14, 0.000000000000000000, -1.000000000000000000 ) ) ;
#4365 = ADVANCED_FACE ( 'NONE', ( #6887 ), #3653, .T. ) ;
#4366 = EDGE_CURVE ( 'NONE', #3995, #5273, #7874, .T. ) ;
#4367 = ORIENTED_EDGE ( 'NONE', *, *, #6082, .T. ) ;
#4368 = ORIENTED_EDGE ( 'NONE', *, *, #2036, .F. ) ;
#4369 = EDGE_CURVE ( 'NONE', #9759, #753, #7051, .T. ) ;
#4370 = VECTOR ( 'NONE', #7955, 1000.000000000000000 ) ;
#4371 = ORIENTED_EDGE ( 'NONE', *, *, #10808, .T. ) ;
#4372 = CARTESIAN_POINT ( 'NONE',  ( 1.125000000000002442, 0.000000000000000000, 2.499999999999963141 ) ) ;
#4373 = DIRECTION ( 'NONE',  ( 0.000000000000000000, 1.000000000000000000, 0.000000000000000000 ) ) ;
#4374 = EDGE_CURVE ( 'NONE', #644, #2576, #1053, .T. ) ;
#4375 = LINE ( 'NONE', #1935, #683 ) ;
#4376 = VERTEX_POINT ( 'NONE', #3601 ) ;
#4378 = CARTESIAN_POINT ( 'NONE',  ( 0.3750000000000024980, 0.000000000000000000, 2.499999999999980904 ) ) ;
#4377 = LINE ( 'NONE', #10535, #5648 ) ;
#4379 = EDGE_CURVE ( 'NONE', #603, #10407, #7114, .T. ) ;
#4380 = DIRECTION ( 'NONE',  ( -1.000000000000000000, 0.000000000000000000, 1.439820485060763520E-13 ) ) ;
#4381 = VECTOR ( 'NONE', #9692, 1000.000000000000000 ) ;
#4382 = LINE ( 'NONE', #2880, #8447 ) ;
#4383 = STYLED_ITEM ( 'NONE', ( #2372 ), #6224 ) ;
#4384 = ORIENTED_EDGE ( 'NONE', *, *, #9222, .F. ) ;
#4385 = DIRECTION ( 'NONE',  ( -0.000000000000000000, -1.000000000000000000, -0.000000000000000000 ) ) ;
#4386 = DIRECTION ( 'NONE',  ( 1.000000000000000000, 0.000000000000000000, 2.949029909160572061E-14 ) ) ;
#4387 = AXIS2_PLACEMENT_3D ( 'NONE', #4952, #3179, #10124 ) ;
#4388 = VERTEX_POINT ( 'NONE', #10374 ) ;
#4389 = EDGE_LOOP ( 'NONE', ( #9501, #4948, #4794, #4862 ) ) ;
#4390 = ORIENTED_EDGE ( 'NONE', *, *, #9073, .F. ) ;
#4391 = VECTOR ( 'NONE', #1350, 1000.000000000000000 ) ;
#4392 = PLANE ( 'NONE',  #3372 ) ;
#4393 = AXIS2_PLACEMENT_3D ( 'NONE', #1665, #7543, #4156 ) ;
#4394 = ORIENTED_EDGE ( 'NONE', *, *, #10530, .F. ) ;
#4395 = CARTESIAN_POINT ( 'NONE',  ( -0.3749999999999982792, 0.2000000000000000111, -2.099999999999979217 ) ) ;
#4396 = CARTESIAN_POINT ( 'NONE',  ( 2.499999999999954259, 0.2000000000000000111, -1.875000000000001554 ) ) ;
#4397 = VECTOR ( 'NONE', #2355, 1000.000000000000000 ) ;
#4398 = FACE_OUTER_BOUND ( 'NONE', #894, .T. ) ;
#4399 = ORIENTED_EDGE ( 'NONE', *, *, #4239, .T. ) ;
#4400 = VECTOR ( 'NONE', #112, 1000.000000000000000 ) ;
#4401 = VECTOR ( 'NONE', #6692, 1000.000000000000000 ) ;
#4402 = ORIENTED_EDGE ( 'NONE', *, *, #9948, .T. ) ;
#4403 = VECTOR ( 'NONE', #5269, 1000.000000000000000 ) ;
#4404 = CARTESIAN_POINT ( 'NONE',  ( 0.6250000000000017764, 0.2000000000000000111, -2.099999999999989431 ) ) ;
#4405 = LINE ( 'NONE', #8631, #5665 ) ;
#4406 = CARTESIAN_POINT ( 'NONE',  ( -1.125000000000001332, 0.2000000000000000111, 2.099999999999996536 ) ) ;
#4407 = AXIS2_PLACEMENT_3D ( 'NONE', #8646, #1027, #9525 ) ;
#4408 = CARTESIAN_POINT ( 'NONE',  ( -0.8749999999999990008, 0.2000000000000000111, 2.100000000000027178 ) ) ;
#4409 = DIRECTION ( 'NONE',  ( 1.439820485060763520E-13, -0.000000000000000000, 1.000000000000000000 ) ) ;
#4410 = DIRECTION ( 'NONE',  ( 1.000000000000000000, -0.000000000000000000, -3.794707603699675727E-15 ) ) ;
#4411 = AXIS2_PLACEMENT_3D ( 'NONE', #10314, #7810, #1976 ) ;
#4412 = VECTOR ( 'NONE', #4830, 1000.000000000000000 ) ;
#4413 = VECTOR ( 'NONE', #6070, 1000.000000000000000 ) ;
#4415 = ORIENTED_EDGE ( 'NONE', *, *, #723, .T. ) ;
#4414 = DIRECTION ( 'NONE',  ( 1.000000000000000000, 0.000000000000000000, -1.029992063861228897E-14 ) ) ;
#4416 = VECTOR ( 'NONE', #4523, 1000.000000000000000 ) ;
#4417 = DIRECTION ( 'NONE',  ( -0.000000000000000000, 1.000000000000000000, -0.000000000000000000 ) ) ;
#4418 = CARTESIAN_POINT ( 'NONE',  ( 2.499999999999990674, 0.2000000000000000111, 0.6249999999999984457 ) ) ;
#4419 = VERTEX_POINT ( 'NONE', #2879 ) ;
#4420 = LINE ( 'NONE', #3586, #2264 ) ;
#4422 = DIRECTION ( 'NONE',  ( -3.794707603699675727E-15, -0.000000000000000000, -1.000000000000000000 ) ) ;
#4421 = DIRECTION ( 'NONE',  ( 0.000000000000000000, -1.000000000000000000, 0.000000000000000000 ) ) ;
#4423 = VECTOR ( 'NONE', #5733, 1000.000000000000000 ) ;
#4424 = ORIENTED_EDGE ( 'NONE', *, *, #2275, .F. ) ;
#4425 = EDGE_LOOP ( 'NONE', ( #1899, #3285, #6055, #3084 ) ) ;
#4427 = ORIENTED_EDGE ( 'NONE', *, *, #10104, .F. ) ;
#4426 = LINE ( 'NONE', #8772, #7285 ) ;
#4428 = VERTEX_POINT ( 'NONE', #10436 ) ;
#4429 = PRESENTATION_LAYER_ASSIGNMENT (  '', '', ( #174 ) ) ;
#4430 = LINE ( 'NONE', #4481, #2342 ) ;
#4431 = CARTESIAN_POINT ( 'NONE',  ( -2.499999999999967581, 0.2000000000000000111, 0.6250000000000031086 ) ) ;
#4432 = CARTESIAN_POINT ( 'NONE',  ( 0.1450000000000003231, 0.05000000000000000278, -0.1450000000000003231 ) ) ;
#4433 = CARTESIAN_POINT ( 'NONE',  ( -1.874999999999997558, 0.2000000000000000111, 2.499999999999994671 ) ) ;
#4434 = ORIENTED_EDGE ( 'NONE', *, *, #8175, .F. ) ;
#4436 = CARTESIAN_POINT ( 'NONE',  ( -1.375000000000002220, 0.000000000000000000, -2.499999999999968914 ) ) ;
#4435 = DIRECTION ( 'NONE',  ( 1.439820485060763520E-13, -0.000000000000000000, 1.000000000000000000 ) ) ;
#4437 = EDGE_CURVE ( 'NONE', #7303, #5161, #1942, .T. ) ;
#4438 = CARTESIAN_POINT ( 'NONE',  ( 0.3749999999999977796, 0.2000000000000000111, -2.499999999999976907 ) ) ;
#4439 = DIRECTION ( 'NONE',  ( -0.000000000000000000, -1.000000000000000000, -0.000000000000000000 ) ) ;
#4440 =( GEOMETRIC_REPRESENTATION_CONTEXT ( 3 ) GLOBAL_UNCERTAINTY_ASSIGNED_CONTEXT ( ( #9054 ) ) GLOBAL_UNIT_ASSIGNED_CONTEXT ( ( #4987, #5976, #5873 ) ) REPRESENTATION_CONTEXT ( 'NONE', 'WORKASPACE' ) );
#4441 = ADVANCED_FACE ( 'NONE', ( #10492 ), #1991, .F. ) ;
#4442 = ORIENTED_EDGE ( 'NONE', *, *, #767, .F. ) ;
#4443 = EDGE_CURVE ( 'NONE', #8486, #453, #9650, .T. ) ;
#4444 = DIRECTION ( 'NONE',  ( 1.000000000000000000, 0.000000000000000000, -1.040834085586084257E-14 ) ) ;
#4445 = EDGE_CURVE ( 'NONE', #6161, #10137, #1316, .T. ) ;
#4446 = PLANE ( 'NONE',  #7133 ) ;
#4447 = VECTOR ( 'NONE', #10600, 1000.000000000000000 ) ;
#4448 = ADVANCED_FACE ( 'NONE', ( #2202 ), #4704, .T. ) ;
#4449 = ORIENTED_EDGE ( 'NONE', *, *, #7444, .F. ) ;
#4450 = ORIENTED_EDGE ( 'NONE', *, *, #4026, .T. ) ;
#4451 = ORIENTED_EDGE ( 'NONE', *, *, #8990, .F. ) ;
#4452 = CARTESIAN_POINT ( 'NONE',  ( -0.1250000000000006939, 0.000000000000000000, -2.100000000000015188 ) ) ;
#4453 = ORIENTED_EDGE ( 'NONE', *, *, #3197, .T. ) ;
#4454 = ADVANCED_FACE ( 'NONE', ( #6330 ), #5587, .T. ) ;
#4455 = CARTESIAN_POINT ( 'NONE',  ( -2.500000000000042633, 0.2000000000000000111, -1.625000000000000222 ) ) ;
#4456 = DIRECTION ( 'NONE',  ( 1.387778780781446780E-14, 0.000000000000000000, 1.000000000000000000 ) ) ;
#4457 = CARTESIAN_POINT ( 'NONE',  ( -2.099999999999974776, 0.04999999999999999584, 1.810000000000000053 ) ) ;
#4458 = ORIENTED_EDGE ( 'NONE', *, *, #5994, .T. ) ;
#4459 = AXIS2_PLACEMENT_3D ( 'NONE', #2234, #2858, #2903 ) ;
#4460 = EDGE_CURVE ( 'NONE', #8002, #3316, #10655, .T. ) ;
#4461 = ORIENTED_EDGE ( 'NONE', *, *, #7970, .F. ) ;
#4462 = LINE ( 'NONE', #7849, #7374 ) ;
#4463 = AXIS2_PLACEMENT_3D ( 'NONE', #4493, #265, #3658 ) ;
#4464 = DIRECTION ( 'NONE',  ( 0.000000000000000000, -1.000000000000000000, 0.000000000000000000 ) ) ;
#4465 = DIRECTION ( 'NONE',  ( -1.029992063861229055E-14, 0.000000000000000000, -1.000000000000000000 ) ) ;
#4466 = CARTESIAN_POINT ( 'NONE',  ( -2.099999999999982769, 0.2000000000000000111, -0.8750000000000012212 ) ) ;
#4468 = ORIENTED_EDGE ( 'NONE', *, *, #5530, .T. ) ;
#4467 =( NAMED_UNIT ( * ) PLANE_ANGLE_UNIT ( ) SI_UNIT ( $, .RADIAN. ) );
#4469 = DIRECTION ( 'NONE',  ( -0.000000000000000000, -1.000000000000000000, -0.000000000000000000 ) ) ;
#4470 = FILL_AREA_STYLE_COLOUR ( '', #5609 ) ;
#4471 = PLANE ( 'NONE',  #7793 ) ;
#4472 = ORIENTED_EDGE ( 'NONE', *, *, #3152, .T. ) ;
#4473 = FACE_OUTER_BOUND ( 'NONE', #1048, .T. ) ;
#4475 = CARTESIAN_POINT ( 'NONE',  ( -1.874999999999999556, 0.000000000000000000, 2.165000000000001812 ) ) ;
#4474 = DIRECTION ( 'NONE',  ( -2.949029909160572061E-14, 0.000000000000000000, 1.000000000000000000 ) ) ;
#4476 = EDGE_LOOP ( 'NONE', ( #2754, #3951, #5532, #5672 ) ) ;
#4477 = EDGE_LOOP ( 'NONE', ( #8887, #10157, #6506, #10677 ) ) ;
#4479 = ORIENTED_EDGE ( 'NONE', *, *, #7015, .T. ) ;
#4478 = FILL_AREA_STYLE_COLOUR ( '', #5326 ) ;
#4480 = ORIENTED_EDGE ( 'NONE', *, *, #223, .F. ) ;
#4481 = CARTESIAN_POINT ( 'NONE',  ( -2.099999999999972555, 0.2000000000000000111, 0.1249999999999988065 ) ) ;
#4482 = LINE ( 'NONE', #3710, #5792 ) ;
#4483 = LINE ( 'NONE', #2760, #9683 ) ;
#4484 = DIRECTION ( 'NONE',  ( 0.000000000000000000, 0.000000000000000000, 1.000000000000000000 ) ) ;
#4485 = ORIENTED_EDGE ( 'NONE', *, *, #6915, .T. ) ;
#4487 = LINE ( 'NONE', #632, #10775 ) ;
#4486 = LINE ( 'NONE', #6153, #7085 ) ;
#4488 = LINE ( 'NONE', #3488, #441 ) ;
#4489 = CARTESIAN_POINT ( 'NONE',  ( -0.6250000000000006661, 0.000000000000000000, -2.100000000000009859 ) ) ;
#4490 = ORIENTED_EDGE ( 'NONE', *, *, #1990, .T. ) ;
#4491 = CARTESIAN_POINT ( 'NONE',  ( 2.499999999999977796, 0.2000000000000000111, 0.3749999999999985012 ) ) ;
#4492 = EDGE_CURVE ( 'NONE', #5750, #1426, #8832, .T. ) ;
#4493 = CARTESIAN_POINT ( 'NONE',  ( 0.000000000000000000, 0.000000000000000000, 0.000000000000000000 ) ) ;
#4494 = ORIENTED_EDGE ( 'NONE', *, *, #7551, .F. ) ;
#4495 = ORIENTED_EDGE ( 'NONE', *, *, #7230, .T. ) ;
#4496 = ORIENTED_EDGE ( 'NONE', *, *, #4445, .T. ) ;
#4497 = CARTESIAN_POINT ( 'NONE',  ( -1.625000000000002220, 0.2000000000000000111, -2.499999999999956035 ) ) ;
#4498 = ORIENTED_EDGE ( 'NONE', *, *, #7894, .T. ) ;
#4499 = SURFACE_STYLE_FILL_AREA ( #4341 ) ;
#4500 = EDGE_CURVE ( 'NONE', #10086, #5309, #6397, .T. ) ;
#4501 = PLANE ( 'NONE',  #848 ) ;
#4502 = CARTESIAN_POINT ( 'NONE',  ( 2.499999999999977796, 0.2000000000000000111, 0.3749999999999985012 ) ) ;
#4503 = LINE ( 'NONE', #4617, #6318 ) ;
#4504 = ORIENTED_EDGE ( 'NONE', *, *, #2743, .F. ) ;
#4505 = EDGE_CURVE ( 'NONE', #8326, #9759, #6451, .T. ) ;
#4506 = EDGE_CURVE ( 'NONE', #8841, #9051, #7994, .T. ) ;
#4507 = VERTEX_POINT ( 'NONE', #7270 ) ;
#4508 = ORIENTED_EDGE ( 'NONE', *, *, #568, .T. ) ;
#4509 = ORIENTED_EDGE ( 'NONE', *, *, #9135, .F. ) ;
#4510 = DIRECTION ( 'NONE',  ( 0.000000000000000000, 0.000000000000000000, 1.000000000000000000 ) ) ;
#4511 = EDGE_CURVE ( 'NONE', #5969, #6988, #1371, .T. ) ;
#4512 = CARTESIAN_POINT ( 'NONE',  ( 2.100000000000031619, 0.2000000000000000111, 1.375000000000000222 ) ) ;
#4513 = EDGE_CURVE ( 'NONE', #6439, #5161, #8045, .T. ) ;
#4514 = LINE ( 'NONE', #7688, #7795 ) ;
#4515 = LINE ( 'NONE', #7083, #4923 ) ;
#4516 = EDGE_CURVE ( 'NONE', #3643, #1504, #599, .T. ) ;
#4518 = EDGE_LOOP ( 'NONE', ( #10295, #6236, #2904, #3935 ) ) ;
#4517 = CARTESIAN_POINT ( 'NONE',  ( -2.099999999999988098, 0.2000000000000000111, -1.375000000000001332 ) ) ;
#4519 = VECTOR ( 'NONE', #9317, 1000.000000000000000 ) ;
#4520 = CARTESIAN_POINT ( 'NONE',  ( -1.125000000000002220, 0.2000000000000000111, -2.499999999999961364 ) ) ;
#4521 = CARTESIAN_POINT ( 'NONE',  ( 1.125000000000000888, 0.2000000000000000111, 2.100000000000006306 ) ) ;
#4522 = ORIENTED_EDGE ( 'NONE', *, *, #9470, .T. ) ;
#4523 = DIRECTION ( 'NONE',  ( -0.000000000000000000, 0.000000000000000000, 1.000000000000000000 ) ) ;
#4525 = CARTESIAN_POINT ( 'NONE',  ( -0.1250000000000022204, 0.000000000000000000, -2.499999999999972022 ) ) ;
#4524 = LINE ( 'NONE', #1195, #10794 ) ;
#4526 = EDGE_CURVE ( 'NONE', #2083, #3204, #2038, .T. ) ;
#4527 = ORIENTED_EDGE ( 'NONE', *, *, #859, .F. ) ;
#4528 = VECTOR ( 'NONE', #1090, 1000.000000000000000 ) ;
#4529 = ORIENTED_EDGE ( 'NONE', *, *, #6699, .T. ) ;
#4531 = VERTEX_POINT ( 'NONE', #2152 ) ;
#4530 = FILL_AREA_STYLE ('',( #5202 ) ) ;
#4532 = VERTEX_POINT ( 'NONE', #3937 ) ;
#4533 = DIRECTION ( 'NONE',  ( -1.040834085586083310E-14, -0.000000000000000000, -1.000000000000000000 ) ) ;
#4534 = DIRECTION ( 'NONE',  ( -1.000000000000000000, -0.000000000000000000, 1.457167719820531843E-13 ) ) ;
#4535 = DIRECTION ( 'NONE',  ( 0.7071067811865474617, 0.000000000000000000, 0.7071067811865474617 ) ) ;
#4536 = LINE ( 'NONE', #2149, #7419 ) ;
#4537 = VECTOR ( 'NONE', #3439, 1000.000000000000000 ) ;
#4538 = VERTEX_POINT ( 'NONE', #7324 ) ;
#4540 = PLANE ( 'NONE',  #6715 ) ;
#4539 = CARTESIAN_POINT ( 'NONE',  ( -0.6250000000000006661, 0.2000000000000000111, -2.100000000000009859 ) ) ;
#4541 = CARTESIAN_POINT ( 'NONE',  ( 0.000000000000000000, 0.000000000000000000, 0.000000000000000000 ) ) ;
#4542 = DIRECTION ( 'NONE',  ( 0.000000000000000000, 0.000000000000000000, 1.000000000000000000 ) ) ;
#4543 = VECTOR ( 'NONE', #6731, 1000.000000000000000 ) ;
#4544 = DIRECTION ( 'NONE',  ( 9.757819552369536751E-15, 0.000000000000000000, 1.000000000000000000 ) ) ;
#4545 = CARTESIAN_POINT ( 'NONE',  ( -2.499999999999980460, 0.2000000000000000111, -0.6249999999999968914 ) ) ;
#4546 = EDGE_LOOP ( 'NONE', ( #4610, #7103, #9905, #7836 ) ) ;
#4547 = VERTEX_POINT ( 'NONE', #5488 ) ;
#4548 = DIRECTION ( 'NONE',  ( 1.000000000000000000, 0.000000000000000000, -1.457167719820531843E-13 ) ) ;
#4549 = EDGE_LOOP ( 'NONE', ( #4179, #3978, #7818, #1468 ) ) ;
#4550 = FILL_AREA_STYLE_COLOUR ( '', #10118 ) ;
#4551 = CLOSED_SHELL ( 'NONE', ( #5776, #1993, #5526, #78, #9522, #7096 ) ) ;
#4552 = CARTESIAN_POINT ( 'NONE',  ( -1.374999999999997558, 0.2000000000000000111, 2.499999999999989786 ) ) ;
#4553 = MECHANICAL_DESIGN_GEOMETRIC_PRESENTATION_REPRESENTATION (  '', ( #4383 ), #9691 ) ;
#4554 = CARTESIAN_POINT ( 'NONE',  ( 1.124999999999997780, 0.2000000000000000111, -2.499999999999994671 ) ) ;
#4555 = CARTESIAN_POINT ( 'NONE',  ( 2.499999999999993783, 0.2000000000000000111, 1.874999999999998668 ) ) ;
#4556 = CARTESIAN_POINT ( 'NONE',  ( -2.500000000000046185, 0.2000000000000000111, -1.875000000000000000 ) ) ;
#4557 = VERTEX_POINT ( 'NONE', #2922 ) ;
#4558 = ORIENTED_EDGE ( 'NONE', *, *, #6546, .T. ) ;
#4559 = EDGE_CURVE ( 'NONE', #1566, #7454, #3089, .T. ) ;
#4560 = AXIS2_PLACEMENT_3D ( 'NONE', #10637, #2072, #2862 ) ;
#4561 = VECTOR ( 'NONE', #1153, 1000.000000000000000 ) ;
#4562 = ORIENTED_EDGE ( 'NONE', *, *, #5652, .T. ) ;
#4563 = ORIENTED_EDGE ( 'NONE', *, *, #8242, .F. ) ;
#4564 = CARTESIAN_POINT ( 'NONE',  ( -2.099999999999980549, 0.04999999999999999584, -0.6250000000000009992 ) ) ;
#4565 = EDGE_CURVE ( 'NONE', #10129, #2113, #429, .T. ) ;
#4566 = DIRECTION ( 'NONE',  ( 1.000000000000000000, 0.000000000000000000, -9.893344823930226383E-15 ) ) ;
#4567 = DIRECTION ( 'NONE',  ( -9.757819552369538328E-15, 0.000000000000000000, -1.000000000000000000 ) ) ;
#4568 = APPLICATION_CONTEXT ( 'automotive_design' ) ;
#4569 = DIRECTION ( 'NONE',  ( 1.000000000000000000, 0.000000000000000000, -1.084202172485504276E-14 ) ) ;
#4570 = EDGE_CURVE ( 'NONE', #3450, #3079, #5644, .T. ) ;
#4571 = VECTOR ( 'NONE', #4722, 1000.000000000000000 ) ;
#4572 = DIRECTION ( 'NONE',  ( 1.040834085586083468E-14, 0.000000000000000000, 1.000000000000000000 ) ) ;
#4573 = AXIS2_PLACEMENT_3D ( 'NONE', #619, #4841, #1342 ) ;
#4574 = EDGE_CURVE ( 'NONE', #7865, #10127, #9053, .T. ) ;
#4575 = VECTOR ( 'NONE', #4235, 1000.000000000000000 ) ;
#4576 = VECTOR ( 'NONE', #6402, 1000.000000000000000 ) ;
#4577 = EDGE_CURVE ( 'NONE', #10029, #1444, #10538, .T. ) ;
#4579 = ORIENTED_EDGE ( 'NONE', *, *, #4713, .T. ) ;
#4578 = LINE ( 'NONE', #7967, #8544 ) ;
#4580 = EDGE_CURVE ( 'NONE', #6456, #8035, #7211, .T. ) ;
#4581 = VECTOR ( 'NONE', #6150, 1000.000000000000000 ) ;
#4582 = EDGE_CURVE ( 'NONE', #3962, #6516, #3208, .T. ) ;
#4583 = DIRECTION ( 'NONE',  ( -0.000000000000000000, -1.000000000000000000, -0.000000000000000000 ) ) ;
#4584 =( NAMED_UNIT ( * ) PLANE_ANGLE_UNIT ( ) SI_UNIT ( $, .RADIAN. ) );
#4585 = LINE ( 'NONE', #355, #8146 ) ;
#4586 = AXIS2_PLACEMENT_3D ( 'NONE', #8489, #10776, #5150 ) ;
#4587 = ORIENTED_EDGE ( 'NONE', *, *, #10679, .T. ) ;
#4588 = LINE ( 'NONE', #8595, #3682 ) ;
#4590 = LINE ( 'NONE', #8876, #10378 ) ;
#4589 = DIRECTION ( 'NONE',  ( -1.000000000000000000, 0.000000000000000000, 3.794707603699675727E-15 ) ) ;
#4591 = VERTEX_POINT ( 'NONE', #8427 ) ;
#4592 = AXIS2_PLACEMENT_3D ( 'NONE', #1914, #8765, #5302 ) ;
#4593 = VERTEX_POINT ( 'NONE', #8379 ) ;
#4594 = VECTOR ( 'NONE', #1639, 1000.000000000000000 ) ;
#4595 = AXIS2_PLACEMENT_3D ( 'NONE', #481, #598, #545 ) ;
#4597 = VERTEX_POINT ( 'NONE', #3258 ) ;
#4596 = FACE_OUTER_BOUND ( 'NONE', #5319, .T. ) ;
#4598 = ORIENTED_EDGE ( 'NONE', *, *, #17, .T. ) ;
#4599 = CARTESIAN_POINT ( 'NONE',  ( 1.625000000000002442, 0.000000000000000000, 2.499999999999957367 ) ) ;
#4600 = LINE ( 'NONE', #7991, #5291 ) ;
#4601 = VECTOR ( 'NONE', #464, 1000.000000000000000 ) ;
#4602 = VERTEX_POINT ( 'NONE', #6666 ) ;
#4603 = CARTESIAN_POINT ( 'NONE',  ( 2.499999999999983125, 0.2000000000000000111, 0.8749999999999984457 ) ) ;
#4604 = CARTESIAN_POINT ( 'NONE',  ( 2.500000000000000888, 0.2000000000000000111, 1.624999999999998668 ) ) ;
#4605 = FACE_OUTER_BOUND ( 'NONE', #3785, .T. ) ;
#4606 = AXIS2_PLACEMENT_3D ( 'NONE', #10788, #456, #7397 ) ;
#4607 = CARTESIAN_POINT ( 'NONE',  ( -1.625000000000001332, 0.2000000000000000111, 2.100000000000001865 ) ) ;
#4608 = DIRECTION ( 'NONE',  ( 0.000000000000000000, -0.000000000000000000, 1.000000000000000000 ) ) ;
#4609 = ORIENTED_EDGE ( 'NONE', *, *, #4306, .T. ) ;
#4610 = ORIENTED_EDGE ( 'NONE', *, *, #8794, .T. ) ;
#4611 = CARTESIAN_POINT ( 'NONE',  ( -1.374999999999997558, 0.2000000000000000111, 2.499999999999989786 ) ) ;
#4612 = ORIENTED_EDGE ( 'NONE', *, *, #5046, .F. ) ;
#4613 = DIRECTION ( 'NONE',  ( -0.7071067811865451302, 0.000000000000000000, 0.7071067811865500152 ) ) ;
#4614 = CARTESIAN_POINT ( 'NONE',  ( 1.374999999999997780, 0.2000000000000000111, -2.499999999999987566 ) ) ;
#4615 = LINE ( 'NONE', #8009, #2794 ) ;
#4616 = LINE ( 'NONE', #6293, #3870 ) ;
#4617 = CARTESIAN_POINT ( 'NONE',  ( 3.023623018627749956E-13, 0.05000000000000000278, 2.100000000000101785 ) ) ;
#4618 = ORIENTED_EDGE ( 'NONE', *, *, #3346, .F. ) ;
#4619 = VECTOR ( 'NONE', #4692, 1000.000000000000000 ) ;
#4620 = VERTEX_POINT ( 'NONE', #7484 ) ;
#4621 = VERTEX_POINT ( 'NONE', #9934 ) ;
#4622 = CARTESIAN_POINT ( 'NONE',  ( 2.499999999999962252, 0.000000000000000000, -1.125000000000001332 ) ) ;
#4623 = LINE ( 'NONE', #2952, #7451 ) ;
#4624 = CARTESIAN_POINT ( 'NONE',  ( -2.499999999999956923, 0.2000000000000000111, 1.625000000000003109 ) ) ;
#4625 = VECTOR ( 'NONE', #986, 1000.000000000000000 ) ;
#4626 = CARTESIAN_POINT ( 'NONE',  ( 2.499999999999980016, 0.2000000000000000111, -0.3750000000000014988 ) ) ;
#4627 = FACE_OUTER_BOUND ( 'NONE', #928, .T. ) ;
#4628 = VECTOR ( 'NONE', #896, 1000.000000000000000 ) ;
#4629 = ADVANCED_FACE ( 'NONE', ( #1700 ), #10981, .F. ) ;
#4631 = ORIENTED_EDGE ( 'NONE', *, *, #5441, .F. ) ;
#4630 = LINE ( 'NONE', #407, #2857 ) ;
#4632 = EDGE_CURVE ( 'NONE', #5556, #6494, #9268, .T. ) ;
#4633 = AXIS2_PLACEMENT_3D ( 'NONE', #5092, #8497, #42 ) ;
#4634 = LINE ( 'NONE', #409, #10571 ) ;
#4635 = LINE ( 'NONE', #8137, #4391 ) ;
#4636 = LINE ( 'NONE', #8710, #1047 ) ;
#4637 = LINE ( 'NONE', #2908, #3890 ) ;
#4638 = EDGE_CURVE ( 'NONE', #1003, #9583, #9159, .T. ) ;
#4640 = CARTESIAN_POINT ( 'NONE',  ( 0.6249999999999978906, 0.2000000000000000111, -2.499999999999989786 ) ) ;
#4639 = CARTESIAN_POINT ( 'NONE',  ( 0.000000000000000000, 0.2000000000000000111, 0.000000000000000000 ) ) ;
#4641 = VERTEX_POINT ( 'NONE', #10868 ) ;
#4642 = EDGE_CURVE ( 'NONE', #7191, #9861, #9107, .T. ) ;
#4643 =( GEOMETRIC_REPRESENTATION_CONTEXT ( 3 ) GLOBAL_UNCERTAINTY_ASSIGNED_CONTEXT ( ( #8158 ) ) GLOBAL_UNIT_ASSIGNED_CONTEXT ( ( #7319, #3869, #1482 ) ) REPRESENTATION_CONTEXT ( 'NONE', 'WORKASPACE' ) );
#4644 = ORIENTED_EDGE ( 'NONE', *, *, #9665, .T. ) ;
#4645 = ADVANCED_FACE ( 'NONE', ( #8490 ), #5867, .T. ) ;
#4646 = EDGE_CURVE ( 'NONE', #3430, #10168, #4924, .T. ) ;
#4647 = ORIENTED_EDGE ( 'NONE', *, *, #10958, .F. ) ;
#4648 = EDGE_LOOP ( 'NONE', ( #9257, #2887, #10172, #10318 ) ) ;
#4649 = CARTESIAN_POINT ( 'NONE',  ( 2.499999999999980016, 0.000000000000000000, -0.3750000000000014988 ) ) ;
#4650 = PLANE ( 'NONE',  #4191 ) ;
#4651 = DIRECTION ( 'NONE',  ( 0.000000000000000000, -1.000000000000000000, 0.000000000000000000 ) ) ;
#4652 = ORIENTED_EDGE ( 'NONE', *, *, #5715, .F. ) ;
#4653 = FACE_OUTER_BOUND ( 'NONE', #3619, .T. ) ;
#4654 = DIRECTION ( 'NONE',  ( 0.000000000000000000, 0.000000000000000000, -1.000000000000000000 ) ) ;
#4655 = EDGE_CURVE ( 'NONE', #5273, #5570, #876, .T. ) ;
#4656 = DIRECTION ( 'NONE',  ( 1.000000000000000000, 0.000000000000000000, -2.168404344970728034E-15 ) ) ;
#4657 = EDGE_CURVE ( 'NONE', #9046, #10927, #10816, .T. ) ;
#4658 = LINE ( 'NONE', #3885, #2153 ) ;
#4659 = VERTEX_POINT ( 'NONE', #4094 ) ;
#4660 = ORIENTED_EDGE ( 'NONE', *, *, #4513, .F. ) ;
#4661 = PLANE ( 'NONE',  #9371 ) ;
#4662 = ADVANCED_FACE ( 'NONE', ( #10039 ), #2428, .F. ) ;
#4663 = CARTESIAN_POINT ( 'NONE',  ( 0.6250000000000222045, 0.05000000000000000278, -6.098637220231177800E-15 ) ) ;
#4664 = ORIENTED_EDGE ( 'NONE', *, *, #766, .T. ) ;
#4666 = DIRECTION ( 'NONE',  ( -0.7071067811865474617, 0.000000000000000000, 0.7071067811865474617 ) ) ;
#4665 = PLANE ( 'NONE',  #1755 ) ;
#4667 = DIRECTION ( 'NONE',  ( 0.7071067811865474617, -0.000000000000000000, 0.7071067811865474617 ) ) ;
#4668 = PLANE ( 'NONE',  #8481 ) ;
#4669 = DIRECTION ( 'NONE',  ( -1.000000000000000000, 0.000000000000000000, 6.472848790956864884E-16 ) ) ;
#4670 = CARTESIAN_POINT ( 'NONE',  ( 0.3750000000000024980, 0.2000000000000000111, 2.499999999999980904 ) ) ;
#4671 = VERTEX_POINT ( 'NONE', #4982 ) ;
#4672 = DIRECTION ( 'NONE',  ( -1.000000000000000000, 0.000000000000000000, 1.439820485060763520E-13 ) ) ;
#4673 = EDGE_LOOP ( 'NONE', ( #5607, #4141, #6391, #771 ) ) ;
#4674 = EDGE_LOOP ( 'NONE', ( #10860, #873, #10384, #6337 ) ) ;
#4675 = EDGE_LOOP ( 'NONE', ( #7690, #8208, #1979, #130 ) ) ;
#4676 = LINE ( 'NONE', #5557, #5079 ) ;
#4677 = FILL_AREA_STYLE ('',( #10513 ) ) ;
#4678 = CARTESIAN_POINT ( 'NONE',  ( 2.100000000000000977, 0.2000000000000000111, 1.810000000000000719 ) ) ;
#4679 = PLANE ( 'NONE',  #6542 ) ;
#4680 = DIRECTION ( 'NONE',  ( -1.000000000000000000, 0.000000000000000000, 0.000000000000000000 ) ) ;
#4682 = VERTEX_POINT ( 'NONE', #761 ) ;
#4681 = LINE ( 'NONE', #3849, #5512 ) ;
#4683 = LINE ( 'NONE', #9092, #4601 ) ;
#4684 =( NAMED_UNIT ( * ) SI_UNIT ( $, .STERADIAN. ) SOLID_ANGLE_UNIT ( ) );
#4685 = CARTESIAN_POINT ( 'NONE',  ( -2.000000000000000000, 1.000000000000000000, -2.000000000000000000 ) ) ;
#4686 = LINE ( 'NONE', #3797, #5103 ) ;
#4688 = LINE ( 'NONE', #8077, #5235 ) ;
#4687 = CARTESIAN_POINT ( 'NONE',  ( -1.125000000000001332, 0.2000000000000000111, 2.099999999999996536 ) ) ;
#4689 = ORIENTED_EDGE ( 'NONE', *, *, #7306, .F. ) ;
#4690 = ORIENTED_EDGE ( 'NONE', *, *, #6351, .T. ) ;
#4691 = VECTOR ( 'NONE', #1881, 1000.000000000000000 ) ;
#4693 = ORIENTED_EDGE ( 'NONE', *, *, #9675, .T. ) ;
#4692 = DIRECTION ( 'NONE',  ( -1.035655806553459049E-14, -0.000000000000000000, -1.000000000000000000 ) ) ;
#4694 = ORIENTED_EDGE ( 'NONE', *, *, #9189, .T. ) ;
#4695 = SHAPE_DEFINITION_REPRESENTATION ( #3537, #6909 ) ;
#4696 = LINE ( 'NONE', #9598, #3318 ) ;
#4697 = CARTESIAN_POINT ( 'NONE',  ( 0.000000000000000000, 0.2000000000000000111, 0.000000000000000000 ) ) ;
#4698 = FACE_OUTER_BOUND ( 'NONE', #2006, .T. ) ;
#4699 = EDGE_LOOP ( 'NONE', ( #9830, #5338, #378, #8181 ) ) ;
#4700 = EDGE_CURVE ( 'NONE', #6782, #7921, #34, .T. ) ;
#4701 = EDGE_CURVE ( 'NONE', #10057, #9455, #6721, .T. ) ;
#4702 = DIRECTION ( 'NONE',  ( 1.439820485060763520E-13, 0.000000000000000000, 1.000000000000000000 ) ) ;
#4703 = VECTOR ( 'NONE', #9454, 1000.000000000000000 ) ;
#4704 = PLANE ( 'NONE',  #9666 ) ;
#4705 = ADVANCED_FACE ( 'NONE', ( #8264 ), #2486, .T. ) ;
#4706 = LINE ( 'NONE', #3880, #2054 ) ;
#4707 = ADVANCED_FACE ( 'NONE', ( #651 ), #7596, .F. ) ;
#4708 = EDGE_CURVE ( 'NONE', #2231, #4066, #7751, .T. ) ;
#4709 = VECTOR ( 'NONE', #9059, 1000.000000000000000 ) ;
#4710 = EDGE_CURVE ( 'NONE', #8647, #2254, #6085, .T. ) ;
#4711 = VECTOR ( 'NONE', #3689, 1000.000000000000000 ) ;
#4712 = LINE ( 'NONE', #602, #555 ) ;
#4713 = EDGE_CURVE ( 'NONE', #4114, #7134, #2812, .T. ) ;
#4714 = ORIENTED_EDGE ( 'NONE', *, *, #2529, .T. ) ;
#4715 = DIRECTION ( 'NONE',  ( -0.000000000000000000, -1.000000000000000000, -0.000000000000000000 ) ) ;
#4716 = LINE ( 'NONE', #7173, #8177 ) ;
#4717 = EDGE_CURVE ( 'NONE', #8134, #8326, #1862, .T. ) ;
#4718 = VERTEX_POINT ( 'NONE', #6871 ) ;
#4719 = EDGE_CURVE ( 'NONE', #6799, #8594, #7702, .T. ) ;
#4721 = DIRECTION ( 'NONE',  ( 0.000000000000000000, -1.000000000000000000, 0.000000000000000000 ) ) ;
#4720 = FACE_OUTER_BOUND ( 'NONE', #4086, .T. ) ;
#4722 = DIRECTION ( 'NONE',  ( -1.040834085586083310E-14, -0.000000000000000000, -1.000000000000000000 ) ) ;
#4723 = FACE_OUTER_BOUND ( 'NONE', #10582, .T. ) ;
#4724 = DIRECTION ( 'NONE',  ( 8.439195288535886079E-14, 0.000000000000000000, -1.000000000000000000 ) ) ;
#4725 = VERTEX_POINT ( 'NONE', #6933 ) ;
#4726 = FACE_OUTER_BOUND ( 'NONE', #3398, .T. ) ;
#4727 = VECTOR ( 'NONE', #518, 1000.000000000000000 ) ;
#4728 = ORIENTED_EDGE ( 'NONE', *, *, #698, .F. ) ;
#4729 = CLOSED_SHELL ( 'NONE', ( #1654, #8525, #2819, #155, #2552, #4896, #4365 ) ) ;
#4730 = EDGE_LOOP ( 'NONE', ( #4124, #2870, #5396, #2058 ) ) ;
#4731 = VERTEX_POINT ( 'NONE', #77 ) ;
#4732 = MECHANICAL_DESIGN_GEOMETRIC_PRESENTATION_REPRESENTATION (  '', ( #10585 ), #7747 ) ;
#4733 = CARTESIAN_POINT ( 'NONE',  ( -2.500000000000042633, 0.2000000000000000111, -1.625000000000000222 ) ) ;
#4734 = PLANE ( 'NONE',  #2262 ) ;
#4735 = FACE_OUTER_BOUND ( 'NONE', #2321, .T. ) ;
#4736 = ORIENTED_EDGE ( 'NONE', *, *, #10290, .F. ) ;
#4737 = CARTESIAN_POINT ( 'NONE',  ( 2.100000000000000089, 0.2000000000000000111, -1.625000000000000000 ) ) ;
#4738 = VECTOR ( 'NONE', #4534, 1000.000000000000000 ) ;
#4740 = ORIENTED_EDGE ( 'NONE', *, *, #7644, .T. ) ;
#4739 = DIRECTION ( 'NONE',  ( -1.029992063861229055E-14, 0.000000000000000000, -1.000000000000000000 ) ) ;
#4741 = SURFACE_STYLE_USAGE ( .BOTH. , #3070 ) ;
#4742 = FILL_AREA_STYLE ('',( #10520 ) ) ;
#4743 = CARTESIAN_POINT ( 'NONE',  ( 2.500000000000000888, 0.04999999999999969746, 2.500000000000000000 ) ) ;
#4744 = VECTOR ( 'NONE', #8950, 1000.000000000000000 ) ;
#4745 = VECTOR ( 'NONE', #3487, 1000.000000000000000 ) ;
#4746 = CARTESIAN_POINT ( 'NONE',  ( -2.000000000000000000, 0.9499999999999999556, -1.750000000000000000 ) ) ;
#4747 = DIRECTION ( 'NONE',  ( -1.000000000000000000, 0.000000000000000000, 0.000000000000000000 ) ) ;
#4749 = DIRECTION ( 'NONE',  ( -3.794707603699675727E-15, 0.000000000000000000, -1.000000000000000000 ) ) ;
#4748 = CARTESIAN_POINT ( 'NONE',  ( 1.124999999999997780, 0.2000000000000000111, -2.499999999999994671 ) ) ;
#4750 = VECTOR ( 'NONE', #4905, 1000.000000000000000 ) ;
#4751 = VECTOR ( 'NONE', #7300, 1000.000000000000000 ) ;
#4752 = ORIENTED_EDGE ( 'NONE', *, *, #3485, .F. ) ;
#4753 = ORIENTED_EDGE ( 'NONE', *, *, #8795, .T. ) ;
#4754 = AXIS2_PLACEMENT_3D ( 'NONE', #5437, #10337, #9503 ) ;
#4756 = ORIENTED_EDGE ( 'NONE', *, *, #8238, .F. ) ;
#4755 =( LENGTH_UNIT ( ) NAMED_UNIT ( * ) SI_UNIT ( .MILLI., .METRE. ) );
#4757 = VERTEX_POINT ( 'NONE', #9373 ) ;
#4758 = VECTOR ( 'NONE', #8624, 1000.000000000000000 ) ;
#4759 = VECTOR ( 'NONE', #9289, 1000.000000000000000 ) ;
#4760 = CARTESIAN_POINT ( 'NONE',  ( -2.499999999999985789, 0.2000000000000000111, -1.124999999999996891 ) ) ;
#4761 = VERTEX_POINT ( 'NONE', #3637 ) ;
#4762 = DIRECTION ( 'NONE',  ( -0.000000000000000000, -1.000000000000000000, -0.000000000000000000 ) ) ;
#4763 = CARTESIAN_POINT ( 'NONE',  ( -2.500000000000000000, 0.04999999999999969746, 2.500000000000000000 ) ) ;
#4764 = VECTOR ( 'NONE', #4651, 1000.000000000000000 ) ;
#4765 = VERTEX_POINT ( 'NONE', #4525 ) ;
#4766 = DIRECTION ( 'NONE',  ( -1.000000000000000000, -0.000000000000000000, 1.084202172485504118E-14 ) ) ;
#4767 = AXIS2_PLACEMENT_3D ( 'NONE', #4316, #6031, #4056 ) ;
#4768 = AXIS2_PLACEMENT_3D ( 'NONE', #2090, #9106, #7370 ) ;
#4769 = VECTOR ( 'NONE', #7783, 1000.000000000000000 ) ;
#4770 = EDGE_CURVE ( 'NONE', #8012, #5781, #1033, .T. ) ;
#4771 = CARTESIAN_POINT ( 'NONE',  ( -1.625000000000001332, 0.000000000000000000, 2.100000000000001865 ) ) ;
#4772 = VECTOR ( 'NONE', #8973, 1000.000000000000000 ) ;
#4773 = CARTESIAN_POINT ( 'NONE',  ( 2.500000000000000000, 0.04999999999999969746, 2.500000000000000000 ) ) ;
#4774 = ORIENTED_EDGE ( 'NONE', *, *, #7847, .F. ) ;
#4775 = ADVANCED_FACE ( 'NONE', ( #3469 ), #10195, .F. ) ;
#4776 = CARTESIAN_POINT ( 'NONE',  ( -1.625000000000001332, 0.2000000000000000111, 2.100000000000001865 ) ) ;
#4777 = FACE_OUTER_BOUND ( 'NONE', #7748, .T. ) ;
#4778 = ORIENTED_EDGE ( 'NONE', *, *, #4700, .T. ) ;
#4779 = AXIS2_PLACEMENT_3D ( 'NONE', #1297, #7975, #2241 ) ;
#4781 = CARTESIAN_POINT ( 'NONE',  ( 1.374999999999997780, 0.2000000000000000111, -2.499999999999987566 ) ) ;
#4780 = CARTESIAN_POINT ( 'NONE',  ( -1.124999999999997558, 0.000000000000000000, 2.499999999999996447 ) ) ;
#4782 = DIRECTION ( 'NONE',  ( 0.000000000000000000, 0.000000000000000000, 1.000000000000000000 ) ) ;
#4783 = LINE ( 'NONE', #274, #2806 ) ;
#4784 = DIRECTION ( 'NONE',  ( 9.757819552369538328E-15, -0.000000000000000000, 1.000000000000000000 ) ) ;
#4785 = EDGE_CURVE ( 'NONE', #6308, #10913, #4317, .T. ) ;
#4786 = AXIS2_PLACEMENT_3D ( 'NONE', #9302, #1798, #5182 ) ;
#4787 = EDGE_CURVE ( 'NONE', #2721, #6308, #1814, .T. ) ;
#4788 = ORIENTED_EDGE ( 'NONE', *, *, #9881, .T. ) ;
#4789 = ADVANCED_FACE ( 'NONE', ( #8769 ), #7811, .F. ) ;
#4790 = EDGE_CURVE ( 'NONE', #7156, #3775, #974, .T. ) ;
#4791 = PLANE ( 'NONE',  #4221 ) ;
#4792 = VERTEX_POINT ( 'NONE', #198 ) ;
#4793 = VERTEX_POINT ( 'NONE', #2701 ) ;
#4794 = ORIENTED_EDGE ( 'NONE', *, *, #10089, .F. ) ;
#4795 = DIRECTION ( 'NONE',  ( 3.997995511040729896E-15, -0.000000000000000000, 1.000000000000000000 ) ) ;
#4796 = PLANE ( 'NONE',  #7409 ) ;
#4797 = CARTESIAN_POINT ( 'NONE',  ( -0.1250000000000022204, 0.2000000000000000111, -2.499999999999972022 ) ) ;
#4798 = EDGE_LOOP ( 'NONE', ( #6266, #3759, #8566, #6827 ) ) ;
#4799 = CARTESIAN_POINT ( 'NONE',  ( 0.000000000000000000, 0.000000000000000000, 0.000000000000000000 ) ) ;
#4800 = VECTOR ( 'NONE', #8149, 1000.000000000000000 ) ;
#4801 = ADVANCED_FACE ( 'NONE', ( #6821 ), #5199, .T. ) ;
#4803 = VERTEX_POINT ( 'NONE', #5246 ) ;
#4802 = CARTESIAN_POINT ( 'NONE',  ( -1.374999999999997558, 0.2000000000000000111, 2.499999999999989786 ) ) ;
#4804 = VECTOR ( 'NONE', #4548, 1000.000000000000000 ) ;
#4805 = DIRECTION ( 'NONE',  ( 1.000000000000000000, -0.000000000000000000, -1.035655806553459049E-14 ) ) ;
#4806 = LINE ( 'NONE', #1521, #664 ) ;
#4807 = CARTESIAN_POINT ( 'NONE',  ( -1.625000000000000888, 0.2000000000000000111, -2.099999999999999645 ) ) ;
#4808 = MECHANICAL_DESIGN_GEOMETRIC_PRESENTATION_REPRESENTATION (  '', ( #1621 ), #11 ) ;
#4809 = DIRECTION ( 'NONE',  ( 1.000000000000000000, -0.000000000000000000, 0.000000000000000000 ) ) ;
#4810 = LINE ( 'NONE', #8201, #1587 ) ;
#4812 = CARTESIAN_POINT ( 'NONE',  ( 2.100000000000031619, 0.2000000000000000111, 1.375000000000000222 ) ) ;
#4811 = LINE ( 'NONE', #7312, #7784 ) ;
#4813 = ORIENTED_EDGE ( 'NONE', *, *, #8794, .F. ) ;
#4814 = ORIENTED_EDGE ( 'NONE', *, *, #9135, .T. ) ;
#4815 = VECTOR ( 'NONE', #10331, 1000.000000000000000 ) ;
#4816 = ORIENTED_EDGE ( 'NONE', *, *, #10399, .T. ) ;
#4817 = ORIENTED_EDGE ( 'NONE', *, *, #8179, .T. ) ;
#4818 = FILL_AREA_STYLE_COLOUR ( '', #2780 ) ;
#4819 = LINE ( 'NONE', #10098, #9028 ) ;
#4820 = ORIENTED_EDGE ( 'NONE', *, *, #10542, .F. ) ;
#4821 = DIRECTION ( 'NONE',  ( 1.000000000000000000, 0.000000000000000000, -1.439820485060763520E-13 ) ) ;
#4822 = CARTESIAN_POINT ( 'NONE',  ( -2.499999999999964917, 0.000000000000000000, 0.8750000000000031086 ) ) ;
#4823 = ORIENTED_EDGE ( 'NONE', *, *, #1851, .T. ) ;
#4824 = FACE_OUTER_BOUND ( 'NONE', #8466, .T. ) ;
#4825 = CARTESIAN_POINT ( 'NONE',  ( 1.875000000000002442, 0.2000000000000000111, 2.499999999999955147 ) ) ;
#4826 = ORIENTED_EDGE ( 'NONE', *, *, #5378, .T. ) ;
#4827 = DIRECTION ( 'NONE',  ( 1.000000000000000000, 0.000000000000000000, -0.000000000000000000 ) ) ;
#4828 = FACE_OUTER_BOUND ( 'NONE', #3259, .T. ) ;
#4829 = VERTEX_POINT ( 'NONE', #4364 ) ;
#4831 = PLANE ( 'NONE',  #7458 ) ;
#4830 = DIRECTION ( 'NONE',  ( 9.893344823930224805E-15, 0.000000000000000000, 1.000000000000000000 ) ) ;
#4832 = CARTESIAN_POINT ( 'NONE',  ( -1.874999999999999556, 0.2000000000000000111, 2.165000000000001812 ) ) ;
#4833 = DIRECTION ( 'NONE',  ( 1.040834085586084257E-14, 0.000000000000000000, 1.000000000000000000 ) ) ;
#4834 = DIRECTION ( 'NONE',  ( -1.035655806553459206E-14, 0.000000000000000000, -1.000000000000000000 ) ) ;
#4835 = ORIENTED_EDGE ( 'NONE', *, *, #3805, .T. ) ;
#4836 = CARTESIAN_POINT ( 'NONE',  ( -0.8749999999999975575, 0.2000000000000000111, 2.499999999999984013 ) ) ;
#4837 = EDGE_LOOP ( 'NONE', ( #2785, #3057, #1093, #36 ) ) ;
#4838 = VERTEX_POINT ( 'NONE', #6986 ) ;
#4839 = DIRECTION ( 'NONE',  ( -9.961107459710568832E-15, 0.000000000000000000, -1.000000000000000000 ) ) ;
#4840 = DIRECTION ( 'NONE',  ( 0.000000000000000000, 1.000000000000000000, -0.000000000000000000 ) ) ;
#4841 = DIRECTION ( 'NONE',  ( 1.000000000000000000, 0.000000000000000000, -9.893344823930226383E-15 ) ) ;
#4842 = EDGE_CURVE ( 'NONE', #3133, #9834, #9530, .T. ) ;
#4843 = CARTESIAN_POINT ( 'NONE',  ( -2.000000000000000000, 0.9499999999999999556, -1.750000000000000000 ) ) ;
#4844 = ORIENTED_EDGE ( 'NONE', *, *, #6630, .T. ) ;
#4845 = FACE_OUTER_BOUND ( 'NONE', #8825, .T. ) ;
#4846 = EDGE_CURVE ( 'NONE', #3945, #10147, #247, .T. ) ;
#4847 = EDGE_CURVE ( 'NONE', #3019, #6605, #8650, .T. ) ;
#4849 = ORIENTED_EDGE ( 'NONE', *, *, #7104, .T. ) ;
#4848 = DIRECTION ( 'NONE',  ( 1.000000000000000000, 0.000000000000000000, -3.997995511040729896E-15 ) ) ;
#4850 = EDGE_CURVE ( 'NONE', #2968, #10922, #8551, .T. ) ;
#4851 = EDGE_CURVE ( 'NONE', #6741, #1306, #8926, .T. ) ;
#4852 = DIRECTION ( 'NONE',  ( -5.825563911862536124E-15, 0.000000000000000000, -1.000000000000000000 ) ) ;
#4853 = DIRECTION ( 'NONE',  ( -1.000000000000000000, 0.000000000000000000, 0.000000000000000000 ) ) ;
#4854 = DIRECTION ( 'NONE',  ( 1.000000000000000000, 0.000000000000000000, -6.472848790956864884E-16 ) ) ;
#4855 = EDGE_CURVE ( 'NONE', #5777, #4532, #3698, .T. ) ;
#4856 = CARTESIAN_POINT ( 'NONE',  ( -2.500000000000042633, 0.2000000000000000111, -1.625000000000000222 ) ) ;
#4858 = LINE ( 'NONE', #6708, #9495 ) ;
#4857 = LINE ( 'NONE', #4687, #513 ) ;
#4859 = ORIENTED_EDGE ( 'NONE', *, *, #5110, .F. ) ;
#4860 = ORIENTED_EDGE ( 'NONE', *, *, #1330, .F. ) ;
#4862 = ORIENTED_EDGE ( 'NONE', *, *, #2055, .T. ) ;
#4861 = CARTESIAN_POINT ( 'NONE',  ( 2.500000000000000000, 0.04999999999999969746, 0.8749999999999992228 ) ) ;
#4863 = ORIENTED_EDGE ( 'NONE', *, *, #7636, .T. ) ;
#4864 = CARTESIAN_POINT ( 'NONE',  ( 1.524999999999999023, 0.2000000000000000111, -1.675000000000001377 ) ) ;
#4865 = CARTESIAN_POINT ( 'NONE',  ( -0.8749999999999990008, 0.2000000000000000111, 2.100000000000027178 ) ) ;
#4866 = VERTEX_POINT ( 'NONE', #7098 ) ;
#4867 = CARTESIAN_POINT ( 'NONE',  ( -1.375000000000000444, 0.2000000000000000111, -1.675000000000000711 ) ) ;
#4868 = CARTESIAN_POINT ( 'NONE',  ( -0.8749999999999990008, 0.2000000000000000111, 2.100000000000027178 ) ) ;
#4869 = ORIENTED_EDGE ( 'NONE', *, *, #9336, .T. ) ;
#4870 = CARTESIAN_POINT ( 'NONE',  ( -0.1249999999999974881, 0.000000000000000000, 2.499999999999986233 ) ) ;
#4871 = CARTESIAN_POINT ( 'NONE',  ( -2.499999999999967581, 0.2000000000000000111, 0.6250000000000031086 ) ) ;
#4872 = DIRECTION ( 'NONE',  ( 1.084202172485504276E-14, -0.000000000000000000, 1.000000000000000000 ) ) ;
#4873 = DIRECTION ( 'NONE',  ( 0.000000000000000000, -0.000000000000000000, 1.000000000000000000 ) ) ;
#4874 = CARTESIAN_POINT ( 'NONE',  ( -2.499999999999962252, 0.2000000000000000111, 1.125000000000003109 ) ) ;
#4875 = VECTOR ( 'NONE', #546, 1000.000000000000000 ) ;
#4876 = VERTEX_POINT ( 'NONE', #10524 ) ;
#4878 = FACE_OUTER_BOUND ( 'NONE', #2484, .T. ) ;
#4877 = DIRECTION ( 'NONE',  ( 0.000000000000000000, 0.000000000000000000, -1.000000000000000000 ) ) ;
#4879 = DIRECTION ( 'NONE',  ( -1.029992063861229055E-14, 0.000000000000000000, -1.000000000000000000 ) ) ;
#4880 = DIRECTION ( 'NONE',  ( -0.7071067811865451302, -0.000000000000000000, 0.7071067811865499042 ) ) ;
#4881 = PLANE ( 'NONE',  #1698 ) ;
#4882 = ORIENTED_EDGE ( 'NONE', *, *, #3162, .F. ) ;
#4883 = AXIS2_PLACEMENT_3D ( 'NONE', #10340, #177, #7888 ) ;
#4884 = DIRECTION ( 'NONE',  ( 0.000000000000000000, 0.000000000000000000, -1.000000000000000000 ) ) ;
#4885 = ORIENTED_EDGE ( 'NONE', *, *, #5177, .T. ) ;
#4886 = ORIENTED_EDGE ( 'NONE', *, *, #1441, .F. ) ;
#4887 = ORIENTED_EDGE ( 'NONE', *, *, #1178, .F. ) ;
#4888 = CARTESIAN_POINT ( 'NONE',  ( 2.499999999999988454, 0.2000000000000000111, 1.374999999999998668 ) ) ;
#4889 = SURFACE_STYLE_USAGE ( .BOTH. , #10942 ) ;
#4890 = VECTOR ( 'NONE', #10722, 1000.000000000000000 ) ;
#4891 = PLANE ( 'NONE',  #6368 ) ;
#4892 = DIRECTION ( 'NONE',  ( 0.000000000000000000, 0.000000000000000000, 1.000000000000000000 ) ) ;
#4893 = ORIENTED_EDGE ( 'NONE', *, *, #10684, .F. ) ;
#4894 = CARTESIAN_POINT ( 'NONE',  ( 1.624999999999997780, 0.2000000000000000111, -2.500000000000000000 ) ) ;
#4895 = VECTOR ( 'NONE', #10431, 1000.000000000000000 ) ;
#4896 = ADVANCED_FACE ( 'NONE', ( #7978 ), #2077, .F. ) ;
#4898 = ORIENTED_EDGE ( 'NONE', *, *, #3419, .F. ) ;
#4897 = DIRECTION ( 'NONE',  ( 2.168404344971009499E-14, 0.000000000000000000, 1.000000000000000000 ) ) ;
#4899 = DIRECTION ( 'NONE',  ( 2.949029909160572061E-14, 0.000000000000000000, -1.000000000000000000 ) ) ;
#4900 = LINE ( 'NONE', #8301, #4069 ) ;
#4901 = EDGE_CURVE ( 'NONE', #4761, #10836, #10699, .T. ) ;
#4902 = DIRECTION ( 'NONE',  ( 0.000000000000000000, -1.000000000000000000, 0.000000000000000000 ) ) ;
#4903 = CARTESIAN_POINT ( 'NONE',  ( -1.125000000000002220, 0.000000000000000000, -2.499999999999961364 ) ) ;
#4904 = CARTESIAN_POINT ( 'NONE',  ( 1.374999999999978240, 0.05000000000000000278, -1.341700188450790280E-14 ) ) ;
#4905 = DIRECTION ( 'NONE',  ( -1.000000000000000000, 0.000000000000000000, -2.949029909160572061E-14 ) ) ;
#4906 = VECTOR ( 'NONE', #938, 1000.000000000000000 ) ;
#4908 = CARTESIAN_POINT ( 'NONE',  ( -1.125000000000000888, 0.2000000000000000111, -2.100000000000004530 ) ) ;
#4907 = DIRECTION ( 'NONE',  ( 1.000000000000000000, 0.000000000000000000, -1.439820485060763520E-13 ) ) ;
#4909 = EDGE_LOOP ( 'NONE', ( #1651, #8571, #5999, #1126, #6131 ) ) ;
#4910 = EDGE_CURVE ( 'NONE', #9455, #763, #10475, .T. ) ;
#4911 = VERTEX_POINT ( 'NONE', #1299 ) ;
#4912 = EDGE_CURVE ( 'NONE', #1916, #7921, #8438, .T. ) ;
#4913 = EDGE_CURVE ( 'NONE', #9400, #6949, #7258, .T. ) ;
#4914 = EDGE_CURVE ( 'NONE', #10913, #9812, #4590, .T. ) ;
#4916 = VERTEX_POINT ( 'NONE', #2966 ) ;
#4915 = CARTESIAN_POINT ( 'NONE',  ( -0.3749999999999982792, 0.000000000000000000, -2.099999999999979217 ) ) ;
#4917 = ORIENTED_EDGE ( 'NONE', *, *, #10844, .F. ) ;
#4918 = VECTOR ( 'NONE', #6575, 1000.000000000000000 ) ;
#4919 = VECTOR ( 'NONE', #10080, 1000.000000000000000 ) ;
#4920 = CARTESIAN_POINT ( 'NONE',  ( -1.809999999999998943, 0.000000000000000000, -2.099999999999999645 ) ) ;
#4921 = ORIENTED_EDGE ( 'NONE', *, *, #83, .T. ) ;
#4922 = DIRECTION ( 'NONE',  ( -9.757819552369538328E-15, 0.000000000000000000, -1.000000000000000000 ) ) ;
#4923 = VECTOR ( 'NONE', #10464, 1000.000000000000000 ) ;
#4924 = LINE ( 'NONE', #10920, #7721 ) ;
#4925 = UNCERTAINTY_MEASURE_WITH_UNIT (LENGTH_MEASURE( 1.000000000000000082E-05 ), #2027, 'distance_accuracy_value', 'NONE');
#4926 = ORIENTED_EDGE ( 'NONE', *, *, #1657, .T. ) ;
#4927 = VECTOR ( 'NONE', #10230, 1000.000000000000000 ) ;
#4928 = ORIENTED_EDGE ( 'NONE', *, *, #10155, .T. ) ;
#4929 = VECTOR ( 'NONE', #8904, 1000.000000000000000 ) ;
#4930 = ADVANCED_FACE ( 'NONE', ( #8029 ), #2244, .F. ) ;
#4931 = VECTOR ( 'NONE', #1057, 1000.000000000000000 ) ;
#4932 = DIRECTION ( 'NONE',  ( -0.000000000000000000, 1.000000000000000000, 0.000000000000000000 ) ) ;
#4933 = DIRECTION ( 'NONE',  ( 1.000000000000000000, 0.000000000000000000, 0.000000000000000000 ) ) ;
#4934 = LINE ( 'NONE', #6617, #10058 ) ;
#4935 = CARTESIAN_POINT ( 'NONE',  ( -1.375000000000000444, 0.2000000000000000111, -1.675000000000000711 ) ) ;
#4936 = CARTESIAN_POINT ( 'NONE',  ( 2.499999999999985345, 0.2000000000000000111, 0.1249999999999985151 ) ) ;
#4937 = VECTOR ( 'NONE', #6130, 1000.000000000000000 ) ;
#4938 = ORIENTED_EDGE ( 'NONE', *, *, #6500, .F. ) ;
#4940 = CARTESIAN_POINT ( 'NONE',  ( 2.500000000000000000, -7.071067811865475505, -2.500000000000000000 ) ) ;
#4939 = DIRECTION ( 'NONE',  ( -1.000000000000000000, 0.000000000000000000, 1.040834085586083468E-14 ) ) ;
#4941 = FACE_OUTER_BOUND ( 'NONE', #3461, .T. ) ;
#4942 = VECTOR ( 'NONE', #7445, 1000.000000000000000 ) ;
#4943 = LINE ( 'NONE', #8565, #996 ) ;
#4944 = ORIENTED_EDGE ( 'NONE', *, *, #5790, .T. ) ;
#4945 = VECTOR ( 'NONE', #2305, 1000.000000000000000 ) ;
#4946 = LINE ( 'NONE', #5002, #684 ) ;
#4947 = AXIS2_PLACEMENT_3D ( 'NONE', #918, #67, #4967 ) ;
#4948 = ORIENTED_EDGE ( 'NONE', *, *, #1377, .F. ) ;
#4949 = AXIS2_PLACEMENT_3D ( 'NONE', #9096, #10026, #7641 ) ;
#4950 = ORIENTED_EDGE ( 'NONE', *, *, #10294, .T. ) ;
#4951 = ORIENTED_EDGE ( 'NONE', *, *, #9966, .F. ) ;
#4952 = CARTESIAN_POINT ( 'NONE',  ( 0.000000000000000000, 0.2000000000000000111, 0.000000000000000000 ) ) ;
#4953 = CARTESIAN_POINT ( 'NONE',  ( -2.499999999999964917, 0.2000000000000000111, 0.8750000000000031086 ) ) ;
#4954 = STYLED_ITEM ( 'NONE', ( #793 ), #2538 ) ;
#4955 = CARTESIAN_POINT ( 'NONE',  ( 1.125000000000000888, 0.2000000000000000111, 2.100000000000006306 ) ) ;
#4956 = CARTESIAN_POINT ( 'NONE',  ( 0.000000000000000000, 0.2000000000000000111, 0.000000000000000000 ) ) ;
#4957 = VERTEX_POINT ( 'NONE', #7150 ) ;
#4958 = CARTESIAN_POINT ( 'NONE',  ( -2.499999999999954703, 0.04999999999999999584, 1.875000000000002887 ) ) ;
#4959 =( GEOMETRIC_REPRESENTATION_CONTEXT ( 3 ) GLOBAL_UNCERTAINTY_ASSIGNED_CONTEXT ( ( #8266 ) ) GLOBAL_UNIT_ASSIGNED_CONTEXT ( ( #8689, #10385, #1164 ) ) REPRESENTATION_CONTEXT ( 'NONE', 'WORKASPACE' ) );
#4960 = VERTEX_POINT ( 'NONE', #3076 ) ;
#4961 = DIRECTION ( 'NONE',  ( 1.000000000000000000, 0.000000000000000000, -1.040834085586084257E-14 ) ) ;
#4962 = DIRECTION ( 'NONE',  ( -0.000000000000000000, 1.000000000000000000, 0.000000000000000000 ) ) ;
#4963 = SURFACE_STYLE_FILL_AREA ( #2467 ) ;
#4964 = DIRECTION ( 'NONE',  ( 1.000000000000000000, -0.000000000000000000, -1.439820485060763520E-13 ) ) ;
#4965 = LINE ( 'NONE', #5848, #1559 ) ;
#4966 = DIRECTION ( 'NONE',  ( -0.7071067811865474617, 0.000000000000000000, 0.7071067811865474617 ) ) ;
#4968 = PLANE ( 'NONE',  #6851 ) ;
#4967 = DIRECTION ( 'NONE',  ( 0.000000000000000000, 0.000000000000000000, -1.000000000000000000 ) ) ;
#4969 = EDGE_LOOP ( 'NONE', ( #107, #10362, #1192, #6102, #7982 ) ) ;
#4970 = VERTEX_POINT ( 'NONE', #5524 ) ;
#4971 = EDGE_CURVE ( 'NONE', #1321, #10457, #4688, .T. ) ;
#4972 = VECTOR ( 'NONE', #3776, 1000.000000000000000 ) ;
#4974 = EDGE_LOOP ( 'NONE', ( #10782, #10619, #4690, #5673 ) ) ;
#4973 = DIRECTION ( 'NONE',  ( -1.439820485060763520E-13, 0.000000000000000000, -1.000000000000000000 ) ) ;
#4975 = EDGE_LOOP ( 'NONE', ( #4310, #1000, #10482, #2943 ) ) ;
#4976 = COLOUR_RGB ( '',0.7921568627450980005, 0.8196078431372548767, 0.9333333333333333481 ) ;
#4977 = SURFACE_STYLE_FILL_AREA ( #1598 ) ;
#4978 = DIRECTION ( 'NONE',  ( 0.000000000000000000, -0.000000000000000000, 1.000000000000000000 ) ) ;
#4979 = ORIENTED_EDGE ( 'NONE', *, *, #5928, .F. ) ;
#4980 = PLANE ( 'NONE',  #8507 ) ;
#4981 = ADVANCED_FACE ( 'NONE', ( #9749 ), #7198, .T. ) ;
#4982 = CARTESIAN_POINT ( 'NONE',  ( 2.099999999999980105, 0.2000000000000000111, -0.3749999999999975575 ) ) ;
#4983 = EDGE_CURVE ( 'NONE', #10033, #5606, #2867, .T. ) ;
#4984 = EDGE_CURVE ( 'NONE', #8811, #8909, #471, .T. ) ;
#4985 = EDGE_LOOP ( 'NONE', ( #612, #8005, #400, #5727 ) ) ;
#4986 = ORIENTED_EDGE ( 'NONE', *, *, #431, .F. ) ;
#4987 =( LENGTH_UNIT ( ) NAMED_UNIT ( * ) SI_UNIT ( .MILLI., .METRE. ) );
#4988 = DIRECTION ( 'NONE',  ( -0.000000000000000000, -1.000000000000000000, -0.000000000000000000 ) ) ;
#4989 = DIRECTION ( 'NONE',  ( -5.825563911862536913E-15, 0.000000000000000000, -1.000000000000000000 ) ) ;
#4990 = CARTESIAN_POINT ( 'NONE',  ( -2.499999999999985789, 0.04999999999999999584, -1.124999999999996891 ) ) ;
#4991 = ADVANCED_FACE ( 'NONE', ( #2024 ), #1357, .F. ) ;
#4992 = CARTESIAN_POINT ( 'NONE',  ( 1.124999999999997780, 0.2000000000000000111, -2.499999999999994671 ) ) ;
#4993 = VECTOR ( 'NONE', #8723, 1000.000000000000000 ) ;
#4994 = VERTEX_POINT ( 'NONE', #5628 ) ;
#4995 = EDGE_CURVE ( 'NONE', #3598, #4591, #9040, .T. ) ;
#4997 = CARTESIAN_POINT ( 'NONE',  ( 0.000000000000000000, 0.2000000000000000111, 0.000000000000000000 ) ) ;
#4996 = FACE_OUTER_BOUND ( 'NONE', #331, .T. ) ;
#4998 = CARTESIAN_POINT ( 'NONE',  ( 0.000000000000000000, 0.2000000000000000111, 0.000000000000000000 ) ) ;
#4999 = ADVANCED_FACE ( 'NONE', ( #8203 ), #1196, .T. ) ;
#5000 = LINE ( 'NONE', #10997, #4180 ) ;
#5001 = VERTEX_POINT ( 'NONE', #8417 ) ;
#5002 = CARTESIAN_POINT ( 'NONE',  ( 1.625000000000001110, 0.2000000000000000111, 2.100000000000000533 ) ) ;
#5003 = EDGE_CURVE ( 'NONE', #2115, #2784, #3127, .T. ) ;
#5004 = ORIENTED_EDGE ( 'NONE', *, *, #3558, .F. ) ;
#5005 = ORIENTED_EDGE ( 'NONE', *, *, #10015, .F. ) ;
#5006 = ORIENTED_EDGE ( 'NONE', *, *, #5463, .T. ) ;
#5007 = CARTESIAN_POINT ( 'NONE',  ( 2.500000000000000000, 0.04999999999999969746, 0.3749999999999990563 ) ) ;
#5008 = CARTESIAN_POINT ( 'NONE',  ( -0.1250000000000006939, 0.000000000000000000, -2.100000000000015188 ) ) ;
#5009 = LINE ( 'NONE', #6802, #7064 ) ;
#5010 = PLANE ( 'NONE',  #10786 ) ;
#5011 = ORIENTED_EDGE ( 'NONE', *, *, #10196, .T. ) ;
#5012 = CARTESIAN_POINT ( 'NONE',  ( 0.000000000000000000, 0.000000000000000000, 0.000000000000000000 ) ) ;
#5013 = VERTEX_POINT ( 'NONE', #2676 ) ;
#5014 = DIRECTION ( 'NONE',  ( -1.040834085586084257E-14, 0.000000000000000000, -1.000000000000000000 ) ) ;
#5015 = CARTESIAN_POINT ( 'NONE',  ( 1.625000000000002442, 0.2000000000000000111, 2.499999999999957367 ) ) ;
#5016 = CARTESIAN_POINT ( 'NONE',  ( 2.100000000000100897, 0.05000000000000000278, -3.023623018627748441E-13 ) ) ;
#5017 = PLANE ( 'NONE',  #1413 ) ;
#5019 = DIRECTION ( 'NONE',  ( -9.757819552369536751E-15, 0.000000000000000000, -1.000000000000000000 ) ) ;
#5018 = FACE_OUTER_BOUND ( 'NONE', #10225, .T. ) ;
#5020 = ORIENTED_EDGE ( 'NONE', *, *, #4708, .F. ) ;
#5021 = ORIENTED_EDGE ( 'NONE', *, *, #10882, .F. ) ;
#5023 = ORIENTED_EDGE ( 'NONE', *, *, #511, .F. ) ;
#5022 = DIRECTION ( 'NONE',  ( 0.000000000000000000, 1.000000000000000000, 0.000000000000000000 ) ) ;
#5024 = ORIENTED_EDGE ( 'NONE', *, *, #6973, .T. ) ;
#5025 = LINE ( 'NONE', #30, #6733 ) ;
#5026 = VERTEX_POINT ( 'NONE', #10028 ) ;
#5027 = FACE_OUTER_BOUND ( 'NONE', #2959, .T. ) ;
#5028 = DIRECTION ( 'NONE',  ( 9.757819552369538328E-15, 0.000000000000000000, 1.000000000000000000 ) ) ;
#5029 = UNCERTAINTY_MEASURE_WITH_UNIT (LENGTH_MEASURE( 1.000000000000000082E-05 ), #10319, 'distance_accuracy_value', 'NONE');
#5030 = ORIENTED_EDGE ( 'NONE', *, *, #8535, .F. ) ;
#5031 = VERTEX_POINT ( 'NONE', #3976 ) ;
#5032 = FILL_AREA_STYLE ('',( #1653 ) ) ;
#5033 = ORIENTED_EDGE ( 'NONE', *, *, #2191, .F. ) ;
#5034 = CARTESIAN_POINT ( 'NONE',  ( -2.499999999999985789, 0.2000000000000000111, -1.124999999999996891 ) ) ;
#5035 = EDGE_CURVE ( 'NONE', #5001, #5096, #5691, .T. ) ;
#5036 = ADVANCED_FACE ( 'NONE', ( #9975 ), #635, .T. ) ;
#5037 = DIRECTION ( 'NONE',  ( -1.000000000000000000, 0.000000000000000000, 9.757819552369538328E-15 ) ) ;
#5038 = DIRECTION ( 'NONE',  ( 1.000000000000000000, 0.000000000000000000, -1.029992063861228897E-14 ) ) ;
#5039 = CARTESIAN_POINT ( 'NONE',  ( 0.6250000000000017764, 0.2000000000000000111, -2.099999999999989431 ) ) ;
#5040 = ORIENTED_EDGE ( 'NONE', *, *, #6124, .T. ) ;
#5042 = DIRECTION ( 'NONE',  ( -1.000000000000000000, 0.000000000000000000, -2.949029909160572061E-14 ) ) ;
#5041 = CARTESIAN_POINT ( 'NONE',  ( 1.375000000000002442, 0.2000000000000000111, 2.499999999999970246 ) ) ;
#5043 = DIRECTION ( 'NONE',  ( 0.000000000000000000, -0.000000000000000000, 1.000000000000000000 ) ) ;
#5044 = LINE ( 'NONE', #3331, #2941 ) ;
#5045 = EDGE_CURVE ( 'NONE', #2140, #1478, #2367, .T. ) ;
#5046 = EDGE_CURVE ( 'NONE', #3598, #2340, #5851, .T. ) ;
#5047 = VERTEX_POINT ( 'NONE', #5739 ) ;
#5048 = CARTESIAN_POINT ( 'NONE',  ( -0.6250000000000006661, 0.2000000000000000111, -2.100000000000009859 ) ) ;
#5049 = ORIENTED_EDGE ( 'NONE', *, *, #980, .F. ) ;
#5050 = ADVANCED_FACE ( 'NONE', ( #5794 ), #7413, .F. ) ;
#5051 = AXIS2_PLACEMENT_3D ( 'NONE', #7657, #7532, #6779 ) ;
#5052 = EDGE_CURVE ( 'NONE', #10033, #1264, #9098, .T. ) ;
#5053 = VERTEX_POINT ( 'NONE', #3248 ) ;
#5054 = ORIENTED_EDGE ( 'NONE', *, *, #2060, .T. ) ;
#5055 = ORIENTED_EDGE ( 'NONE', *, *, #3964, .F. ) ;
#5056 = LINE ( 'NONE', #5945, #5271 ) ;
#5057 = FILL_AREA_STYLE ('',( #10845 ) ) ;
#5058 = CARTESIAN_POINT ( 'NONE',  ( 0.6250000000000017764, 0.2000000000000000111, -2.099999999999989431 ) ) ;
#5059 = CARTESIAN_POINT ( 'NONE',  ( -2.099999999999980549, 0.000000000000000000, -0.6250000000000009992 ) ) ;
#5060 = ORIENTED_EDGE ( 'NONE', *, *, #7020, .F. ) ;
#5061 = DIRECTION ( 'NONE',  ( 0.000000000000000000, -1.000000000000000000, 0.000000000000000000 ) ) ;
#5062 = VECTOR ( 'NONE', #5412, 1000.000000000000000 ) ;
#5063 = VECTOR ( 'NONE', #4899, 1000.000000000000000 ) ;
#5064 = ORIENTED_EDGE ( 'NONE', *, *, #2327, .T. ) ;
#5065 = AXIS2_PLACEMENT_3D ( 'NONE', #2443, #5761, #5884 ) ;
#5066 = LINE ( 'NONE', #1681, #834 ) ;
#5067 =( NAMED_UNIT ( * ) SI_UNIT ( $, .STERADIAN. ) SOLID_ANGLE_UNIT ( ) );
#5068 = CARTESIAN_POINT ( 'NONE',  ( -2.500000000000000000, 0.04999999999999969746, 1.625000000000001110 ) ) ;
#5069 = DIRECTION ( 'NONE',  ( 0.000000000000000000, -1.000000000000000000, 0.000000000000000000 ) ) ;
#5070 = LINE ( 'NONE', #1745, #8476 ) ;
#5071 = CARTESIAN_POINT ( 'NONE',  ( 2.499999999999956923, 0.2000000000000000111, -1.625000000000001332 ) ) ;
#5072 = FACE_OUTER_BOUND ( 'NONE', #3562, .T. ) ;
#5073 = EDGE_LOOP ( 'NONE', ( #10563, #10756, #463, #9956 ) ) ;
#5074 = AXIS2_PLACEMENT_3D ( 'NONE', #3216, #2596, #4104 ) ;
#5075 = ORIENTED_EDGE ( 'NONE', *, *, #7972, .F. ) ;
#5077 = ORIENTED_EDGE ( 'NONE', *, *, #6574, .T. ) ;
#5076 =( NAMED_UNIT ( * ) PLANE_ANGLE_UNIT ( ) SI_UNIT ( $, .RADIAN. ) );
#5078 = ORIENTED_EDGE ( 'NONE', *, *, #10347, .F. ) ;
#5079 = VECTOR ( 'NONE', #10564, 1000.000000000000000 ) ;
#5080 =( LENGTH_UNIT ( ) NAMED_UNIT ( * ) SI_UNIT ( .MILLI., .METRE. ) );
#5081 = FACE_OUTER_BOUND ( 'NONE', #4194, .T. ) ;
#5082 = MECHANICAL_DESIGN_GEOMETRIC_PRESENTATION_REPRESENTATION (  '', ( #9353 ), #291 ) ;
#5083 = VERTEX_POINT ( 'NONE', #10083 ) ;
#5084 = CARTESIAN_POINT ( 'NONE',  ( -2.499999999999956923, 0.2000000000000000111, 1.625000000000003109 ) ) ;
#5086 = DIRECTION ( 'NONE',  ( 0.000000000000000000, -0.000000000000000000, 1.000000000000000000 ) ) ;
#5085 = CARTESIAN_POINT ( 'NONE',  ( -2.499999999999975131, 0.2000000000000000111, -0.1249999999999968636 ) ) ;
#5087 = ORIENTED_EDGE ( 'NONE', *, *, #287, .F. ) ;
#5088 = ORIENTED_EDGE ( 'NONE', *, *, #2131, .F. ) ;
#5089 = AXIS2_PLACEMENT_3D ( 'NONE', #6017, #10236, #4510 ) ;
#5090 = VECTOR ( 'NONE', #2501, 1000.000000000000000 ) ;
#5091 = VERTEX_POINT ( 'NONE', #1475 ) ;
#5092 = CARTESIAN_POINT ( 'NONE',  ( -2.499999999999988454, 0.2000000000000000111, -1.374999999999996891 ) ) ;
#5093 = CARTESIAN_POINT ( 'NONE',  ( 1.625000000000001110, 0.2000000000000000111, 2.100000000000000533 ) ) ;
#5094 = CARTESIAN_POINT ( 'NONE',  ( 0.6250000000000025535, 0.2000000000000000111, 2.499999999999968470 ) ) ;
#5095 = DIRECTION ( 'NONE',  ( 0.000000000000000000, 1.000000000000000000, -0.000000000000000000 ) ) ;
#5096 = VERTEX_POINT ( 'NONE', #10858 ) ;
#5098 = DIRECTION ( 'NONE',  ( 0.000000000000000000, -0.000000000000000000, 1.000000000000000000 ) ) ;
#5097 = CARTESIAN_POINT ( 'NONE',  ( 1.675000000000000044, 0.2000000000000000111, 1.524999999999997691 ) ) ;
#5099 = VECTOR ( 'NONE', #1228, 1000.000000000000000 ) ;
#5100 = DIRECTION ( 'NONE',  ( 1.000000000000000000, 0.000000000000000000, 2.949029909160572061E-14 ) ) ;
#5101 = AXIS2_PLACEMENT_3D ( 'NONE', #6751, #5121, #9183 ) ;
#5102 = LINE ( 'NONE', #7615, #3111 ) ;
#5103 = VECTOR ( 'NONE', #10640, 1000.000000000000000 ) ;
#5104 = EDGE_CURVE ( 'NONE', #4066, #6011, #4858, .T. ) ;
#5105 = VECTOR ( 'NONE', #9027, 1000.000000000000000 ) ;
#5106 = ORIENTED_EDGE ( 'NONE', *, *, #8119, .T. ) ;
#5107 = LINE ( 'NONE', #7550, #5470 ) ;
#5108 = ADVANCED_FACE ( 'NONE', ( #4134 ), #7473, .F. ) ;
#5109 = EDGE_CURVE ( 'NONE', #7072, #1597, #8251, .T. ) ;
#5110 = EDGE_CURVE ( 'NONE', #2099, #6139, #9921, .T. ) ;
#5111 = VECTOR ( 'NONE', #9155, 1000.000000000000000 ) ;
#5112 = PLANE ( 'NONE',  #9260 ) ;
#5113 = ORIENTED_EDGE ( 'NONE', *, *, #8866, .F. ) ;
#5114 = ORIENTED_EDGE ( 'NONE', *, *, #4770, .T. ) ;
#5115 = ORIENTED_EDGE ( 'NONE', *, *, #8866, .T. ) ;
#5116 = LINE ( 'NONE', #6235, #4769 ) ;
#5117 = AXIS2_PLACEMENT_3D ( 'NONE', #6074, #4301, #2733 ) ;
#5118 = VECTOR ( 'NONE', #2925, 1000.000000000000000 ) ;
#5119 = LINE ( 'NONE', #9240, #9581 ) ;
#5120 = ADVANCED_FACE ( 'NONE', ( #10967 ), #4968, .T. ) ;
#5121 = DIRECTION ( 'NONE',  ( -0.000000000000000000, 1.000000000000000000, 0.000000000000000000 ) ) ;
#5122 = EDGE_CURVE ( 'NONE', #4224, #6220, #752, .T. ) ;
#5123 = DIRECTION ( 'NONE',  ( -1.000000000000000000, 0.000000000000000000, 9.757819552369538328E-15 ) ) ;
#5124 = ORIENTED_EDGE ( 'NONE', *, *, #2122, .T. ) ;
#5125 = ADVANCED_FACE ( 'NONE', ( #10293 ), #1837, .F. ) ;
#5126 = CIRCLE ( 'NONE', #7080, 0.2500000000000000000 ) ;
#5127 = EDGE_CURVE ( 'NONE', #105, #2527, #7842, .T. ) ;
#5128 = VECTOR ( 'NONE', #3636, 1000.000000000000000 ) ;
#5129 = AXIS2_PLACEMENT_3D ( 'NONE', #3205, #760, #4142 ) ;
#5130 = VERTEX_POINT ( 'NONE', #4457 ) ;
#5131 = CARTESIAN_POINT ( 'NONE',  ( 0.6249999999999978906, 0.04999999999999999584, -2.499999999999989786 ) ) ;
#5132 = CARTESIAN_POINT ( 'NONE',  ( -0.3749999999999982792, 0.2000000000000000111, -2.099999999999979217 ) ) ;
#5133 = DIRECTION ( 'NONE',  ( 1.000000000000000000, 0.000000000000000000, -1.084202172485504276E-14 ) ) ;
#5134 = CARTESIAN_POINT ( 'NONE',  ( -1.625000000000002220, 0.000000000000000000, -2.499999999999956035 ) ) ;
#5135 = ADVANCED_FACE ( 'NONE', ( #4398 ), #10507, .F. ) ;
#5136 = DIRECTION ( 'NONE',  ( 3.794707603699675727E-15, -0.000000000000000000, 1.000000000000000000 ) ) ;
#5137 = DIRECTION ( 'NONE',  ( -9.757819552369538328E-15, 0.000000000000000000, -1.000000000000000000 ) ) ;
#5138 = EDGE_CURVE ( 'NONE', #8150, #1287, #4503, .T. ) ;
#5139 =( GEOMETRIC_REPRESENTATION_CONTEXT ( 3 ) GLOBAL_UNCERTAINTY_ASSIGNED_CONTEXT ( ( #9699 ) ) GLOBAL_UNIT_ASSIGNED_CONTEXT ( ( #618, #7186, #10623 ) ) REPRESENTATION_CONTEXT ( 'NONE', 'WORKASPACE' ) );
#5140 = EDGE_LOOP ( 'NONE', ( #8454, #7654, #7848, #8849 ) ) ;
#5142 = ORIENTED_EDGE ( 'NONE', *, *, #8919, .T. ) ;
#5141 = DIRECTION ( 'NONE',  ( 0.000000000000000000, -1.000000000000000000, 0.000000000000000000 ) ) ;
#5143 = ORIENTED_EDGE ( 'NONE', *, *, #3167, .F. ) ;
#5144 = VECTOR ( 'NONE', #7063, 1000.000000000000000 ) ;
#5145 = CARTESIAN_POINT ( 'NONE',  ( 2.165000000000000036, 0.2000000000000000111, -1.874999999999998002 ) ) ;
#5146 = LINE ( 'NONE', #3374, #2092 ) ;
#5147 = VECTOR ( 'NONE', #222, 1000.000000000000000 ) ;
#5148 = EDGE_LOOP ( 'NONE', ( #5365, #7027, #170, #8352 ) ) ;
#5149 = PLANE ( 'NONE',  #7437 ) ;
#5151 = DIRECTION ( 'NONE',  ( -0.000000000000000000, -1.000000000000000000, -0.000000000000000000 ) ) ;
#5150 = DIRECTION ( 'NONE',  ( -7.477256361968998944E-17, 0.000000000000000000, -1.000000000000000000 ) ) ;
#5152 = ORIENTED_EDGE ( 'NONE', *, *, #910, .F. ) ;
#5153 = VERTEX_POINT ( 'NONE', #275 ) ;
#5154 = DIRECTION ( 'NONE',  ( 1.040834085586084257E-14, 0.000000000000000000, 1.000000000000000000 ) ) ;
#5155 = VERTEX_POINT ( 'NONE', #6349 ) ;
#5156 = CARTESIAN_POINT ( 'NONE',  ( 1.125000000000001554, 0.2000000000000000111, -2.099999999999994760 ) ) ;
#5157 = CARTESIAN_POINT ( 'NONE',  ( 2.499999999999967581, 0.2000000000000000111, -0.6250000000000015543 ) ) ;
#5158 = DIRECTION ( 'NONE',  ( -0.000000000000000000, -1.000000000000000000, -0.000000000000000000 ) ) ;
#5159 = CARTESIAN_POINT ( 'NONE',  ( 2.100000000000010747, 0.2000000000000000111, -0.6249999999999998890 ) ) ;
#5160 = VECTOR ( 'NONE', #2046, 1000.000000000000000 ) ;
#5161 = VERTEX_POINT ( 'NONE', #9620 ) ;
#5163 = FACE_OUTER_BOUND ( 'NONE', #636, .T. ) ;
#5162 = CARTESIAN_POINT ( 'NONE',  ( -0.1250000000000022204, 0.2000000000000000111, -2.499999999999972022 ) ) ;
#5164 = DIRECTION ( 'NONE',  ( -0.000000000000000000, 1.000000000000000000, 0.000000000000000000 ) ) ;
#5165 = DIRECTION ( 'NONE',  ( -0.000000000000000000, -1.000000000000000000, -0.000000000000000000 ) ) ;
#5166 = ORIENTED_EDGE ( 'NONE', *, *, #8523, .F. ) ;
#5167 = CARTESIAN_POINT ( 'NONE',  ( 1.524999999999999023, 0.2000000000000000111, -1.675000000000001377 ) ) ;
#5168 = EDGE_CURVE ( 'NONE', #4059, #10366, #7181, .T. ) ;
#5169 = DIRECTION ( 'NONE',  ( -0.000000000000000000, 1.000000000000000000, 0.000000000000000000 ) ) ;
#5170 = VECTOR ( 'NONE', #8944, 1000.000000000000000 ) ;
#5171 = ORIENTED_EDGE ( 'NONE', *, *, #3479, .F. ) ;
#5172 = ORIENTED_EDGE ( 'NONE', *, *, #920, .T. ) ;
#5173 = ORIENTED_EDGE ( 'NONE', *, *, #2122, .F. ) ;
#5174 = CARTESIAN_POINT ( 'NONE',  ( 2.499999999999980016, 0.2000000000000000111, -0.3750000000000014988 ) ) ;
#5175 = LINE ( 'NONE', #3344, #497 ) ;
#5176 = CARTESIAN_POINT ( 'NONE',  ( 0.000000000000000000, 0.2000000000000000111, 0.000000000000000000 ) ) ;
#5177 = EDGE_CURVE ( 'NONE', #2374, #3939, #2110, .T. ) ;
#5178 = ORIENTED_EDGE ( 'NONE', *, *, #2007, .F. ) ;
#5179 = VERTEX_POINT ( 'NONE', #8750 ) ;
#5180 = LINE ( 'NONE', #1013, #6132 ) ;
#5181 = EDGE_CURVE ( 'NONE', #2614, #2504, #2783, .T. ) ;
#5182 = DIRECTION ( 'NONE',  ( -9.611305745276845088E-14, 0.000000000000000000, 1.000000000000000000 ) ) ;
#5183 = CARTESIAN_POINT ( 'NONE',  ( 2.499999999999962252, 0.2000000000000000111, -1.125000000000001332 ) ) ;
#5184 = LINE ( 'NONE', #7519, #10413 ) ;
#5185 = DIRECTION ( 'NONE',  ( -1.000000000000000000, 0.000000000000000000, 1.029992063861229055E-14 ) ) ;
#5186 = EDGE_CURVE ( 'NONE', #5031, #8063, #5389, .T. ) ;
#5187 = LINE ( 'NONE', #6975, #3526 ) ;
#5188 = ADVANCED_FACE ( 'NONE', ( #6176 ), #10389, .T. ) ;
#5189 = ADVANCED_FACE ( 'NONE', ( #226 ), #3614, .F. ) ;
#5190 = EDGE_CURVE ( 'NONE', #1702, #10704, #1896, .T. ) ;
#5192 = ORIENTED_EDGE ( 'NONE', *, *, #8943, .F. ) ;
#5191 = SURFACE_SIDE_STYLE ('',( #9519 ) ) ;
#5193 = EDGE_CURVE ( 'NONE', #312, #7814, #6109, .T. ) ;
#5194 = CARTESIAN_POINT ( 'NONE',  ( 0.3750000000000024980, 0.2000000000000000111, 2.499999999999980904 ) ) ;
#5195 = FACE_OUTER_BOUND ( 'NONE', #5765, .T. ) ;
#5196 = VERTEX_POINT ( 'NONE', #8625 ) ;
#5197 = CARTESIAN_POINT ( 'NONE',  ( 0.000000000000000000, 0.05000000000000000278, -2.100000000000000089 ) ) ;
#5199 = PLANE ( 'NONE',  #7540 ) ;
#5198 = DIRECTION ( 'NONE',  ( 1.214306433183765124E-14, 0.000000000000000000, 1.000000000000000000 ) ) ;
#5200 = VERTEX_POINT ( 'NONE', #10557 ) ;
#5201 = ORIENTED_EDGE ( 'NONE', *, *, #8808, .T. ) ;
#5202 = FILL_AREA_STYLE_COLOUR ( '', #2490 ) ;
#5203 = ORIENTED_EDGE ( 'NONE', *, *, #6025, .T. ) ;
#5204 = CARTESIAN_POINT ( 'NONE',  ( 0.000000000000000000, 0.2000000000000000111, 0.000000000000000000 ) ) ;
#5205 = LINE ( 'NONE', #984, #7023 ) ;
#5206 =( NAMED_UNIT ( * ) SI_UNIT ( $, .STERADIAN. ) SOLID_ANGLE_UNIT ( ) );
#5207 = CARTESIAN_POINT ( 'NONE',  ( 2.499999999999967581, 0.000000000000000000, -0.6250000000000015543 ) ) ;
#5208 = ORIENTED_EDGE ( 'NONE', *, *, #3356, .T. ) ;
#5210 = LINE ( 'NONE', #2600, #3856 ) ;
#5209 = DIRECTION ( 'NONE',  ( 0.000000000000000000, 1.000000000000000000, -0.000000000000000000 ) ) ;
#5211 = DIRECTION ( 'NONE',  ( 0.000000000000000000, -0.000000000000000000, 1.000000000000000000 ) ) ;
#5212 = PLANE ( 'NONE',  #2418 ) ;
#5213 = ORIENTED_EDGE ( 'NONE', *, *, #7559, .F. ) ;
#5214 = CARTESIAN_POINT ( 'NONE',  ( 0.3750000000000024980, 0.2000000000000000111, 2.499999999999980904 ) ) ;
#5215 = FACE_OUTER_BOUND ( 'NONE', #3672, .T. ) ;
#5216 = ORIENTED_EDGE ( 'NONE', *, *, #8943, .T. ) ;
#5217 = ORIENTED_EDGE ( 'NONE', *, *, #2036, .T. ) ;
#5218 = ORIENTED_EDGE ( 'NONE', *, *, #7488, .T. ) ;
#5219 = CARTESIAN_POINT ( 'NONE',  ( 0.000000000000000000, 0.2000000000000000111, 0.000000000000000000 ) ) ;
#5220 = LINE ( 'NONE', #9618, #9196 ) ;
#5221 = CARTESIAN_POINT ( 'NONE',  ( -2.000000000000000000, 1.000000000000000000, -2.250000000000000444 ) ) ;
#5222 = CARTESIAN_POINT ( 'NONE',  ( 0.8750000000000025535, 0.2000000000000000111, 2.499999999999975575 ) ) ;
#5223 = ORIENTED_EDGE ( 'NONE', *, *, #3915, .T. ) ;
#5224 = VECTOR ( 'NONE', #2830, 1000.000000000000000 ) ;
#5225 = ORIENTED_EDGE ( 'NONE', *, *, #3427, .F. ) ;
#5226 = CARTESIAN_POINT ( 'NONE',  ( 2.499999999999956923, 0.000000000000000000, -1.625000000000001332 ) ) ;
#5227 = SURFACE_STYLE_FILL_AREA ( #2684 ) ;
#5228 = LINE ( 'NONE', #4406, #4918 ) ;
#5229 = CARTESIAN_POINT ( 'NONE',  ( 1.219727444046166298E-14, 0.05000000000000000278, 1.124999999999976019 ) ) ;
#5230 = VECTOR ( 'NONE', #3389, 1000.000000000000000 ) ;
#5231 = CARTESIAN_POINT ( 'NONE',  ( -1.874999999999997558, 0.2000000000000000111, 2.499999999999994671 ) ) ;
#5232 = LINE ( 'NONE', #8636, #10968 ) ;
#5233 = DIRECTION ( 'NONE',  ( -0.000000000000000000, 1.000000000000000000, 0.000000000000000000 ) ) ;
#5234 = EDGE_CURVE ( 'NONE', #8083, #9427, #2939, .T. ) ;
#5235 = VECTOR ( 'NONE', #414, 1000.000000000000000 ) ;
#5237 = ORIENTED_EDGE ( 'NONE', *, *, #3373, .F. ) ;
#5236 = CARTESIAN_POINT ( 'NONE',  ( -1.874999999999999556, 0.2000000000000000111, 2.165000000000001812 ) ) ;
#5238 = ADVANCED_FACE ( 'NONE', ( #7071 ), #7010, .T. ) ;
#5239 = CARTESIAN_POINT ( 'NONE',  ( -2.164999999999975167, 0.000000000000000000, -1.875000000000000222 ) ) ;
#5240 = PLANE ( 'NONE',  #4407 ) ;
#5241 = ORIENTED_EDGE ( 'NONE', *, *, #10536, .T. ) ;
#5242 = CARTESIAN_POINT ( 'NONE',  ( 2.165000000000000924, 0.2000000000000000111, 1.875000000000000666 ) ) ;
#5243 = EDGE_CURVE ( 'NONE', #5777, #1337, #6963, .T. ) ;
#5244 = AXIS2_PLACEMENT_3D ( 'NONE', #7498, #7545, #10881 ) ;
#5246 = CARTESIAN_POINT ( 'NONE',  ( -1.524999999999999023, 0.04999999999999999584, 1.674999999999999156 ) ) ;
#5245 = CARTESIAN_POINT ( 'NONE',  ( 2.499999999999956923, 0.2000000000000000111, -1.625000000000001332 ) ) ;
#5247 = ADVANCED_FACE ( 'NONE', ( #339 ), #10454, .F. ) ;
#5248 = VERTEX_POINT ( 'NONE', #7131 ) ;
#5249 = EDGE_CURVE ( 'NONE', #8350, #3087, #9662, .T. ) ;
#5250 = ORIENTED_EDGE ( 'NONE', *, *, #5870, .F. ) ;
#5251 = EDGE_CURVE ( 'NONE', #2, #1566, #8112, .T. ) ;
#5253 = EDGE_LOOP ( 'NONE', ( #1724, #1531, #10152, #9862 ) ) ;
#5252 = PRESENTATION_STYLE_ASSIGNMENT (( #1868 ) ) ;
#5254 = VERTEX_POINT ( 'NONE', #1500 ) ;
#5255 = VECTOR ( 'NONE', #6311, 1000.000000000000000 ) ;
#5256 = CARTESIAN_POINT ( 'NONE',  ( 1.125000000000001554, 0.04999999999999999584, -2.099999999999994760 ) ) ;
#5257 = CARTESIAN_POINT ( 'NONE',  ( -0.1250000000000022204, 0.2000000000000000111, -2.499999999999972022 ) ) ;
#5258 = LINE ( 'NONE', #5370, #1175 ) ;
#5259 = LINE ( 'NONE', #5159, #3878 ) ;
#5260 = ORIENTED_EDGE ( 'NONE', *, *, #179, .F. ) ;
#5262 = LINE ( 'NONE', #3546, #666 ) ;
#5261 = CARTESIAN_POINT ( 'NONE',  ( 0.000000000000000000, 0.2000000000000000111, 0.000000000000000000 ) ) ;
#5263 = CARTESIAN_POINT ( 'NONE',  ( 2.499999999999956923, 0.000000000000000000, -1.625000000000001332 ) ) ;
#5264 = AXIS2_PLACEMENT_3D ( 'NONE', #5093, #10321, #43 ) ;
#5265 = DIRECTION ( 'NONE',  ( 1.439820485060763520E-13, -0.000000000000000000, 1.000000000000000000 ) ) ;
#5266 = VECTOR ( 'NONE', #9048, 1000.000000000000000 ) ;
#5267 = ADVANCED_FACE ( 'NONE', ( #1283 ), #505, .F. ) ;
#5268 = EDGE_LOOP ( 'NONE', ( #4823, #8084, #3007, #2969 ) ) ;
#5269 = DIRECTION ( 'NONE',  ( 9.757819552369536751E-15, 0.000000000000000000, 1.000000000000000000 ) ) ;
#5270 = DIRECTION ( 'NONE',  ( -1.000000000000000000, 0.000000000000000000, -2.949029909160572061E-14 ) ) ;
#5271 = VECTOR ( 'NONE', #4067, 1000.000000000000000 ) ;
#5272 = ORIENTED_EDGE ( 'NONE', *, *, #4582, .T. ) ;
#5273 = VERTEX_POINT ( 'NONE', #4670 ) ;
#5274 = EDGE_LOOP ( 'NONE', ( #6243, #1877, #3573, #2649 ) ) ;
#5275 =( GEOMETRIC_REPRESENTATION_CONTEXT ( 3 ) GLOBAL_UNCERTAINTY_ASSIGNED_CONTEXT ( ( #9160 ) ) GLOBAL_UNIT_ASSIGNED_CONTEXT ( ( #16, #912, #3778 ) ) REPRESENTATION_CONTEXT ( 'NONE', 'WORKASPACE' ) );
#5276 = CARTESIAN_POINT ( 'NONE',  ( 2.099999999999984990, 0.2000000000000000111, 0.1250000000000024702 ) ) ;
#5277 = AXIS2_PLACEMENT_3D ( 'NONE', #6857, #749, #1686 ) ;
#5278 = ORIENTED_EDGE ( 'NONE', *, *, #4995, .F. ) ;
#5279 = LINE ( 'NONE', #10502, #1424 ) ;
#5280 = CARTESIAN_POINT ( 'NONE',  ( -1.874999999999999556, 0.2000000000000000111, 2.165000000000001812 ) ) ;
#5281 = VECTOR ( 'NONE', #3457, 1000.000000000000000 ) ;
#5282 = DIRECTION ( 'NONE',  ( 0.000000000000000000, 1.000000000000000000, -0.000000000000000000 ) ) ;
#5283 = CIRCLE ( 'NONE', #8124, 0.2500000000000000000 ) ;
#5284 = DIRECTION ( 'NONE',  ( 1.000000000000000000, 0.000000000000000000, -1.439820485060763520E-13 ) ) ;
#5285 = ORIENTED_EDGE ( 'NONE', *, *, #8919, .F. ) ;
#5286 = AXIS2_PLACEMENT_3D ( 'NONE', #6589, #8065, #7241 ) ;
#5287 = VECTOR ( 'NONE', #7286, 1000.000000000000000 ) ;
#5288 = ORIENTED_EDGE ( 'NONE', *, *, #6304, .F. ) ;
#5289 = DIRECTION ( 'NONE',  ( 1.040834085586083468E-14, 0.000000000000000000, 1.000000000000000000 ) ) ;
#5290 = DIRECTION ( 'NONE',  ( 0.000000000000000000, -1.000000000000000000, 0.000000000000000000 ) ) ;
#5291 = VECTOR ( 'NONE', #377, 1000.000000000000000 ) ;
#5292 = DIRECTION ( 'NONE',  ( -1.000000000000000000, 0.000000000000000000, 0.000000000000000000 ) ) ;
#5293 = CARTESIAN_POINT ( 'NONE',  ( 2.499999999999983125, 0.2000000000000000111, 0.8749999999999984457 ) ) ;
#5294 = CARTESIAN_POINT ( 'NONE',  ( 3.060052211622872640E-13, 0.05000000000000000278, 2.099999999999832667 ) ) ;
#5295 = VECTOR ( 'NONE', #10698, 1000.000000000000000 ) ;
#5296 = AXIS2_PLACEMENT_3D ( 'NONE', #7824, #2878, #209 ) ;
#5297 = AXIS2_PLACEMENT_3D ( 'NONE', #10605, #8054, #446 ) ;
#5299 = ORIENTED_EDGE ( 'NONE', *, *, #3346, .T. ) ;
#5298 = DIRECTION ( 'NONE',  ( 0.000000000000000000, -1.000000000000000000, 0.000000000000000000 ) ) ;
#5300 = VECTOR ( 'NONE', #9428, 1000.000000000000000 ) ;
#5301 = FACE_OUTER_BOUND ( 'NONE', #2089, .T. ) ;
#5302 = DIRECTION ( 'NONE',  ( -1.000000000000000000, 0.000000000000000000, 1.029992063861229055E-14 ) ) ;
#5303 = ORIENTED_EDGE ( 'NONE', *, *, #9419, .F. ) ;
#5304 = CARTESIAN_POINT ( 'NONE',  ( -0.1249999999999974881, 0.2000000000000000111, 2.499999999999986233 ) ) ;
#5306 = DIRECTION ( 'NONE',  ( 5.825563911862536124E-15, 0.000000000000000000, 1.000000000000000000 ) ) ;
#5305 = FACE_OUTER_BOUND ( 'NONE', #10299, .T. ) ;
#5307 = MECHANICAL_DESIGN_GEOMETRIC_PRESENTATION_REPRESENTATION (  '', ( #8154 ), #3181 ) ;
#5308 = ORIENTED_EDGE ( 'NONE', *, *, #4295, .T. ) ;
#5309 = VERTEX_POINT ( 'NONE', #10777 ) ;
#5311 = ORIENTED_EDGE ( 'NONE', *, *, #8119, .F. ) ;
#5310 = DIRECTION ( 'NONE',  ( -0.000000000000000000, -1.000000000000000000, -0.000000000000000000 ) ) ;
#5312 = EDGE_CURVE ( 'NONE', #1273, #2667, #1332, .T. ) ;
#5313 = ORIENTED_EDGE ( 'NONE', *, *, #2930, .F. ) ;
#5314 = MECHANICAL_DESIGN_GEOMETRIC_PRESENTATION_REPRESENTATION (  '', ( #9056 ), #4959 ) ;
#5315 = PLANE ( 'NONE',  #10317 ) ;
#5316 = CARTESIAN_POINT ( 'NONE',  ( 2.499999999999977796, 0.2000000000000000111, 0.3749999999999985012 ) ) ;
#5317 = CARTESIAN_POINT ( 'NONE',  ( 0.000000000000000000, 0.000000000000000000, 0.000000000000000000 ) ) ;
#5318 = DIRECTION ( 'NONE',  ( 0.000000000000000000, -1.000000000000000000, 0.000000000000000000 ) ) ;
#5319 = EDGE_LOOP ( 'NONE', ( #1962, #3083, #9724, #7317 ) ) ;
#5320 = ADVANCED_FACE ( 'NONE', ( #3895 ), #4881, .F. ) ;
#5321 = EDGE_CURVE ( 'NONE', #5153, #4222, #2166, .T. ) ;
#5323 = DIRECTION ( 'NONE',  ( 0.7071067811865451302, 0.000000000000000000, -0.7071067811865500152 ) ) ;
#5322 = DIRECTION ( 'NONE',  ( 9.757819552369538328E-15, -0.000000000000000000, 1.000000000000000000 ) ) ;
#5324 = CARTESIAN_POINT ( 'NONE',  ( 1.416239087809166817E-14, 0.05000000000000000278, 1.374999999999977351 ) ) ;
#5325 = FACE_OUTER_BOUND ( 'NONE', #7881, .T. ) ;
#5326 = COLOUR_RGB ( '',0.7921568627450980005, 0.8196078431372548767, 0.9333333333333333481 ) ;
#5327 = ORIENTED_EDGE ( 'NONE', *, *, #8259, .T. ) ;
#5328 = CARTESIAN_POINT ( 'NONE',  ( 2.100000000000000533, 0.2000000000000000111, 1.625000000000002442 ) ) ;
#5329 = EDGE_CURVE ( 'NONE', #5811, #6661, #3225, .T. ) ;
#5330 = LINE ( 'NONE', #1219, #9606 ) ;
#5331 = AXIS2_PLACEMENT_3D ( 'NONE', #4611, #7124, #10500 ) ;
#5332 = EDGE_CURVE ( 'NONE', #7452, #453, #5552, .T. ) ;
#5333 = ORIENTED_EDGE ( 'NONE', *, *, #8392, .T. ) ;
#5334 = ORIENTED_EDGE ( 'NONE', *, *, #7786, .F. ) ;
#5335 = ORIENTED_EDGE ( 'NONE', *, *, #6068, .F. ) ;
#5336 = CARTESIAN_POINT ( 'NONE',  ( 2.100000000000000089, 0.04999999999999999584, -1.809999999999998055 ) ) ;
#5337 = PRESENTATION_LAYER_ASSIGNMENT (  '', '', ( #1621 ) ) ;
#5338 = ORIENTED_EDGE ( 'NONE', *, *, #3903, .F. ) ;
#5339 = ADVANCED_FACE ( 'NONE', ( #9776 ), #9069, .T. ) ;
#5340 = SURFACE_STYLE_FILL_AREA ( #10451 ) ;
#5341 = DIRECTION ( 'NONE',  ( 1.040834085586083468E-14, 0.000000000000000000, 1.000000000000000000 ) ) ;
#5342 = DIRECTION ( 'NONE',  ( -0.7071067811865499042, -0.000000000000000000, -0.7071067811865451302 ) ) ;
#5343 = CARTESIAN_POINT ( 'NONE',  ( -1.625000000000000888, 0.2000000000000000111, -2.099999999999999645 ) ) ;
#5344 = ORIENTED_EDGE ( 'NONE', *, *, #7166, .F. ) ;
#5345 = EDGE_CURVE ( 'NONE', #6949, #3204, #3831, .T. ) ;
#5346 = ORIENTED_EDGE ( 'NONE', *, *, #1066, .F. ) ;
#5347 = AXIS2_PLACEMENT_3D ( 'NONE', #5705, #3212, #6616 ) ;
#5348 = ORIENTED_EDGE ( 'NONE', *, *, #3066, .T. ) ;
#5349 = VERTEX_POINT ( 'NONE', #10671 ) ;
#5350 = PLANE ( 'NONE',  #1528 ) ;
#5351 = CARTESIAN_POINT ( 'NONE',  ( -2.000000000000000000, 0.9499999999999999556, -2.000000000000000000 ) ) ;
#5352 = CARTESIAN_POINT ( 'NONE',  ( -3.757321321889422885E-16, 0.05000000000000000278, -1.675000000000000933 ) ) ;
#5353 = CARTESIAN_POINT ( 'NONE',  ( -2.099999999999990763, 0.2000000000000000111, -1.625000000000001110 ) ) ;
#5354 = LINE ( 'NONE', #8760, #7416 ) ;
#5356 = ORIENTED_EDGE ( 'NONE', *, *, #2605, .F. ) ;
#5355 = CARTESIAN_POINT ( 'NONE',  ( -0.1250000000000006939, 0.2000000000000000111, -2.100000000000015188 ) ) ;
#5357 = DIRECTION ( 'NONE',  ( -1.000000000000000000, 0.000000000000000000, 4.065758146821081023E-15 ) ) ;
#5358 = FACE_OUTER_BOUND ( 'NONE', #8766, .T. ) ;
#5359 = CARTESIAN_POINT ( 'NONE',  ( 1.374999999999997780, 0.2000000000000000111, -2.499999999999987566 ) ) ;
#5360 = ORIENTED_EDGE ( 'NONE', *, *, #5345, .T. ) ;
#5361 = CARTESIAN_POINT ( 'NONE',  ( -1.809999999999999609, 0.2000000000000000111, 2.100000000000001865 ) ) ;
#5363 = CARTESIAN_POINT ( 'NONE',  ( 2.499999999999972911, 0.2000000000000000111, -0.1250000000000014988 ) ) ;
#5362 = LINE ( 'NONE', #2700, #10616 ) ;
#5364 = EDGE_LOOP ( 'NONE', ( #7338, #9447, #10685, #10162 ) ) ;
#5365 = ORIENTED_EDGE ( 'NONE', *, *, #2203, .T. ) ;
#5366 = ORIENTED_EDGE ( 'NONE', *, *, #6423, .T. ) ;
#5367 = ORIENTED_EDGE ( 'NONE', *, *, #7500, .F. ) ;
#5368 = DIRECTION ( 'NONE',  ( 0.000000000000000000, 1.000000000000000000, -0.000000000000000000 ) ) ;
#5369 = DIRECTION ( 'NONE',  ( 0.000000000000000000, 0.000000000000000000, -1.000000000000000000 ) ) ;
#5370 = CARTESIAN_POINT ( 'NONE',  ( 2.099999999999833555, 0.05000000000000000278, -3.023623018627363225E-13 ) ) ;
#5371 = LINE ( 'NONE', #10589, #7608 ) ;
#5372 = ORIENTED_EDGE ( 'NONE', *, *, #3509, .F. ) ;
#5374 = DIRECTION ( 'NONE',  ( -1.000000000000000000, 0.000000000000000000, 4.065758146821081023E-15 ) ) ;
#5373 = DIRECTION ( 'NONE',  ( -0.000000000000000000, -1.000000000000000000, -0.000000000000000000 ) ) ;
#5375 = ADVANCED_FACE ( 'NONE', ( #7228 ), #3170, .T. ) ;
#5376 = CARTESIAN_POINT ( 'NONE',  ( -2.099999999999977884, 0.2000000000000000111, -0.3750000000000012212 ) ) ;
#5377 = DIRECTION ( 'NONE',  ( 0.000000000000000000, 1.000000000000000000, -0.000000000000000000 ) ) ;
#5378 = EDGE_CURVE ( 'NONE', #7191, #268, #6464, .T. ) ;
#5379 = FACE_OUTER_BOUND ( 'NONE', #6531, .T. ) ;
#5380 = CARTESIAN_POINT ( 'NONE',  ( 0.6250000000000017764, 0.000000000000000000, -2.099999999999989431 ) ) ;
#5381 = ORIENTED_EDGE ( 'NONE', *, *, #7496, .F. ) ;
#5382 = ORIENTED_EDGE ( 'NONE', *, *, #3302, .T. ) ;
#5383 = DIRECTION ( 'NONE',  ( 0.000000000000000000, 1.000000000000000000, 0.000000000000000000 ) ) ;
#5384 = ORIENTED_EDGE ( 'NONE', *, *, #6564, .T. ) ;
#5385 = PRESENTATION_STYLE_ASSIGNMENT (( #9566 ) ) ;
#5386 = EDGE_CURVE ( 'NONE', #6777, #8929, #5603, .T. ) ;
#5387 = DIRECTION ( 'NONE',  ( 0.000000000000000000, 1.000000000000000000, 0.000000000000000000 ) ) ;
#5388 = CARTESIAN_POINT ( 'NONE',  ( 1.874999999999999112, 0.2000000000000000111, 2.165000000000000480 ) ) ;
#5389 = LINE ( 'NONE', #8011, #3105 ) ;
#5390 = EDGE_CURVE ( 'NONE', #6873, #7336, #5714, .T. ) ;
#5391 = EDGE_LOOP ( 'NONE', ( #4118, #6696, #6459, #3256, #7272 ) ) ;
#5392 = ADVANCED_FACE ( 'NONE', ( #9011 ), #1395, .F. ) ;
#5393 = ORIENTED_EDGE ( 'NONE', *, *, #7230, .F. ) ;
#5394 = EDGE_CURVE ( 'NONE', #4960, #1705, #8173, .T. ) ;
#5395 = EDGE_CURVE ( 'NONE', #9427, #219, #3950, .T. ) ;
#5396 = ORIENTED_EDGE ( 'NONE', *, *, #8331, .T. ) ;
#5397 = ORIENTED_EDGE ( 'NONE', *, *, #6297, .F. ) ;
#5398 = DIRECTION ( 'NONE',  ( 1.000000000000000000, -0.000000000000000000, -1.439820485060763520E-13 ) ) ;
#5399 = LINE ( 'NONE', #8802, #6566 ) ;
#5400 = CARTESIAN_POINT ( 'NONE',  ( 1.585645677260072323E-14, 0.05000000000000000278, 1.625000000000023093 ) ) ;
#5401 = CARTESIAN_POINT ( 'NONE',  ( -1.490777987167594471E-14, 0.05000000000000000278, -1.375000000000023981 ) ) ;
#5402 = DIRECTION ( 'NONE',  ( 0.000000000000000000, -1.000000000000000000, 0.000000000000000000 ) ) ;
#5403 = ADVANCED_FACE ( 'NONE', ( #10166 ), #2387, .F. ) ;
#5405 = ORIENTED_EDGE ( 'NONE', *, *, #3781, .T. ) ;
#5404 = DIRECTION ( 'NONE',  ( 0.000000000000000000, -1.000000000000000000, 0.000000000000000000 ) ) ;
#5406 = VECTOR ( 'NONE', #8093, 1000.000000000000000 ) ;
#5407 = CARTESIAN_POINT ( 'NONE',  ( 0.3749999999999977796, 0.2000000000000000111, -2.499999999999976907 ) ) ;
#5408 = DIRECTION ( 'NONE',  ( -0.7071067811865440200, 0.000000000000000000, -0.7071067811865511255 ) ) ;
#5409 = ORIENTED_EDGE ( 'NONE', *, *, #10829, .T. ) ;
#5410 = CARTESIAN_POINT ( 'NONE',  ( -1.374999999999997558, 0.2000000000000000111, 2.499999999999989786 ) ) ;
#5412 = DIRECTION ( 'NONE',  ( 0.000000000000000000, -1.000000000000000000, 0.000000000000000000 ) ) ;
#5411 = CARTESIAN_POINT ( 'NONE',  ( -0.1250000000000014710, 0.000000000000000000, 2.099999999999985878 ) ) ;
#5413 = VERTEX_POINT ( 'NONE', #1560 ) ;
#5414 = VECTOR ( 'NONE', #1958, 1000.000000000000000 ) ;
#5415 = ORIENTED_EDGE ( 'NONE', *, *, #443, .F. ) ;
#5416 = EDGE_LOOP ( 'NONE', ( #9800, #9594, #3953, #3141 ) ) ;
#5417 = ORIENTED_EDGE ( 'NONE', *, *, #8435, .T. ) ;
#5418 = CARTESIAN_POINT ( 'NONE',  ( -1.374999999999999112, 0.000000000000000000, 2.100000000000032951 ) ) ;
#5419 = CARTESIAN_POINT ( 'NONE',  ( -1.874999999999998890, 0.2000000000000000111, -2.164999999999999591 ) ) ;
#5420 = LINE ( 'NONE', #8829, #1398 ) ;
#5421 = VECTOR ( 'NONE', #6277, 1000.000000000000000 ) ;
#5422 = ORIENTED_EDGE ( 'NONE', *, *, #6298, .F. ) ;
#5423 = LINE ( 'NONE', #7323, #3176 ) ;
#5424 = CARTESIAN_POINT ( 'NONE',  ( -2.499999999999977796, 0.2000000000000000111, -0.3749999999999968914 ) ) ;
#5425 = DIRECTION ( 'NONE',  ( 0.000000000000000000, 0.000000000000000000, 1.000000000000000000 ) ) ;
#5426 = VECTOR ( 'NONE', #5038, 1000.000000000000000 ) ;
#5427 = LINE ( 'NONE', #1217, #7423 ) ;
#5428 = LINE ( 'NONE', #5493, #3218 ) ;
#5429 = ORIENTED_EDGE ( 'NONE', *, *, #8464, .F. ) ;
#5430 = ORIENTED_EDGE ( 'NONE', *, *, #2147, .T. ) ;
#5431 = DIRECTION ( 'NONE',  ( 1.040834085586084257E-14, 0.000000000000000000, 1.000000000000000000 ) ) ;
#5432 = ORIENTED_EDGE ( 'NONE', *, *, #6644, .T. ) ;
#5434 = DIRECTION ( 'NONE',  ( 0.000000000000000000, -0.000000000000000000, 1.000000000000000000 ) ) ;
#5433 = PLANE ( 'NONE',  #10950 ) ;
#5435 = DIRECTION ( 'NONE',  ( 9.757819552369538328E-15, 0.000000000000000000, 1.000000000000000000 ) ) ;
#5436 = VECTOR ( 'NONE', #6377, 1000.000000000000000 ) ;
#5437 = CARTESIAN_POINT ( 'NONE',  ( 0.000000000000000000, 0.2000000000000000111, 0.000000000000000000 ) ) ;
#5438 = EDGE_CURVE ( 'NONE', #3743, #6474, #6679, .T. ) ;
#5439 = FACE_OUTER_BOUND ( 'NONE', #4546, .T. ) ;
#5440 = DIRECTION ( 'NONE',  ( 3.794707603699675727E-15, -0.000000000000000000, 1.000000000000000000 ) ) ;
#5441 = EDGE_CURVE ( 'NONE', #3087, #4620, #5102, .T. ) ;
#5442 = EDGE_CURVE ( 'NONE', #1142, #10129, #6889, .T. ) ;
#5443 = ORIENTED_EDGE ( 'NONE', *, *, #2696, .F. ) ;
#5444 = AXIS2_PLACEMENT_3D ( 'NONE', #4119, #7457, #9182 ) ;
#5445 = VECTOR ( 'NONE', #990, 1000.000000000000000 ) ;
#5446 = ORIENTED_EDGE ( 'NONE', *, *, #8918, .T. ) ;
#5447 = ORIENTED_EDGE ( 'NONE', *, *, #5715, .T. ) ;
#5448 = DIRECTION ( 'NONE',  ( 0.000000000000000000, 1.000000000000000000, 0.000000000000000000 ) ) ;
#5449 = AXIS2_PLACEMENT_3D ( 'NONE', #3229, #10001, #4672 ) ;
#5450 = CARTESIAN_POINT ( 'NONE',  ( 0.000000000000000000, 0.2000000000000000111, 0.000000000000000000 ) ) ;
#5451 = EDGE_CURVE ( 'NONE', #744, #6629, #4943, .T. ) ;
#5452 = CARTESIAN_POINT ( 'NONE',  ( 2.100000000000020961, 0.2000000000000000111, 0.3750000000000000555 ) ) ;
#5453 = EDGE_CURVE ( 'NONE', #2838, #105, #8346, .T. ) ;
#5454 = DIRECTION ( 'NONE',  ( -0.000000000000000000, -1.000000000000000000, -0.000000000000000000 ) ) ;
#5455 = PLANE ( 'NONE',  #2078 ) ;
#5456 = VECTOR ( 'NONE', #5724, 1000.000000000000000 ) ;
#5457 = EDGE_CURVE ( 'NONE', #7434, #10778, #5044, .T. ) ;
#5458 = VECTOR ( 'NONE', #8860, 1000.000000000000000 ) ;
#5459 = VECTOR ( 'NONE', #2123, 1000.000000000000000 ) ;
#5461 = ORIENTED_EDGE ( 'NONE', *, *, #4638, .F. ) ;
#5460 = LINE ( 'NONE', #7302, #9593 ) ;
#5462 = VECTOR ( 'NONE', #7425, 1000.000000000000000 ) ;
#5463 = EDGE_CURVE ( 'NONE', #1680, #10916, #945, .T. ) ;
#5464 = DIRECTION ( 'NONE',  ( -1.439820485060763520E-13, 0.000000000000000000, -1.000000000000000000 ) ) ;
#5465 = SURFACE_SIDE_STYLE ('',( #582 ) ) ;
#5466 = DIRECTION ( 'NONE',  ( 1.457167719820531843E-13, -0.000000000000000000, 1.000000000000000000 ) ) ;
#5467 = AXIS2_PLACEMENT_3D ( 'NONE', #1356, #534, #4021 ) ;
#5468 = EDGE_CURVE ( 'NONE', #2576, #1629, #5000, .T. ) ;
#5469 = CARTESIAN_POINT ( 'NONE',  ( 1.374999999999998668, 0.2000000000000000111, 2.099999999999969891 ) ) ;
#5470 = VECTOR ( 'NONE', #10056, 1000.000000000000000 ) ;
#5472 = DIRECTION ( 'NONE',  ( 0.000000000000000000, 0.000000000000000000, 1.000000000000000000 ) ) ;
#5471 = LINE ( 'NONE', #6602, #1926 ) ;
#5473 = ORIENTED_EDGE ( 'NONE', *, *, #5519, .T. ) ;
#5474 = VECTOR ( 'NONE', #4350, 1000.000000000000000 ) ;
#5475 = ORIENTED_EDGE ( 'NONE', *, *, #9319, .F. ) ;
#5476 = VECTOR ( 'NONE', #1747, 1000.000000000000000 ) ;
#5477 = VECTOR ( 'NONE', #9547, 1000.000000000000000 ) ;
#5479 = VERTEX_POINT ( 'NONE', #3391 ) ;
#5478 = PLANE ( 'NONE',  #4088 ) ;
#5480 = EDGE_LOOP ( 'NONE', ( #8755, #9631, #10848, #1100 ) ) ;
#5481 = FILL_AREA_STYLE_COLOUR ( '', #1634 ) ;
#5482 = PLANE ( 'NONE',  #9178 ) ;
#5483 = DIRECTION ( 'NONE',  ( -1.000000000000000000, 0.000000000000000000, 1.040834085586083468E-14 ) ) ;
#5484 = DIRECTION ( 'NONE',  ( 9.825582188149880778E-15, 0.000000000000000000, 1.000000000000000000 ) ) ;
#5485 = AXIS2_PLACEMENT_3D ( 'NONE', #8699, #7734, #2012 ) ;
#5486 = ORIENTED_EDGE ( 'NONE', *, *, #8795, .F. ) ;
#5487 = DIRECTION ( 'NONE',  ( 1.000000000000000000, 0.000000000000000000, -7.477256361968998944E-17 ) ) ;
#5488 = CARTESIAN_POINT ( 'NONE',  ( -0.3749999999999982792, 0.04999999999999999584, -2.099999999999979217 ) ) ;
#5489 = UNCERTAINTY_MEASURE_WITH_UNIT (LENGTH_MEASURE( 1.000000000000000082E-05 ), #9163, 'distance_accuracy_value', 'NONE');
#5490 = CARTESIAN_POINT ( 'NONE',  ( -2.499999999999972911, 0.2000000000000000111, 0.1250000000000031364 ) ) ;
#5491 = COLOUR_RGB ( '',0.7921568627450980005, 0.8196078431372548767, 0.9333333333333333481 ) ;
#5492 = SURFACE_SIDE_STYLE ('',( #601 ) ) ;
#5493 = CARTESIAN_POINT ( 'NONE',  ( 1.374999999999999334, 0.2000000000000000111, -2.100000000000030731 ) ) ;
#5494 = ORIENTED_EDGE ( 'NONE', *, *, #4366, .F. ) ;
#5495 = VERTEX_POINT ( 'NONE', #2553 ) ;
#5496 = CARTESIAN_POINT ( 'NONE',  ( -0.8749999999999990008, 0.2000000000000000111, 2.100000000000027178 ) ) ;
#5497 = CARTESIAN_POINT ( 'NONE',  ( -2.500000000000046185, 0.000000000000000000, -1.875000000000000000 ) ) ;
#5498 = ORIENTED_EDGE ( 'NONE', *, *, #6834, .F. ) ;
#5499 = CARTESIAN_POINT ( 'NONE',  ( -1.874999999999999556, 0.2000000000000000111, 2.165000000000001812 ) ) ;
#5500 = CARTESIAN_POINT ( 'NONE',  ( 2.165000000000000036, 0.2000000000000000111, -1.874999999999998002 ) ) ;
#5501 = VECTOR ( 'NONE', #1390, 1000.000000000000000 ) ;
#5502 = DIRECTION ( 'NONE',  ( -0.7071067811865440200, 0.000000000000000000, -0.7071067811865511255 ) ) ;
#5503 = DIRECTION ( 'NONE',  ( -0.000000000000000000, -1.000000000000000000, -0.000000000000000000 ) ) ;
#5504 = CARTESIAN_POINT ( 'NONE',  ( 2.500000000000000888, 0.2000000000000000111, 1.624999999999998668 ) ) ;
#5505 = EDGE_LOOP ( 'NONE', ( #10998, #10525, #5173, #7723 ) ) ;
#5506 = VERTEX_POINT ( 'NONE', #5828 ) ;
#5507 = ORIENTED_EDGE ( 'NONE', *, *, #2678, .F. ) ;
#5508 = CARTESIAN_POINT ( 'NONE',  ( -2.099999999999977884, 0.2000000000000000111, -0.3750000000000012212 ) ) ;
#5509 = DIRECTION ( 'NONE',  ( 0.7071067811865500152, -0.000000000000000000, 0.7071067811865451302 ) ) ;
#5510 = DIRECTION ( 'NONE',  ( 0.000000000000000000, -1.000000000000000000, 0.000000000000000000 ) ) ;
#5511 = PLANE ( 'NONE',  #6880 ) ;
#5512 = VECTOR ( 'NONE', #10634, 1000.000000000000000 ) ;
#5513 = ADVANCED_FACE ( 'NONE', ( #10932 ), #4333, .T. ) ;
#5515 = ORIENTED_EDGE ( 'NONE', *, *, #6951, .T. ) ;
#5514 = DIRECTION ( 'NONE',  ( -1.040834085586084257E-14, 0.000000000000000000, -1.000000000000000000 ) ) ;
#5516 = AXIS2_PLACEMENT_3D ( 'NONE', #7464, #5169, #10795 ) ;
#5517 = CARTESIAN_POINT ( 'NONE',  ( -1.375000000000002220, 0.2000000000000000111, -2.499999999999968914 ) ) ;
#5518 = PRESENTATION_STYLE_ASSIGNMENT (( #8198 ) ) ;
#5519 = EDGE_CURVE ( 'NONE', #6299, #4792, #1716, .T. ) ;
#5520 = LINE ( 'NONE', #8814, #1218 ) ;
#5521 = CARTESIAN_POINT ( 'NONE',  ( 0.8749999999999978906, 0.000000000000000000, -2.499999999999982236 ) ) ;
#5522 = EDGE_CURVE ( 'NONE', #2577, #7456, #826, .T. ) ;
#5524 = CARTESIAN_POINT ( 'NONE',  ( 1.125000000000002442, 0.2000000000000000111, 2.499999999999963141 ) ) ;
#5523 = CARTESIAN_POINT ( 'NONE',  ( 2.165000000000000036, 0.2000000000000000111, -1.874999999999998002 ) ) ;
#5525 = VERTEX_POINT ( 'NONE', #9392 ) ;
#5526 = ADVANCED_FACE ( 'NONE', ( #4113 ), #6839, .F. ) ;
#5527 = ORIENTED_EDGE ( 'NONE', *, *, #1049, .T. ) ;
#5528 = ADVANCED_FACE ( 'NONE', ( #4282 ), #3270, .T. ) ;
#5529 = EDGE_CURVE ( 'NONE', #10263, #7814, #10117, .T. ) ;
#5530 = EDGE_CURVE ( 'NONE', #9844, #7942, #9334, .T. ) ;
#5532 = ORIENTED_EDGE ( 'NONE', *, *, #5190, .F. ) ;
#5531 = DIRECTION ( 'NONE',  ( 0.000000000000000000, 1.000000000000000000, 0.000000000000000000 ) ) ;
#5533 = VERTEX_POINT ( 'NONE', #10216 ) ;
#5534 = DIRECTION ( 'NONE',  ( -0.000000000000000000, -1.000000000000000000, -0.000000000000000000 ) ) ;
#5535 = CARTESIAN_POINT ( 'NONE',  ( 2.499999999999993783, 0.2000000000000000111, 1.874999999999998668 ) ) ;
#5536 = DIRECTION ( 'NONE',  ( -1.000000000000000000, -0.000000000000000000, 1.439820485060763520E-13 ) ) ;
#5537 = ORIENTED_EDGE ( 'NONE', *, *, #427, .T. ) ;
#5538 = DIRECTION ( 'NONE',  ( -7.477256361968998944E-17, 0.000000000000000000, -1.000000000000000000 ) ) ;
#5539 = DIRECTION ( 'NONE',  ( 0.000000000000000000, -1.000000000000000000, 0.000000000000000000 ) ) ;
#5540 = CARTESIAN_POINT ( 'NONE',  ( 2.499999999999990674, 0.2000000000000000111, 0.6249999999999984457 ) ) ;
#5541 = SURFACE_STYLE_USAGE ( .BOTH. , #5492 ) ;
#5542 = FACE_OUTER_BOUND ( 'NONE', #7183, .T. ) ;
#5543 = ORIENTED_EDGE ( 'NONE', *, *, #2689, .T. ) ;
#5544 = LINE ( 'NONE', #9943, #5991 ) ;
#5545 = CARTESIAN_POINT ( 'NONE',  ( 2.499999999999983125, 0.2000000000000000111, 0.8749999999999984457 ) ) ;
#5546 = ORIENTED_EDGE ( 'NONE', *, *, #6369, .F. ) ;
#5548 = DIRECTION ( 'NONE',  ( 0.000000000000000000, -1.000000000000000000, 0.000000000000000000 ) ) ;
#5547 = CARTESIAN_POINT ( 'NONE',  ( -2.099999999999988098, 0.2000000000000000111, -1.375000000000001332 ) ) ;
#5549 = FACE_OUTER_BOUND ( 'NONE', #9987, .T. ) ;
#5550 = DIRECTION ( 'NONE',  ( 1.000000000000000000, 0.000000000000000000, -1.035655806553459206E-14 ) ) ;
#5551 = CARTESIAN_POINT ( 'NONE',  ( 2.499999999999995559, 0.2000000000000000111, 1.124999999999998668 ) ) ;
#5552 = LINE ( 'NONE', #611, #4890 ) ;
#5553 = ORIENTED_EDGE ( 'NONE', *, *, #2327, .F. ) ;
#5554 = LINE ( 'NONE', #452, #3695 ) ;
#5555 = ORIENTED_EDGE ( 'NONE', *, *, #6002, .T. ) ;
#5556 = VERTEX_POINT ( 'NONE', #4219 ) ;
#5557 = CARTESIAN_POINT ( 'NONE',  ( 3.557538378468481098E-15, 0.05000000000000000278, 0.8750000000000086597 ) ) ;
#5558 = SURFACE_SIDE_STYLE ('',( #8017 ) ) ;
#5559 = PLANE ( 'NONE',  #3865 ) ;
#5560 = LINE ( 'NONE', #1343, #2279 ) ;
#5561 = FACE_OUTER_BOUND ( 'NONE', #10584, .T. ) ;
#5563 = VERTEX_POINT ( 'NONE', #2604 ) ;
#5562 = FACE_OUTER_BOUND ( 'NONE', #6526, .T. ) ;
#5564 = DIRECTION ( 'NONE',  ( 1.000000000000000000, 0.000000000000000000, -1.439820485060763520E-13 ) ) ;
#5565 = CARTESIAN_POINT ( 'NONE',  ( 2.100000000000034284, 0.05000000000000000278, -3.023623018627652516E-13 ) ) ;
#5566 = LINE ( 'NONE', #7410, #1906 ) ;
#5567 = CARTESIAN_POINT ( 'NONE',  ( 1.875000000000002442, 0.04999999999999999584, 2.499999999999955147 ) ) ;
#5569 = DIRECTION ( 'NONE',  ( 9.757819552369536751E-15, 0.000000000000000000, 1.000000000000000000 ) ) ;
#5568 = DIRECTION ( 'NONE',  ( -0.000000000000000000, -1.000000000000000000, -0.000000000000000000 ) ) ;
#5570 = VERTEX_POINT ( 'NONE', #10438 ) ;
#5571 = ORIENTED_EDGE ( 'NONE', *, *, #4516, .T. ) ;
#5572 = EDGE_CURVE ( 'NONE', #3962, #3839, #7875, .T. ) ;
#5573 = EDGE_CURVE ( 'NONE', #7156, #5750, #7995, .T. ) ;
#5574 = VECTOR ( 'NONE', #10592, 1000.000000000000000 ) ;
#5576 = EDGE_LOOP ( 'NONE', ( #1678, #10312, #10170, #2755 ) ) ;
#5575 = DIRECTION ( 'NONE',  ( 1.387778780781446780E-14, 0.000000000000000000, 1.000000000000000000 ) ) ;
#5577 = ORIENTED_EDGE ( 'NONE', *, *, #5775, .F. ) ;
#5578 = LINE ( 'NONE', #792, #7223 ) ;
#5579 = LINE ( 'NONE', #8152, #5266 ) ;
#5580 = EDGE_CURVE ( 'NONE', #2171, #3130, #6947, .T. ) ;
#5581 = CARTESIAN_POINT ( 'NONE',  ( -2.099999999999985434, 0.000000000000000000, -1.125000000000000888 ) ) ;
#5582 = ORIENTED_EDGE ( 'NONE', *, *, #7547, .F. ) ;
#5583 = ADVANCED_FACE ( 'NONE', ( #4605 ), #1214, .F. ) ;
#5584 = CARTESIAN_POINT ( 'NONE',  ( 1.524999999999999023, 0.000000000000000000, -1.675000000000001377 ) ) ;
#5585 = EDGE_CURVE ( 'NONE', #1325, #6456, #8675, .T. ) ;
#5586 = VECTOR ( 'NONE', #4749, 1000.000000000000000 ) ;
#5587 = PLANE ( 'NONE',  #796 ) ;
#5588 = ADVANCED_FACE ( 'NONE', ( #5325 ), #5212, .T. ) ;
#5589 = UNCERTAINTY_MEASURE_WITH_UNIT (LENGTH_MEASURE( 1.000000000000000082E-05 ), #6503, 'distance_accuracy_value', 'NONE');
#5590 = VERTEX_POINT ( 'NONE', #6998 ) ;
#5591 = DIRECTION ( 'NONE',  ( -0.000000000000000000, -1.000000000000000000, -0.000000000000000000 ) ) ;
#5592 = VECTOR ( 'NONE', #5979, 1000.000000000000000 ) ;
#5593 = FACE_OUTER_BOUND ( 'NONE', #5391, .T. ) ;
#5594 = VECTOR ( 'NONE', #9443, 1000.000000000000000 ) ;
#5595 = PLANE ( 'NONE',  #5347 ) ;
#5596 = EDGE_LOOP ( 'NONE', ( #9205, #2474, #10019, #5880 ) ) ;
#5597 = LINE ( 'NONE', #2931, #3333 ) ;
#5598 = LINE ( 'NONE', #496, #5856 ) ;
#5599 = ORIENTED_EDGE ( 'NONE', *, *, #6896, .T. ) ;
#5600 = DIRECTION ( 'NONE',  ( -1.000000000000000000, 0.000000000000000000, 3.794707603699675727E-15 ) ) ;
#5601 = CARTESIAN_POINT ( 'NONE',  ( -2.499999999999975131, 0.2000000000000000111, -0.1249999999999968636 ) ) ;
#5602 = LINE ( 'NONE', #448, #3350 ) ;
#5603 = LINE ( 'NONE', #2337, #3832 ) ;
#5604 = ORIENTED_EDGE ( 'NONE', *, *, #7772, .T. ) ;
#5605 = CARTESIAN_POINT ( 'NONE',  ( -2.500000000000000000, 0.04999999999999969746, 2.500000000000000000 ) ) ;
#5606 = VERTEX_POINT ( 'NONE', #1055 ) ;
#5607 = ORIENTED_EDGE ( 'NONE', *, *, #4308, .F. ) ;
#5608 = ORIENTED_EDGE ( 'NONE', *, *, #9325, .F. ) ;
#5609 = COLOUR_RGB ( '',0.7921568627450980005, 0.8196078431372548767, 0.9333333333333333481 ) ;
#5610 = CARTESIAN_POINT ( 'NONE',  ( 1.809999999999999165, 0.2000000000000000111, 2.100000000000000977 ) ) ;
#5611 = LINE ( 'NONE', #9022, #3539 ) ;
#5612 = CARTESIAN_POINT ( 'NONE',  ( -1.524999999999999023, 0.2000000000000000111, 1.674999999999999156 ) ) ;
#5613 = CARTESIAN_POINT ( 'NONE',  ( 2.099999999999966782, 0.05000000000000000278, -3.023623018627555580E-13 ) ) ;
#5614 = ORIENTED_EDGE ( 'NONE', *, *, #568, .F. ) ;
#5615 = LINE ( 'NONE', #4737, #9703 ) ;
#5616 = AXIS2_PLACEMENT_3D ( 'NONE', #2408, #9192, #6698 ) ;
#5617 = VECTOR ( 'NONE', #10238, 1000.000000000000000 ) ;
#5618 = AXIS2_PLACEMENT_3D ( 'NONE', #3456, #7640, #20 ) ;
#5620 = ORIENTED_EDGE ( 'NONE', *, *, #3907, .F. ) ;
#5619 = DIRECTION ( 'NONE',  ( -0.000000000000000000, -1.000000000000000000, -0.000000000000000000 ) ) ;
#5621 =( LENGTH_UNIT ( ) NAMED_UNIT ( * ) SI_UNIT ( .MILLI., .METRE. ) );
#5622 = PLANE ( 'NONE',  #4060 ) ;
#5623 = VECTOR ( 'NONE', #5100, 1000.000000000000000 ) ;
#5624 = VECTOR ( 'NONE', #6364, 1000.000000000000000 ) ;
#5625 = DIRECTION ( 'NONE',  ( -0.000000000000000000, -1.000000000000000000, -0.000000000000000000 ) ) ;
#5626 = LINE ( 'NONE', #8075, #6717 ) ;
#5628 = CARTESIAN_POINT ( 'NONE',  ( -2.099999999999974776, 0.000000000000000000, 1.810000000000000053 ) ) ;
#5627 = FACE_OUTER_BOUND ( 'NONE', #10602, .T. ) ;
#5629 = VECTOR ( 'NONE', #6314, 1000.000000000000000 ) ;
#5630 = VECTOR ( 'NONE', #7337, 1000.000000000000000 ) ;
#5631 = EDGE_LOOP ( 'NONE', ( #8291, #5614, #6978, #4136 ) ) ;
#5632 = ORIENTED_EDGE ( 'NONE', *, *, #2692, .T. ) ;
#5633 = AXIS2_PLACEMENT_3D ( 'NONE', #6447, #3874, #10488 ) ;
#5635 = ORIENTED_EDGE ( 'NONE', *, *, #368, .T. ) ;
#5634 = DIRECTION ( 'NONE',  ( 0.000000000000000000, -0.000000000000000000, 1.000000000000000000 ) ) ;
#5636 = EDGE_LOOP ( 'NONE', ( #3753, #7004, #101, #3967 ) ) ;
#5637 = VECTOR ( 'NONE', #9734, 1000.000000000000000 ) ;
#5638 = VECTOR ( 'NONE', #5154, 1000.000000000000000 ) ;
#5639 = LINE ( 'NONE', #2087, #7569 ) ;
#5640 = DIRECTION ( 'NONE',  ( 5.825563911862536913E-15, 0.000000000000000000, 1.000000000000000000 ) ) ;
#5641 = ORIENTED_EDGE ( 'NONE', *, *, #9139, .T. ) ;
#5642 = DIRECTION ( 'NONE',  ( 1.000000000000000000, 0.000000000000000000, -9.757819552369538328E-15 ) ) ;
#5643 = EDGE_CURVE ( 'NONE', #4091, #4602, #4382, .T. ) ;
#5644 = LINE ( 'NONE', #8889, #10559 ) ;
#5645 = VECTOR ( 'NONE', #7252, 1000.000000000000000 ) ;
#5646 = EDGE_LOOP ( 'NONE', ( #924, #8815, #1567, #1613 ) ) ;
#5647 = VECTOR ( 'NONE', #1298, 1000.000000000000000 ) ;
#5648 = VECTOR ( 'NONE', #9440, 1000.000000000000000 ) ;
#5649 = LINE ( 'NONE', #8215, #10440 ) ;
#5650 = VECTOR ( 'NONE', #5069, 1000.000000000000000 ) ;
#5651 = DIRECTION ( 'NONE',  ( -5.825563911862536124E-15, 0.000000000000000000, -1.000000000000000000 ) ) ;
#5652 = EDGE_CURVE ( 'NONE', #8841, #3550, #324, .T. ) ;
#5653 = EDGE_CURVE ( 'NONE', #9927, #7061, #3654, .T. ) ;
#5654 = ORIENTED_EDGE ( 'NONE', *, *, #6365, .F. ) ;
#5655 = LINE ( 'NONE', #8896, #5808 ) ;
#5656 = CARTESIAN_POINT ( 'NONE',  ( -1.375000000000002220, 0.2000000000000000111, -2.499999999999968914 ) ) ;
#5657 = ORIENTED_EDGE ( 'NONE', *, *, #2481, .F. ) ;
#5658 = VECTOR ( 'NONE', #8306, 1000.000000000000000 ) ;
#5660 = DIRECTION ( 'NONE',  ( -0.000000000000000000, -1.000000000000000000, -0.000000000000000000 ) ) ;
#5659 = DIRECTION ( 'NONE',  ( 0.000000000000000000, -0.000000000000000000, 1.000000000000000000 ) ) ;
#5661 = CARTESIAN_POINT ( 'NONE',  ( 0.6250000000000017764, 0.2000000000000000111, -2.099999999999989431 ) ) ;
#5662 = LINE ( 'NONE', #6820, #1401 ) ;
#5663 = DIRECTION ( 'NONE',  ( -0.000000000000000000, -1.000000000000000000, -0.000000000000000000 ) ) ;
#5664 = EDGE_CURVE ( 'NONE', #9263, #3133, #10375, .T. ) ;
#5665 = VECTOR ( 'NONE', #9626, 1000.000000000000000 ) ;
#5666 = EDGE_CURVE ( 'NONE', #6126, #3381, #6158, .T. ) ;
#5667 = EDGE_LOOP ( 'NONE', ( #3889, #5683, #6442, #8253 ) ) ;
#5668 = EDGE_CURVE ( 'NONE', #8547, #4114, #2767, .T. ) ;
#5669 = CARTESIAN_POINT ( 'NONE',  ( -1.625000000000002220, 0.2000000000000000111, -2.499999999999956035 ) ) ;
#5670 = ADVANCED_FACE ( 'NONE', ( #3771 ), #1945, .T. ) ;
#5671 = ORIENTED_EDGE ( 'NONE', *, *, #10346, .T. ) ;
#5672 = ORIENTED_EDGE ( 'NONE', *, *, #8930, .T. ) ;
#5673 = ORIENTED_EDGE ( 'NONE', *, *, #9121, .T. ) ;
#5674 = CARTESIAN_POINT ( 'NONE',  ( 2.100000000000000977, 0.2000000000000000111, 1.810000000000000719 ) ) ;
#5675 = PRESENTATION_LAYER_ASSIGNMENT (  '', '', ( #6925 ) ) ;
#5676 = PLANE ( 'NONE',  #6580 ) ;
#5677 = LINE ( 'NONE', #9128, #9366 ) ;
#5678 = DIRECTION ( 'NONE',  ( 0.000000000000000000, -1.000000000000000000, 0.000000000000000000 ) ) ;
#5679 = ORIENTED_EDGE ( 'NONE', *, *, #4914, .T. ) ;
#5680 = CARTESIAN_POINT ( 'NONE',  ( -1.375000000000002220, 0.2000000000000000111, -2.499999999999968914 ) ) ;
#5681 = MECHANICAL_DESIGN_GEOMETRIC_PRESENTATION_REPRESENTATION (  '', ( #8891 ), #3201 ) ;
#5683 = ORIENTED_EDGE ( 'NONE', *, *, #5386, .F. ) ;
#5682 = CARTESIAN_POINT ( 'NONE',  ( 1.525000000000000133, 0.04999999999999999584, 1.524999999999998801 ) ) ;
#5684 = VECTOR ( 'NONE', #7539, 1000.000000000000000 ) ;
#5685 = DIRECTION ( 'NONE',  ( -1.000000000000000000, 0.000000000000000000, -2.949029909160572061E-14 ) ) ;
#5686 = CARTESIAN_POINT ( 'NONE',  ( -1.625000000000001332, 0.000000000000000000, 2.100000000000001865 ) ) ;
#5687 = VECTOR ( 'NONE', #9790, 1000.000000000000000 ) ;
#5688 = CARTESIAN_POINT ( 'NONE',  ( -2.500000000000000000, 0.04999999999999969746, -2.500000000000000000 ) ) ;
#5689 = PLANE ( 'NONE',  #4949 ) ;
#5691 = LINE ( 'NONE', #10908, #987 ) ;
#5690 = LINE ( 'NONE', #3975, #2637 ) ;
#5692 = VERTEX_POINT ( 'NONE', #8734 ) ;
#5693 = ORIENTED_EDGE ( 'NONE', *, *, #5980, .F. ) ;
#5694 = VECTOR ( 'NONE', #3819, 1000.000000000000000 ) ;
#5696 = ORIENTED_EDGE ( 'NONE', *, *, #1245, .T. ) ;
#5695 = DIRECTION ( 'NONE',  ( -1.000000000000000000, 0.000000000000000000, -2.949029909160572061E-14 ) ) ;
#5697 = ORIENTED_EDGE ( 'NONE', *, *, #2802, .F. ) ;
#5698 = DIRECTION ( 'NONE',  ( 3.997995511040729896E-15, -0.000000000000000000, 1.000000000000000000 ) ) ;
#5699 = DIRECTION ( 'NONE',  ( 0.000000000000000000, -1.000000000000000000, 0.000000000000000000 ) ) ;
#5700 = VERTEX_POINT ( 'NONE', #1104 ) ;
#5701 = CARTESIAN_POINT ( 'NONE',  ( 0.6250000000000025535, 0.2000000000000000111, 2.499999999999968470 ) ) ;
#5702 = DIRECTION ( 'NONE',  ( -1.000000000000000000, 0.000000000000000000, 2.168404344970728034E-15 ) ) ;
#5703 = UNCERTAINTY_MEASURE_WITH_UNIT (LENGTH_MEASURE( 1.000000000000000082E-05 ), #8469, 'distance_accuracy_value', 'NONE');
#5704 = EDGE_LOOP ( 'NONE', ( #4485, #6263, #9474, #10751 ) ) ;
#5705 = CARTESIAN_POINT ( 'NONE',  ( 1.375000000000002442, 0.2000000000000000111, 2.499999999999970246 ) ) ;
#5706 = CARTESIAN_POINT ( 'NONE',  ( 0.8750000000000025535, 0.2000000000000000111, 2.499999999999975575 ) ) ;
#5707 = DIRECTION ( 'NONE',  ( 0.000000000000000000, 1.000000000000000000, 0.000000000000000000 ) ) ;
#5708 = DIRECTION ( 'NONE',  ( -2.949029909160572061E-14, 0.000000000000000000, 1.000000000000000000 ) ) ;
#5709 = ORIENTED_EDGE ( 'NONE', *, *, #3002, .T. ) ;
#5711 = FACE_OUTER_BOUND ( 'NONE', #547, .T. ) ;
#5710 = DIRECTION ( 'NONE',  ( 0.000000000000000000, 0.000000000000000000, -1.000000000000000000 ) ) ;
#5712 = DIRECTION ( 'NONE',  ( -0.000000000000000000, -1.000000000000000000, -0.000000000000000000 ) ) ;
#5713 = CARTESIAN_POINT ( 'NONE',  ( 1.874999999999999112, 0.2000000000000000111, 2.165000000000000480 ) ) ;
#5714 = LINE ( 'NONE', #9998, #8980 ) ;
#5715 = EDGE_CURVE ( 'NONE', #1009, #10263, #3717, .T. ) ;
#5716 = EDGE_LOOP ( 'NONE', ( #3364, #2848, #3589, #3445 ) ) ;
#5717 = PLANE ( 'NONE',  #6175 ) ;
#5718 = ADVANCED_FACE ( 'NONE', ( #6048 ), #7053, .F. ) ;
#5719 = ORIENTED_EDGE ( 'NONE', *, *, #7631, .F. ) ;
#5720 = ORIENTED_EDGE ( 'NONE', *, *, #7700, .T. ) ;
#5721 = EDGE_LOOP ( 'NONE', ( #4415, #5577, #4339, #10810 ) ) ;
#5722 = CARTESIAN_POINT ( 'NONE',  ( 1.525000000000000133, 0.2000000000000000111, -1.525000000000001465 ) ) ;
#5723 = EDGE_CURVE ( 'NONE', #7743, #9085, #159, .T. ) ;
#5724 = DIRECTION ( 'NONE',  ( 1.439820485060763520E-13, -0.000000000000000000, 1.000000000000000000 ) ) ;
#5725 = ADVANCED_FACE ( 'NONE', ( #992, #8783 ), #1156, .F. ) ;
#5726 = DIRECTION ( 'NONE',  ( -0.000000000000000000, -1.000000000000000000, -0.000000000000000000 ) ) ;
#5727 = ORIENTED_EDGE ( 'NONE', *, *, #9794, .T. ) ;
#5728 = EDGE_CURVE ( 'NONE', #6211, #6799, #9818, .T. ) ;
#5729 = LINE ( 'NONE', #1575, #4397 ) ;
#5730 = EDGE_CURVE ( 'NONE', #4091, #6777, #7165, .T. ) ;
#5732 = VERTEX_POINT ( 'NONE', #7273 ) ;
#5731 = FACE_OUTER_BOUND ( 'NONE', #1186, .T. ) ;
#5733 = DIRECTION ( 'NONE',  ( -0.000000000000000000, -1.000000000000000000, -0.000000000000000000 ) ) ;
#5734 = DIRECTION ( 'NONE',  ( 0.000000000000000000, 0.000000000000000000, -1.000000000000000000 ) ) ;
#5735 = CARTESIAN_POINT ( 'NONE',  ( 0.000000000000000000, 0.000000000000000000, 0.000000000000000000 ) ) ;
#5736 = LINE ( 'NONE', #5788, #2074 ) ;
#5737 = FACE_OUTER_BOUND ( 'NONE', #1696, .T. ) ;
#5739 = CARTESIAN_POINT ( 'NONE',  ( -2.099999999999972555, 0.000000000000000000, 0.1249999999999988065 ) ) ;
#5738 = CARTESIAN_POINT ( 'NONE',  ( 2.500000000000000000, 0.04999999999999969746, -0.1250000000000005551 ) ) ;
#5740 = EDGE_CURVE ( 'NONE', #3550, #1889, #10539, .T. ) ;
#5741 = ORIENTED_EDGE ( 'NONE', *, *, #4369, .T. ) ;
#5742 = ORIENTED_EDGE ( 'NONE', *, *, #10015, .T. ) ;
#5744 = EDGE_LOOP ( 'NONE', ( #68, #10662, #7713, #3249 ) ) ;
#5743 = LINE ( 'NONE', #1643, #1793 ) ;
#5745 = ORIENTED_EDGE ( 'NONE', *, *, #294, .F. ) ;
#5746 = FACE_OUTER_BOUND ( 'NONE', #2574, .T. ) ;
#5747 = ORIENTED_EDGE ( 'NONE', *, *, #572, .T. ) ;
#5748 = PLANE ( 'NONE',  #2797 ) ;
#5749 = CARTESIAN_POINT ( 'NONE',  ( -2.499999999999977796, 0.000000000000000000, -0.3749999999999968914 ) ) ;
#5750 = VERTEX_POINT ( 'NONE', #2923 ) ;
#5751 = PRESENTATION_STYLE_ASSIGNMENT (( #10043 ) ) ;
#5752 = DIRECTION ( 'NONE',  ( 0.7071067811865500152, 0.000000000000000000, 0.7071067811865451302 ) ) ;
#5753 = DIRECTION ( 'NONE',  ( 0.000000000000000000, -1.000000000000000000, 0.000000000000000000 ) ) ;
#5754 = CARTESIAN_POINT ( 'NONE',  ( 1.375000000000002442, 0.2000000000000000111, 2.499999999999970246 ) ) ;
#5755 = DIRECTION ( 'NONE',  ( 0.000000000000000000, -1.000000000000000000, 0.000000000000000000 ) ) ;
#5756 = AXIS2_PLACEMENT_3D ( 'NONE', #3315, #5809, #1604 ) ;
#5757 = ORIENTED_EDGE ( 'NONE', *, *, #5453, .F. ) ;
#5759 = DIRECTION ( 'NONE',  ( 1.000000000000000000, 0.000000000000000000, -1.029992063861228897E-14 ) ) ;
#5758 = FACE_OUTER_BOUND ( 'NONE', #7609, .T. ) ;
#5760 = CARTESIAN_POINT ( 'NONE',  ( 1.809999999999999165, 0.2000000000000000111, 2.100000000000000977 ) ) ;
#5761 = DIRECTION ( 'NONE',  ( -2.949029909160572061E-14, 0.000000000000000000, 1.000000000000000000 ) ) ;
#5762 = ORIENTED_EDGE ( 'NONE', *, *, #7360, .T. ) ;
#5763 = VECTOR ( 'NONE', #3507, 1000.000000000000000 ) ;
#5764 = FACE_OUTER_BOUND ( 'NONE', #10324, .T. ) ;
#5765 = EDGE_LOOP ( 'NONE', ( #9124, #982, #4203, #5741, #10841 ) ) ;
#5766 = ORIENTED_EDGE ( 'NONE', *, *, #1795, .T. ) ;
#5767 = EDGE_LOOP ( 'NONE', ( #5172, #6491, #1001, #4522 ) ) ;
#5768 = CARTESIAN_POINT ( 'NONE',  ( -2.499999999999967581, 0.000000000000000000, 0.6250000000000031086 ) ) ;
#5769 = VECTOR ( 'NONE', #7136, 1000.000000000000000 ) ;
#5770 = EDGE_CURVE ( 'NONE', #4970, #949, #6331, .T. ) ;
#5771 = CARTESIAN_POINT ( 'NONE',  ( 0.8749999999999978906, 0.2000000000000000111, -2.499999999999982236 ) ) ;
#5772 = VECTOR ( 'NONE', #99, 1000.000000000000000 ) ;
#5773 = DIRECTION ( 'NONE',  ( 0.000000000000000000, -1.000000000000000000, 0.000000000000000000 ) ) ;
#5774 = DIRECTION ( 'NONE',  ( 0.000000000000000000, -1.000000000000000000, 0.000000000000000000 ) ) ;
#5775 = EDGE_CURVE ( 'NONE', #4024, #6161, #8995, .T. ) ;
#5776 = ADVANCED_FACE ( 'NONE', ( #8942 ), #1318, .F. ) ;
#5777 = VERTEX_POINT ( 'NONE', #5540 ) ;
#5778 = DIRECTION ( 'NONE',  ( 3.794707603699675727E-15, -0.000000000000000000, 1.000000000000000000 ) ) ;
#5779 = EDGE_CURVE ( 'NONE', #10708, #7418, #485, .T. ) ;
#5780 = VECTOR ( 'NONE', #10651, 1000.000000000000000 ) ;
#5781 = VERTEX_POINT ( 'NONE', #3815 ) ;
#5782 = EDGE_CURVE ( 'NONE', #10550, #3098, #7212, .T. ) ;
#5783 = DIRECTION ( 'NONE',  ( 0.000000000000000000, 0.000000000000000000, 1.000000000000000000 ) ) ;
#5784 = EDGE_CURVE ( 'NONE', #2139, #10889, #6398, .T. ) ;
#5785 = EDGE_CURVE ( 'NONE', #1439, #3338, #4706, .T. ) ;
#5786 = FACE_OUTER_BOUND ( 'NONE', #7698, .T. ) ;
#5787 = LINE ( 'NONE', #2238, #7431 ) ;
#5788 = CARTESIAN_POINT ( 'NONE',  ( 2.100000000000000089, 0.000000000000000000, -1.809999999999998055 ) ) ;
#5789 = VECTOR ( 'NONE', #1568, 1000.000000000000000 ) ;
#5790 = EDGE_CURVE ( 'NONE', #8409, #8820, #296, .T. ) ;
#5791 = PLANE ( 'NONE',  #4254 ) ;
#5792 = VECTOR ( 'NONE', #10587, 1000.000000000000000 ) ;
#5794 = FACE_OUTER_BOUND ( 'NONE', #3879, .T. ) ;
#5793 = CARTESIAN_POINT ( 'NONE',  ( -2.499999999999970246, 0.000000000000000000, 0.3750000000000031641 ) ) ;
#5795 = ORIENTED_EDGE ( 'NONE', *, *, #10140, .F. ) ;
#5796 = ORIENTED_EDGE ( 'NONE', *, *, #8297, .T. ) ;
#5797 = ADVANCED_FACE ( 'NONE', ( #3631 ), #1249, .F. ) ;
#5799 = ORIENTED_EDGE ( 'NONE', *, *, #1603, .T. ) ;
#5798 = PLANE ( 'NONE',  #3741 ) ;
#5800 = ORIENTED_EDGE ( 'NONE', *, *, #9130, .F. ) ;
#5801 = PRESENTATION_LAYER_ASSIGNMENT (  '', '', ( #8474 ) ) ;
#5802 = VECTOR ( 'NONE', #2306, 1000.000000000000000 ) ;
#5803 = EDGE_CURVE ( 'NONE', #1142, #1619, #4634, .T. ) ;
#5804 = SURFACE_STYLE_USAGE ( .BOTH. , #7652 ) ;
#5805 = DIRECTION ( 'NONE',  ( 1.000000000000000000, 0.000000000000000000, -9.757819552369538328E-15 ) ) ;
#5806 = VERTEX_POINT ( 'NONE', #8024 ) ;
#5807 = DIRECTION ( 'NONE',  ( 9.611305745276845088E-14, -0.000000000000000000, -1.000000000000000000 ) ) ;
#5808 = VECTOR ( 'NONE', #3992, 1000.000000000000000 ) ;
#5809 = DIRECTION ( 'NONE',  ( 1.000000000000000000, 0.000000000000000000, -1.439820485060763520E-13 ) ) ;
#5810 = UNCERTAINTY_MEASURE_WITH_UNIT (LENGTH_MEASURE( 1.000000000000000082E-05 ), #7528, 'distance_accuracy_value', 'NONE');
#5811 = VERTEX_POINT ( 'NONE', #10408 ) ;
#5812 = EDGE_CURVE ( 'NONE', #8350, #10939, #7144, .T. ) ;
#5813 = VECTOR ( 'NONE', #8573, 1000.000000000000000 ) ;
#5814 = EDGE_LOOP ( 'NONE', ( #8539, #10284, #9219, #3253, #3655 ) ) ;
#5815 = VECTOR ( 'NONE', #2999, 1000.000000000000000 ) ;
#5816 = AXIS2_PLACEMENT_3D ( 'NONE', #6895, #7502, #947 ) ;
#5817 = DIRECTION ( 'NONE',  ( -9.961107459710568832E-15, 0.000000000000000000, -1.000000000000000000 ) ) ;
#5818 = DIRECTION ( 'NONE',  ( 7.477256361968998944E-17, -0.000000000000000000, 1.000000000000000000 ) ) ;
#5819 = LINE ( 'NONE', #1709, #5426 ) ;
#5820 = CARTESIAN_POINT ( 'NONE',  ( 0.1250000000000017208, 0.2000000000000000111, -2.099999999999984102 ) ) ;
#5821 = AXIS2_PLACEMENT_3D ( 'NONE', #808, #4197, #3584 ) ;
#5822 = ORIENTED_EDGE ( 'NONE', *, *, #2015, .T. ) ;
#5824 = LINE ( 'NONE', #5882, #5090 ) ;
#5823 = PLANE ( 'NONE',  #7964 ) ;
#5825 = CARTESIAN_POINT ( 'NONE',  ( -2.000000000000000000, 1.000000000000000000, -2.250000000000000444 ) ) ;
#5826 = AXIS2_PLACEMENT_3D ( 'NONE', #4639, #6540, #2137 ) ;
#5827 = AXIS2_PLACEMENT_3D ( 'NONE', #5261, #5209, #2828 ) ;
#5828 = CARTESIAN_POINT ( 'NONE',  ( -0.3749999999999982792, 0.2000000000000000111, -2.099999999999979217 ) ) ;
#5829 = ORIENTED_EDGE ( 'NONE', *, *, #5951, .F. ) ;
#5830 = VECTOR ( 'NONE', #2410, 1000.000000000000000 ) ;
#5831 = DIRECTION ( 'NONE',  ( 1.002887009549091444E-14, -0.000000000000000000, 1.000000000000000000 ) ) ;
#5832 = ORIENTED_EDGE ( 'NONE', *, *, #8803, .F. ) ;
#5833 = VECTOR ( 'NONE', #8472, 1000.000000000000000 ) ;
#5834 = ORIENTED_EDGE ( 'NONE', *, *, #3025, .T. ) ;
#5835 = ORIENTED_EDGE ( 'NONE', *, *, #382, .T. ) ;
#5836 = LINE ( 'NONE', #7624, #307 ) ;
#5837 = FACE_OUTER_BOUND ( 'NONE', #4277, .T. ) ;
#5838 = MECHANICAL_DESIGN_GEOMETRIC_PRESENTATION_REPRESENTATION (  '', ( #7087 ), #340 ) ;
#5839 = CARTESIAN_POINT ( 'NONE',  ( 2.100000000000010747, 0.000000000000000000, -0.6249999999999998890 ) ) ;
#5840 = CARTESIAN_POINT ( 'NONE',  ( 0.1250000000000025258, 0.2000000000000000111, 2.499999999999973799 ) ) ;
#5841 = ORIENTED_EDGE ( 'NONE', *, *, #25, .F. ) ;
#5842 = PLANE ( 'NONE',  #3506 ) ;
#5843 =( GEOMETRIC_REPRESENTATION_CONTEXT ( 3 ) GLOBAL_UNCERTAINTY_ASSIGNED_CONTEXT ( ( #4040 ) ) GLOBAL_UNIT_ASSIGNED_CONTEXT ( ( #1728, #3400, #1626 ) ) REPRESENTATION_CONTEXT ( 'NONE', 'WORKASPACE' ) );
#5844 = ORIENTED_EDGE ( 'NONE', *, *, #9719, .F. ) ;
#5845 = CARTESIAN_POINT ( 'NONE',  ( -2.500000000000000000, -7.071067811865475505, 2.500000000000000000 ) ) ;
#5846 = DIRECTION ( 'NONE',  ( -1.000000000000000000, 0.000000000000000000, 1.029992063861229055E-14 ) ) ;
#5847 = LINE ( 'NONE', #10960, #10270 ) ;
#5848 = CARTESIAN_POINT ( 'NONE',  ( 0.1249999999999977796, 0.2000000000000000111, -2.499999999999984457 ) ) ;
#5849 = DIRECTION ( 'NONE',  ( 1.000000000000000000, 0.000000000000000000, -2.344220913482196012E-15 ) ) ;
#5851 = LINE ( 'NONE', #6060, #4002 ) ;
#5850 = DIRECTION ( 'NONE',  ( -1.439820485060763520E-13, 0.000000000000000000, -1.000000000000000000 ) ) ;
#5852 = ORIENTED_EDGE ( 'NONE', *, *, #163, .F. ) ;
#5853 = ORIENTED_EDGE ( 'NONE', *, *, #6826, .T. ) ;
#5854 = ADVANCED_FACE ( 'NONE', ( #1025 ), #2804, .T. ) ;
#5855 = EDGE_CURVE ( 'NONE', #4803, #784, #6122, .T. ) ;
#5856 = VECTOR ( 'NONE', #7220, 1000.000000000000000 ) ;
#5858 = EDGE_LOOP ( 'NONE', ( #6935, #4072, #6609, #7249 ) ) ;
#5857 =( LENGTH_UNIT ( ) NAMED_UNIT ( * ) SI_UNIT ( .MILLI., .METRE. ) );
#5859 = EDGE_LOOP ( 'NONE', ( #7268, #2383, #2246, #4344 ) ) ;
#5860 = EDGE_CURVE ( 'NONE', #6812, #9498, #6128, .T. ) ;
#5861 = VECTOR ( 'NONE', #6076, 1000.000000000000114 ) ;
#5862 =( NAMED_UNIT ( * ) SI_UNIT ( $, .STERADIAN. ) SOLID_ANGLE_UNIT ( ) );
#5863 = LINE ( 'NONE', #9265, #1036 ) ;
#5864 = VERTEX_POINT ( 'NONE', #9471 ) ;
#5865 = CARTESIAN_POINT ( 'NONE',  ( -0.8750000000000022204, 0.2000000000000000111, -2.499999999999974243 ) ) ;
#5866 = EDGE_CURVE ( 'NONE', #6629, #10778, #3746, .T. ) ;
#5867 = PLANE ( 'NONE',  #5051 ) ;
#5868 = ADVANCED_FACE ( 'NONE', ( #5301 ), #8708, .F. ) ;
#5869 = ORIENTED_EDGE ( 'NONE', *, *, #10505, .T. ) ;
#5870 = EDGE_CURVE ( 'NONE', #2220, #10286, #6200, .T. ) ;
#5871 = AXIS2_PLACEMENT_3D ( 'NONE', #9740, #527, #5514 ) ;
#5872 = ORIENTED_EDGE ( 'NONE', *, *, #776, .F. ) ;
#5873 =( NAMED_UNIT ( * ) SI_UNIT ( $, .STERADIAN. ) SOLID_ANGLE_UNIT ( ) );
#5874 = EDGE_LOOP ( 'NONE', ( #1312, #29, #3538, #5432 ) ) ;
#5875 = CARTESIAN_POINT ( 'NONE',  ( 2.100000000000000089, 0.2000000000000000111, -1.625000000000000000 ) ) ;
#5876 = ORIENTED_EDGE ( 'NONE', *, *, #6628, .T. ) ;
#5877 = DIRECTION ( 'NONE',  ( -9.757819552369536751E-15, 0.000000000000000000, -1.000000000000000000 ) ) ;
#5878 = DIRECTION ( 'NONE',  ( 9.757819552369536751E-15, 0.000000000000000000, 1.000000000000000000 ) ) ;
#5879 = VECTOR ( 'NONE', #3093, 1000.000000000000114 ) ;
#5880 = ORIENTED_EDGE ( 'NONE', *, *, #8601, .T. ) ;
#5882 = CARTESIAN_POINT ( 'NONE',  ( 2.100000000000016076, 0.000000000000000000, -0.1249999999999999167 ) ) ;
#5881 = CARTESIAN_POINT ( 'NONE',  ( 0.3749999999999993339, 0.2000000000000000111, -2.100000000000020073 ) ) ;
#5883 = DIRECTION ( 'NONE',  ( 0.000000000000000000, -0.000000000000000000, 1.000000000000000000 ) ) ;
#5884 = DIRECTION ( 'NONE',  ( 1.000000000000000000, 0.000000000000000000, 2.949029909160572061E-14 ) ) ;
#5885 = ORIENTED_EDGE ( 'NONE', *, *, #3271, .T. ) ;
#5886 = DIRECTION ( 'NONE',  ( 0.000000000000000000, 1.000000000000000000, 0.000000000000000000 ) ) ;
#5887 = ORIENTED_EDGE ( 'NONE', *, *, #2339, .T. ) ;
#5888 = VERTEX_POINT ( 'NONE', #7855 ) ;
#5889 = VERTEX_POINT ( 'NONE', #5239 ) ;
#5890 = ORIENTED_EDGE ( 'NONE', *, *, #10611, .F. ) ;
#5891 = CARTESIAN_POINT ( 'NONE',  ( 0.6250000000000025535, 0.000000000000000000, 2.499999999999968470 ) ) ;
#5892 = PLANE ( 'NONE',  #5101 ) ;
#5893 = LINE ( 'NONE', #3284, #4401 ) ;
#5894 = VERTEX_POINT ( 'NONE', #7806 ) ;
#5895 = CARTESIAN_POINT ( 'NONE',  ( -1.525000000000000133, 0.2000000000000000111, 1.524999999999999245 ) ) ;
#5896 = ORIENTED_EDGE ( 'NONE', *, *, #5457, .F. ) ;
#5897 = LINE ( 'NONE', #687, #1362 ) ;
#5898 = SURFACE_STYLE_FILL_AREA ( #3294 ) ;
#5899 = SURFACE_SIDE_STYLE ('',( #4963 ) ) ;
#5900 = LINE ( 'NONE', #7686, #5650 ) ;
#5901 = CARTESIAN_POINT ( 'NONE',  ( -2.099999999999972555, 0.2000000000000000111, 0.1249999999999988065 ) ) ;
#5902 = DIRECTION ( 'NONE',  ( -0.000000000000000000, -1.000000000000000000, -0.000000000000000000 ) ) ;
#5903 = CARTESIAN_POINT ( 'NONE',  ( 2.100000000000026290, 0.2000000000000000111, 0.8750000000000001110 ) ) ;
#5904 = ORIENTED_EDGE ( 'NONE', *, *, #2940, .F. ) ;
#5905 = VERTEX_POINT ( 'NONE', #192 ) ;
#5907 = ORIENTED_EDGE ( 'NONE', *, *, #5394, .F. ) ;
#5906 = SURFACE_STYLE_FILL_AREA ( #2420 ) ;
#5908 = ORIENTED_EDGE ( 'NONE', *, *, #507, .T. ) ;
#5909 = DIRECTION ( 'NONE',  ( 0.000000000000000000, -0.000000000000000000, 1.000000000000000000 ) ) ;
#5910 = ORIENTED_EDGE ( 'NONE', *, *, #4770, .F. ) ;
#5911 = EDGE_CURVE ( 'NONE', #10127, #2721, #9523, .T. ) ;
#5912 = CARTESIAN_POINT ( 'NONE',  ( -2.099999999999974776, 0.2000000000000000111, 1.810000000000000053 ) ) ;
#5914 = DIRECTION ( 'NONE',  ( -0.000000000000000000, 1.000000000000000000, 0.000000000000000000 ) ) ;
#5913 = CARTESIAN_POINT ( 'NONE',  ( 2.500000000000000888, 0.2000000000000000111, 1.624999999999998668 ) ) ;
#5915 = UNCERTAINTY_MEASURE_WITH_UNIT (LENGTH_MEASURE( 1.000000000000000082E-05 ), #6711, 'distance_accuracy_value', 'NONE');
#5916 = ADVANCED_FACE ( 'NONE', ( #241 ), #3582, .T. ) ;
#5917 = VERTEX_POINT ( 'NONE', #8763 ) ;
#5918 = EDGE_CURVE ( 'NONE', #6429, #2140, #1135, .T. ) ;
#5919 = VERTEX_POINT ( 'NONE', #10469 ) ;
#5920 = CARTESIAN_POINT ( 'NONE',  ( -0.1250000000000022204, 0.2000000000000000111, -2.499999999999972022 ) ) ;
#5921 = EDGE_CURVE ( 'NONE', #8258, #5254, #7908, .T. ) ;
#5922 = EDGE_LOOP ( 'NONE', ( #4450, #6401, #1172, #3462 ) ) ;
#5923 = CARTESIAN_POINT ( 'NONE',  ( 0.6250000000000009992, 0.2000000000000000111, 2.100000000000011635 ) ) ;
#5924 = EDGE_CURVE ( 'NONE', #2842, #5777, #8812, .T. ) ;
#5925 = PLANE ( 'NONE',  #1010 ) ;
#5926 = CARTESIAN_POINT ( 'NONE',  ( 2.499999999999995559, 0.2000000000000000111, 1.124999999999998668 ) ) ;
#5927 = LINE ( 'NONE', #3543, #4625 ) ;
#5928 = EDGE_CURVE ( 'NONE', #4065, #3465, #9679, .T. ) ;
#5929 = ORIENTED_EDGE ( 'NONE', *, *, #8523, .T. ) ;
#5930 = ADVANCED_FACE ( 'NONE', ( #939 ), #2435, .T. ) ;
#5932 = DIRECTION ( 'NONE',  ( -0.000000000000000000, 1.000000000000000000, 0.000000000000000000 ) ) ;
#5931 = DIRECTION ( 'NONE',  ( -1.000000000000000000, 0.000000000000000000, -8.439195288535886079E-14 ) ) ;
#5933 = CARTESIAN_POINT ( 'NONE',  ( 0.000000000000000000, 0.2000000000000000111, 0.000000000000000000 ) ) ;
#5934 = EDGE_CURVE ( 'NONE', #10407, #7535, #10825, .T. ) ;
#5935 = DIRECTION ( 'NONE',  ( 2.949029909160572061E-14, 0.000000000000000000, -1.000000000000000000 ) ) ;
#5936 = ORIENTED_EDGE ( 'NONE', *, *, #1650, .F. ) ;
#5937 = CARTESIAN_POINT ( 'NONE',  ( -1.675000000000000266, 0.2000000000000000111, -1.375000000000000888 ) ) ;
#5938 = ORIENTED_EDGE ( 'NONE', *, *, #7547, .T. ) ;
#5939 = VECTOR ( 'NONE', #3424, 1000.000000000000000 ) ;
#5940 = DIRECTION ( 'NONE',  ( -1.040834085586083310E-14, -0.000000000000000000, -1.000000000000000000 ) ) ;
#5941 = EDGE_CURVE ( 'NONE', #9766, #1405, #1610, .T. ) ;
#5942 = ORIENTED_EDGE ( 'NONE', *, *, #1546, .F. ) ;
#5943 = ORIENTED_EDGE ( 'NONE', *, *, #840, .F. ) ;
#5944 = ORIENTED_EDGE ( 'NONE', *, *, #2403, .F. ) ;
#5945 = CARTESIAN_POINT ( 'NONE',  ( -2.099999999999975220, 0.2000000000000000111, -0.1250000000000009714 ) ) ;
#5946 = ADVANCED_FACE ( 'NONE', ( #720 ), #3384, .F. ) ;
#5947 = DIRECTION ( 'NONE',  ( -9.757819552369538328E-15, 0.000000000000000000, -1.000000000000000000 ) ) ;
#5948 = LINE ( 'NONE', #3401, #4927 ) ;
#5949 = DIRECTION ( 'NONE',  ( 9.757819552369538328E-15, 0.000000000000000000, 1.000000000000000000 ) ) ;
#5950 = ORIENTED_EDGE ( 'NONE', *, *, #9857, .T. ) ;
#5951 = EDGE_CURVE ( 'NONE', #9751, #6465, #5819, .T. ) ;
#5952 = AXIS2_PLACEMENT_3D ( 'NONE', #2728, #6067, #8630 ) ;
#5953 = ORIENTED_EDGE ( 'NONE', *, *, #2477, .F. ) ;
#5954 = VECTOR ( 'NONE', #7773, 1000.000000000000000 ) ;
#5955 = DIRECTION ( 'NONE',  ( -0.7071067811865511255, 0.000000000000000000, 0.7071067811865440200 ) ) ;
#5956 = SURFACE_STYLE_USAGE ( .BOTH. , #7572 ) ;
#5957 = FACE_OUTER_BOUND ( 'NONE', #8479, .T. ) ;
#5958 = LINE ( 'NONE', #4352, #4919 ) ;
#5959 = DIRECTION ( 'NONE',  ( 0.000000000000000000, -0.000000000000000000, 1.000000000000000000 ) ) ;
#5960 = PLANE ( 'NONE',  #1223 ) ;
#5961 = AXIS2_PLACEMENT_3D ( 'NONE', #7441, #7606, #10207 ) ;
#5962 = ORIENTED_EDGE ( 'NONE', *, *, #10964, .T. ) ;
#5963 = EDGE_LOOP ( 'NONE', ( #6164, #8048, #9977, #756 ) ) ;
#5964 = EDGE_LOOP ( 'NONE', ( #4844, #7299, #7782, #9777 ) ) ;
#5965 = AXIS2_PLACEMENT_3D ( 'NONE', #768, #8164, #10767 ) ;
#5966 = DIRECTION ( 'NONE',  ( 0.000000000000000000, 0.000000000000000000, 1.000000000000000000 ) ) ;
#5967 = DIRECTION ( 'NONE',  ( 0.000000000000000000, -1.000000000000000000, 0.000000000000000000 ) ) ;
#5968 = PRESENTATION_LAYER_ASSIGNMENT (  '', '', ( #8826 ) ) ;
#5969 = VERTEX_POINT ( 'NONE', #9227 ) ;
#5970 = PLANE ( 'NONE',  #9573 ) ;
#5972 = DIRECTION ( 'NONE',  ( -9.757819552369536751E-15, 0.000000000000000000, -1.000000000000000000 ) ) ;
#5971 = LINE ( 'NONE', #9372, #143 ) ;
#5973 = ORIENTED_EDGE ( 'NONE', *, *, #7703, .T. ) ;
#5974 = VERTEX_POINT ( 'NONE', #6619 ) ;
#5975 = VECTOR ( 'NONE', #8247, 1000.000000000000000 ) ;
#5976 =( NAMED_UNIT ( * ) PLANE_ANGLE_UNIT ( ) SI_UNIT ( $, .RADIAN. ) );
#5977 = EDGE_LOOP ( 'NONE', ( #5757, #10332, #9292, #762 ) ) ;
#5978 = CARTESIAN_POINT ( 'NONE',  ( 0.3749999999999977796, 0.2000000000000000111, -2.499999999999976907 ) ) ;
#5979 = DIRECTION ( 'NONE',  ( -9.757819552369536751E-15, 0.000000000000000000, -1.000000000000000000 ) ) ;
#5980 = EDGE_CURVE ( 'NONE', #3353, #5031, #1005, .T. ) ;
#5981 = LINE ( 'NONE', #1770, #9174 ) ;
#5982 = LINE ( 'NONE', #4433, #10793 ) ;
#5983 = EDGE_LOOP ( 'NONE', ( #4609, #844, #2709, #9161 ) ) ;
#5985 = CARTESIAN_POINT ( 'NONE',  ( 0.3750000000000024980, 0.2000000000000000111, 2.499999999999980904 ) ) ;
#5984 = DIRECTION ( 'NONE',  ( -3.794707603699675727E-15, 0.000000000000000000, -1.000000000000000000 ) ) ;
#5986 = VECTOR ( 'NONE', #5550, 1000.000000000000000 ) ;
#5987 = DIRECTION ( 'NONE',  ( -5.825563911862536913E-15, 0.000000000000000000, -1.000000000000000000 ) ) ;
#5988 = VECTOR ( 'NONE', #571, 1000.000000000000000 ) ;
#5989 = DIRECTION ( 'NONE',  ( -0.000000000000000000, -1.000000000000000000, -0.000000000000000000 ) ) ;
#5990 = AXIS2_PLACEMENT_3D ( 'NONE', #3505, #7009, #6849 ) ;
#5991 = VECTOR ( 'NONE', #495, 1000.000000000000000 ) ;
#5992 = ORIENTED_EDGE ( 'NONE', *, *, #2924, .F. ) ;
#5993 = EDGE_CURVE ( 'NONE', #6744, #248, #8499, .T. ) ;
#5994 = EDGE_CURVE ( 'NONE', #10147, #6494, #820, .T. ) ;
#5995 = CARTESIAN_POINT ( 'NONE',  ( 2.499999999999969802, 0.2000000000000000111, -1.375000000000001332 ) ) ;
#5996 = VECTOR ( 'NONE', #8667, 1000.000000000000000 ) ;
#5997 = DIRECTION ( 'NONE',  ( 0.000000000000000000, 0.000000000000000000, -1.000000000000000000 ) ) ;
#5998 = EDGE_LOOP ( 'NONE', ( #8361, #7101, #6145, #5796 ) ) ;
#5999 = ORIENTED_EDGE ( 'NONE', *, *, #2203, .F. ) ;
#6000 = EDGE_LOOP ( 'NONE', ( #9237, #1777, #8425, #8311, #7854 ) ) ;
#6001 = EDGE_CURVE ( 'NONE', #8121, #135, #2544, .T. ) ;
#6002 = EDGE_CURVE ( 'NONE', #330, #7507, #2496, .T. ) ;
#6003 = CARTESIAN_POINT ( 'NONE',  ( 0.8749999999999978906, 0.2000000000000000111, -2.499999999999982236 ) ) ;
#6004 = VECTOR ( 'NONE', #4421, 1000.000000000000000 ) ;
#6005 = VECTOR ( 'NONE', #7674, 1000.000000000000000 ) ;
#6006 = CARTESIAN_POINT ( 'NONE',  ( 1.675000000000000044, 0.2000000000000000111, -1.525000000000000355 ) ) ;
#6007 = EDGE_CURVE ( 'NONE', #5047, #1723, #9327, .T. ) ;
#6008 = FACE_OUTER_BOUND ( 'NONE', #2150, .T. ) ;
#6009 = CARTESIAN_POINT ( 'NONE',  ( 1.625000000000002442, 0.2000000000000000111, 2.499999999999957367 ) ) ;
#6010 = EDGE_CURVE ( 'NONE', #6958, #833, #6672, .T. ) ;
#6011 = VERTEX_POINT ( 'NONE', #4990 ) ;
#6012 = VECTOR ( 'NONE', #5408, 1000.000000000000000 ) ;
#6013 = VECTOR ( 'NONE', #10351, 1000.000000000000000 ) ;
#6014 = EDGE_CURVE ( 'NONE', #9085, #6439, #886, .T. ) ;
#6015 = AXIS2_PLACEMENT_3D ( 'NONE', #2485, #10037, #7531 ) ;
#6016 = VERTEX_POINT ( 'NONE', #8559 ) ;
#6017 = CARTESIAN_POINT ( 'NONE',  ( -2.500000000000000000, -7.071067811865475505, 2.500000000000000000 ) ) ;
#6018 = FACE_OUTER_BOUND ( 'NONE', #201, .T. ) ;
#6019 =( NAMED_UNIT ( * ) PLANE_ANGLE_UNIT ( ) SI_UNIT ( $, .RADIAN. ) );
#6020 = LINE ( 'NONE', #2519, #3523 ) ;
#6021 = DIRECTION ( 'NONE',  ( 1.000000000000000000, 0.000000000000000000, -1.439820485060763520E-13 ) ) ;
#6022 = LINE ( 'NONE', #186, #10250 ) ;
#6023 = FACE_OUTER_BOUND ( 'NONE', #308, .T. ) ;
#6024 = AXIS2_PLACEMENT_3D ( 'NONE', #786, #10175, #6688 ) ;
#6025 = EDGE_CURVE ( 'NONE', #10455, #2374, #7665, .T. ) ;
#6026 = ORIENTED_EDGE ( 'NONE', *, *, #9407, .F. ) ;
#6027 = CARTESIAN_POINT ( 'NONE',  ( 0.000000000000000000, 0.000000000000000000, 0.000000000000000000 ) ) ;
#6028 = AXIS2_PLACEMENT_3D ( 'NONE', #6343, #445, #500 ) ;
#6029 = ORIENTED_EDGE ( 'NONE', *, *, #316, .F. ) ;
#6030 = CARTESIAN_POINT ( 'NONE',  ( -2.499999999999983125, 0.2000000000000000111, -0.8749999999999968914 ) ) ;
#6032 = DIRECTION ( 'NONE',  ( -0.000000000000000000, -1.000000000000000000, -0.000000000000000000 ) ) ;
#6031 = DIRECTION ( 'NONE',  ( 0.000000000000000000, 1.000000000000000000, -0.000000000000000000 ) ) ;
#6033 = ORIENTED_EDGE ( 'NONE', *, *, #6002, .F. ) ;
#6034 = ORIENTED_EDGE ( 'NONE', *, *, #8666, .F. ) ;
#6035 = VECTOR ( 'NONE', #5695, 1000.000000000000000 ) ;
#6036 =( NAMED_UNIT ( * ) SI_UNIT ( $, .STERADIAN. ) SOLID_ANGLE_UNIT ( ) );
#6037 = ORIENTED_EDGE ( 'NONE', *, *, #8444, .F. ) ;
#6038 = DIRECTION ( 'NONE',  ( -1.000000000000000000, 0.000000000000000000, 1.040834085586083468E-14 ) ) ;
#6039 = CARTESIAN_POINT ( 'NONE',  ( -2.000000000000000000, 1.000000000000000000, -2.000000000000000000 ) ) ;
#6040 = DIRECTION ( 'NONE',  ( 1.000000000000000000, 0.000000000000000000, -1.439820485060763520E-13 ) ) ;
#6041 = DIRECTION ( 'NONE',  ( -1.000000000000000000, -0.000000000000000000, 1.084202172485504118E-14 ) ) ;
#6042 = AXIS2_PLACEMENT_3D ( 'NONE', #6458, #5383, #3723 ) ;
#6043 = ORIENTED_EDGE ( 'NONE', *, *, #2388, .T. ) ;
#6045 = LINE ( 'NONE', #6996, #10951 ) ;
#6044 = PLANE ( 'NONE',  #9723 ) ;
#6046 = LINE ( 'NONE', #6156, #8797 ) ;
#6047 = VECTOR ( 'NONE', #1780, 1000.000000000000000 ) ;
#6048 = FACE_OUTER_BOUND ( 'NONE', #1910, .T. ) ;
#6049 = ORIENTED_EDGE ( 'NONE', *, *, #6334, .F. ) ;
#6050 = FACE_OUTER_BOUND ( 'NONE', #7486, .T. ) ;
#6051 = LINE ( 'NONE', #3442, #8898 ) ;
#6052 = VECTOR ( 'NONE', #7157, 1000.000000000000000 ) ;
#6053 = EDGE_LOOP ( 'NONE', ( #1501, #6327, #1397, #2818, #8226 ) ) ;
#6054 = ORIENTED_EDGE ( 'NONE', *, *, #7644, .F. ) ;
#6055 = ORIENTED_EDGE ( 'NONE', *, *, #3091, .T. ) ;
#6056 = CARTESIAN_POINT ( 'NONE',  ( 0.3749999999999993339, 0.2000000000000000111, -2.100000000000020073 ) ) ;
#6057 = DIRECTION ( 'NONE',  ( -0.000000000000000000, 1.000000000000000000, -0.000000000000000000 ) ) ;
#6058 = DIRECTION ( 'NONE',  ( 1.000000000000000000, 0.000000000000000000, -6.472848790956864884E-16 ) ) ;
#6059 = CARTESIAN_POINT ( 'NONE',  ( -1.809999999999998943, 0.2000000000000000111, -2.099999999999999645 ) ) ;
#6060 = CARTESIAN_POINT ( 'NONE',  ( 2.499999999999988454, 0.2000000000000000111, 1.374999999999998668 ) ) ;
#6061 = ORIENTED_EDGE ( 'NONE', *, *, #10683, .F. ) ;
#6062 = AXIS2_PLACEMENT_3D ( 'NONE', #7923, #3594, #3709 ) ;
#6063 = EDGE_CURVE ( 'NONE', #8561, #3098, #5981, .T. ) ;
#6064 = ADVANCED_FACE ( 'NONE', ( #10875 ), #4211, .T. ) ;
#6065 = EDGE_LOOP ( 'NONE', ( #2524, #2449, #805, #6725 ) ) ;
#6066 = ADVANCED_FACE ( 'NONE', ( #2381 ), #9167, .T. ) ;
#6067 = DIRECTION ( 'NONE',  ( -3.794707603699675727E-15, 0.000000000000000000, -1.000000000000000000 ) ) ;
#6068 = EDGE_CURVE ( 'NONE', #4591, #544, #5258, .T. ) ;
#6069 = LINE ( 'NONE', #284, #3001 ) ;
#6070 = DIRECTION ( 'NONE',  ( 0.000000000000000000, -1.000000000000000000, 0.000000000000000000 ) ) ;
#6071 = EDGE_CURVE ( 'NONE', #4718, #9861, #8777, .T. ) ;
#6072 = DIRECTION ( 'NONE',  ( 0.000000000000000000, 1.000000000000000000, 0.000000000000000000 ) ) ;
#6073 = ADVANCED_FACE ( 'NONE', ( #1874 ), #9544, .F. ) ;
#6074 = CARTESIAN_POINT ( 'NONE',  ( -2.000000000000000000, 0.9499999999999999556, -2.000000000000000000 ) ) ;
#6075 = CARTESIAN_POINT ( 'NONE',  ( -0.1250000000000014710, 0.2000000000000000111, 2.099999999999985878 ) ) ;
#6077 = EDGE_LOOP ( 'NONE', ( #2018, #10189, #5486, #2210 ) ) ;
#6076 = DIRECTION ( 'NONE',  ( 0.7071067811865474617, 0.000000000000000000, -0.7071067811865474617 ) ) ;
#6078 = DIRECTION ( 'NONE',  ( -1.000000000000000000, 0.000000000000000000, 9.757819552369536751E-15 ) ) ;
#6079 = SURFACE_SIDE_STYLE ('',( #1085 ) ) ;
#6080 = PLANE ( 'NONE',  #1576 ) ;
#6081 = EDGE_LOOP ( 'NONE', ( #4944, #7340, #10828, #1503 ) ) ;
#6082 = EDGE_CURVE ( 'NONE', #2392, #3743, #318, .T. ) ;
#6083 = DIRECTION ( 'NONE',  ( -1.040834085586083310E-14, -0.000000000000000000, -1.000000000000000000 ) ) ;
#6085 = LINE ( 'NONE', #7861, #7363 ) ;
#6084 = FACE_OUTER_BOUND ( 'NONE', #10898, .T. ) ;
#6086 = VERTEX_POINT ( 'NONE', #89 ) ;
#6087 = EDGE_LOOP ( 'NONE', ( #9596, #6212, #5936, #1863 ) ) ;
#6088 = CARTESIAN_POINT ( 'NONE',  ( 0.000000000000000000, 0.2000000000000000111, 0.000000000000000000 ) ) ;
#6089 = ORIENTED_EDGE ( 'NONE', *, *, #2545, .F. ) ;
#6090 = CARTESIAN_POINT ( 'NONE',  ( 2.100000000000000533, 0.2000000000000000111, 1.625000000000002442 ) ) ;
#6091 = DIRECTION ( 'NONE',  ( 0.000000000000000000, 0.000000000000000000, -1.000000000000000000 ) ) ;
#6092 = PLANE ( 'NONE',  #1893 ) ;
#6093 = DIRECTION ( 'NONE',  ( -0.000000000000000000, -1.000000000000000000, -0.000000000000000000 ) ) ;
#6094 = VERTEX_POINT ( 'NONE', #7046 ) ;
#6096 = CARTESIAN_POINT ( 'NONE',  ( -2.500000000000000000, 0.04999999999999969746, 2.500000000000000000 ) ) ;
#6095 = CARTESIAN_POINT ( 'NONE',  ( -0.3750000000000022204, 0.2000000000000000111, -2.499999999999979128 ) ) ;
#6097 = DIRECTION ( 'NONE',  ( 0.000000000000000000, -0.000000000000000000, -1.000000000000000000 ) ) ;
#6098 = DIRECTION ( 'NONE',  ( -1.000000000000000000, 0.000000000000000000, -2.949029909160572061E-14 ) ) ;
#6099 = ORIENTED_EDGE ( 'NONE', *, *, #4787, .T. ) ;
#6100 = PLANE ( 'NONE',  #1570 ) ;
#6101 = CARTESIAN_POINT ( 'NONE',  ( -1.874999999999998890, 0.2000000000000000111, -2.164999999999999591 ) ) ;
#6102 = ORIENTED_EDGE ( 'NONE', *, *, #9733, .T. ) ;
#6103 = ORIENTED_EDGE ( 'NONE', *, *, #4437, .T. ) ;
#6104 = ORIENTED_EDGE ( 'NONE', *, *, #5740, .T. ) ;
#6105 = DIRECTION ( 'NONE',  ( 0.000000000000000000, -1.000000000000000000, 0.000000000000000000 ) ) ;
#6106 = ORIENTED_EDGE ( 'NONE', *, *, #7566, .F. ) ;
#6107 = CARTESIAN_POINT ( 'NONE',  ( -2.499999999999967581, 0.2000000000000000111, 0.6250000000000031086 ) ) ;
#6108 = CARTESIAN_POINT ( 'NONE',  ( 1.809999999999999165, 0.2000000000000000111, 2.100000000000000977 ) ) ;
#6109 = LINE ( 'NONE', #9718, #3460 ) ;
#6110 = ORIENTED_EDGE ( 'NONE', *, *, #3031, .T. ) ;
#6111 = VECTOR ( 'NONE', #9217, 1000.000000000000000 ) ;
#6112 = ORIENTED_EDGE ( 'NONE', *, *, #2881, .T. ) ;
#6113 = LINE ( 'NONE', #3452, #8978 ) ;
#6114 = EDGE_CURVE ( 'NONE', #5917, #10147, #6270, .T. ) ;
#6115 = ADVANCED_FACE ( 'NONE', ( #9437 ), #1149, .F. ) ;
#6116 = VECTOR ( 'NONE', #6032, 1000.000000000000000 ) ;
#6117 = CARTESIAN_POINT ( 'NONE',  ( -0.8749999999999975575, 0.2000000000000000111, 2.499999999999984013 ) ) ;
#6118 = LINE ( 'NONE', #9416, #8132 ) ;
#6119 = DIRECTION ( 'NONE',  ( -1.000000000000000000, 0.000000000000000000, 2.168404344970728034E-15 ) ) ;
#6120 = EDGE_CURVE ( 'NONE', #5732, #2115, #7110, .T. ) ;
#6121 = VECTOR ( 'NONE', #6091, 1000.000000000000000 ) ;
#6122 = CIRCLE ( 'NONE', #1341, 0.1499999999999999667 ) ;
#6123 = ADVANCED_FACE ( 'NONE', ( #3711 ), #6092, .T. ) ;
#6124 = EDGE_CURVE ( 'NONE', #5590, #9343, #985, .T. ) ;
#6126 = VERTEX_POINT ( 'NONE', #1098 ) ;
#6125 = DIRECTION ( 'NONE',  ( 1.000000000000000000, 0.000000000000000000, 2.949029909160572061E-14 ) ) ;
#6127 = MANIFOLD_SOLID_BREP ( 'Boss-Extrude3[6]', #4551 ) ;
#6128 = LINE ( 'NONE', #6980, #8640 ) ;
#6129 =( NAMED_UNIT ( * ) PLANE_ANGLE_UNIT ( ) SI_UNIT ( $, .RADIAN. ) );
#6130 = DIRECTION ( 'NONE',  ( -1.000000000000000000, 0.000000000000000000, 1.421904488505580887E-16 ) ) ;
#6131 = ORIENTED_EDGE ( 'NONE', *, *, #4785, .F. ) ;
#6132 = VECTOR ( 'NONE', #3574, 1000.000000000000000 ) ;
#6133 = LINE ( 'NONE', #196, #7262 ) ;
#6134 = VECTOR ( 'NONE', #5698, 1000.000000000000000 ) ;
#6136 = CARTESIAN_POINT ( 'NONE',  ( -1.874999999999997558, 0.000000000000000000, 2.499999999999994671 ) ) ;
#6135 = CARTESIAN_POINT ( 'NONE',  ( -0.6250000000000022204, 0.2000000000000000111, -2.499999999999966693 ) ) ;
#6137 = ORIENTED_EDGE ( 'NONE', *, *, #8265, .T. ) ;
#6138 = EDGE_CURVE ( 'NONE', #10223, #3199, #4483, .T. ) ;
#6139 = VERTEX_POINT ( 'NONE', #1985 ) ;
#6140 = EDGE_CURVE ( 'NONE', #342, #10750, #6149, .T. ) ;
#6141 = VECTOR ( 'NONE', #4795, 1000.000000000000000 ) ;
#6142 = EDGE_CURVE ( 'NONE', #6516, #10211, #7869, .T. ) ;
#6143 = ORIENTED_EDGE ( 'NONE', *, *, #7293, .F. ) ;
#6144 = CLOSED_SHELL ( 'NONE', ( #6791, #10627, #1943, #8320, #1710, #3700 ) ) ;
#6145 = ORIENTED_EDGE ( 'NONE', *, *, #1232, .F. ) ;
#6146 =( GEOMETRIC_REPRESENTATION_CONTEXT ( 3 ) GLOBAL_UNCERTAINTY_ASSIGNED_CONTEXT ( ( #10711 ) ) GLOBAL_UNIT_ASSIGNED_CONTEXT ( ( #1913, #6129, #7909 ) ) REPRESENTATION_CONTEXT ( 'NONE', 'WORKASPACE' ) );
#6147 = FACE_OUTER_BOUND ( 'NONE', #6545, .T. ) ;
#6148 = DIRECTION ( 'NONE',  ( 9.961107459710570410E-15, 0.000000000000000000, 1.000000000000000000 ) ) ;
#6149 = LINE ( 'NONE', #7762, #3312 ) ;
#6150 = DIRECTION ( 'NONE',  ( 1.000000000000000000, 0.000000000000000000, -1.029992063861228897E-14 ) ) ;
#6151 = VERTEX_POINT ( 'NONE', #9929 ) ;
#6152 = ADVANCED_FACE ( 'NONE', ( #3037 ), #6492, .F. ) ;
#6154 = CARTESIAN_POINT ( 'NONE',  ( 1.809999999999999165, 0.04999999999999999584, 2.100000000000000977 ) ) ;
#6153 = CARTESIAN_POINT ( 'NONE',  ( -0.1249999999999925754, 0.05000000000000000278, 4.828087799349746619E-16 ) ) ;
#6155 = EDGE_CURVE ( 'NONE', #3643, #8342, #10532, .T. ) ;
#6156 = CARTESIAN_POINT ( 'NONE',  ( 0.6250000000000025535, 0.000000000000000000, 2.499999999999968470 ) ) ;
#6157 = VECTOR ( 'NONE', #9756, 1000.000000000000000 ) ;
#6158 = LINE ( 'NONE', #2039, #9164 ) ;
#6159 = COLOUR_RGB ( '',0.7921568627450980005, 0.8196078431372548767, 0.9333333333333333481 ) ;
#6160 = VECTOR ( 'NONE', #9197, 1000.000000000000000 ) ;
#6161 = VERTEX_POINT ( 'NONE', #6552 ) ;
#6162 = DIRECTION ( 'NONE',  ( 1.000000000000000000, 0.000000000000000000, -9.893344823930226383E-15 ) ) ;
#6163 = DIRECTION ( 'NONE',  ( 3.794707603699675727E-15, 0.000000000000000000, 1.000000000000000000 ) ) ;
#6164 = ORIENTED_EDGE ( 'NONE', *, *, #8579, .F. ) ;
#6165 = EDGE_LOOP ( 'NONE', ( #1961, #7126, #3821, #4740 ) ) ;
#6166 = VERTEX_POINT ( 'NONE', #2148 ) ;
#6167 = AXIS2_PLACEMENT_3D ( 'NONE', #10603, #3826, #9116 ) ;
#6168 = DIRECTION ( 'NONE',  ( -0.000000000000000000, -1.000000000000000000, -0.000000000000000000 ) ) ;
#6169 = AXIS2_PLACEMENT_3D ( 'NONE', #8670, #1052, #2765 ) ;
#6170 = ORIENTED_EDGE ( 'NONE', *, *, #7886, .T. ) ;
#6171 = FILL_AREA_STYLE ('',( #4550 ) ) ;
#6172 = PLANE ( 'NONE',  #9709 ) ;
#6173 = VECTOR ( 'NONE', #6481, 1000.000000000000000 ) ;
#6174 = DIRECTION ( 'NONE',  ( 0.000000000000000000, -1.000000000000000000, 0.000000000000000000 ) ) ;
#6175 = AXIS2_PLACEMENT_3D ( 'NONE', #1285, #6413, #1452 ) ;
#6176 = FACE_OUTER_BOUND ( 'NONE', #1951, .T. ) ;
#6177 = ORIENTED_EDGE ( 'NONE', *, *, #9893, .T. ) ;
#6178 = VERTEX_POINT ( 'NONE', #3873 ) ;
#6179 = AXIS2_PLACEMENT_3D ( 'NONE', #7789, #2893, #8790 ) ;
#6180 = AXIS2_PLACEMENT_3D ( 'NONE', #4071, #10847, #2296 ) ;
#6181 = ORIENTED_EDGE ( 'NONE', *, *, #9070, .F. ) ;
#6182 = AXIS2_PLACEMENT_3D ( 'NONE', #7326, #10713, #10765 ) ;
#6183 = ORIENTED_EDGE ( 'NONE', *, *, #3484, .F. ) ;
#6184 = DIRECTION ( 'NONE',  ( -0.000000000000000000, -0.000000000000000000, 1.000000000000000000 ) ) ;
#6185 =( LENGTH_UNIT ( ) NAMED_UNIT ( * ) SI_UNIT ( .MILLI., .METRE. ) );
#6186 = AXIS2_PLACEMENT_3D ( 'NONE', #6832, #1875, #9384 ) ;
#6187 = LINE ( 'NONE', #8700, #2803 ) ;
#6188 = DIRECTION ( 'NONE',  ( -1.000000000000000000, 0.000000000000000000, 4.065758146821081023E-15 ) ) ;
#6189 = EDGE_CURVE ( 'NONE', #6988, #9497, #3085, .T. ) ;
#6190 = CARTESIAN_POINT ( 'NONE',  ( 0.000000000000000000, 0.000000000000000000, 0.000000000000000000 ) ) ;
#6191 = VECTOR ( 'NONE', #4880, 1000.000000000000114 ) ;
#6192 = VECTOR ( 'NONE', #10757, 1000.000000000000000 ) ;
#6193 = VECTOR ( 'NONE', #220, 1000.000000000000000 ) ;
#6194 = AXIS2_PLACEMENT_3D ( 'NONE', #9413, #8582, #960 ) ;
#6196 = ORIENTED_EDGE ( 'NONE', *, *, #9966, .T. ) ;
#6195 = DIRECTION ( 'NONE',  ( 0.000000000000000000, -0.000000000000000000, 1.000000000000000000 ) ) ;
#6197 = MANIFOLD_SOLID_BREP ( 'Boss-Extrude3[23]', #4020 ) ;
#6198 = ADVANCED_FACE ( 'NONE', ( #2315 ), #376, .T. ) ;
#6199 = AXIS2_PLACEMENT_3D ( 'NONE', #3298, #5849, #798 ) ;
#6200 = LINE ( 'NONE', #9584, #6333 ) ;
#6201 = SURFACE_STYLE_USAGE ( .BOTH. , #926 ) ;
#6202 = FACE_OUTER_BOUND ( 'NONE', #10783, .T. ) ;
#6203 = ORIENTED_EDGE ( 'NONE', *, *, #728, .T. ) ;
#6204 = DIRECTION ( 'NONE',  ( -1.029992063861229055E-14, 0.000000000000000000, -1.000000000000000000 ) ) ;
#6206 = DIRECTION ( 'NONE',  ( -1.000000000000000000, 0.000000000000000000, 3.930232875260377980E-15 ) ) ;
#6205 = PLANE ( 'NONE',  #8321 ) ;
#6207 = ADVANCED_FACE ( 'NONE', ( #10588 ), #4650, .F. ) ;
#6208 = ADVANCED_FACE ( 'NONE', ( #9863 ), #10706, .F. ) ;
#6209 = ORIENTED_EDGE ( 'NONE', *, *, #3167, .T. ) ;
#6210 = ORIENTED_EDGE ( 'NONE', *, *, #3427, .T. ) ;
#6211 = VERTEX_POINT ( 'NONE', #9693 ) ;
#6212 = ORIENTED_EDGE ( 'NONE', *, *, #4910, .F. ) ;
#6213 = ADVANCED_FACE ( 'NONE', ( #8087 ), #2977, .T. ) ;
#6214 =( GEOMETRIC_REPRESENTATION_CONTEXT ( 3 ) GLOBAL_UNCERTAINTY_ASSIGNED_CONTEXT ( ( #3938 ) ) GLOBAL_UNIT_ASSIGNED_CONTEXT ( ( #109, #173, #6906 ) ) REPRESENTATION_CONTEXT ( 'NONE', 'WORKASPACE' ) );
#6215 = CARTESIAN_POINT ( 'NONE',  ( 1.874999999999999778, 0.000000000000000000, -2.165000000000000036 ) ) ;
#6216 = LINE ( 'NONE', #7990, #8078 ) ;
#6217 = DIRECTION ( 'NONE',  ( 0.000000000000000000, -0.000000000000000000, 1.000000000000000000 ) ) ;
#6218 = EDGE_CURVE ( 'NONE', #5196, #8183, #5639, .T. ) ;
#6219 = CARTESIAN_POINT ( 'NONE',  ( 2.499999999999995559, 0.000000000000000000, 1.124999999999998668 ) ) ;
#6220 = VERTEX_POINT ( 'NONE', #2197 ) ;
#6221 = EDGE_CURVE ( 'NONE', #3316, #1003, #5579, .T. ) ;
#6223 = CARTESIAN_POINT ( 'NONE',  ( 2.499999999999972911, 0.2000000000000000111, -0.1250000000000014988 ) ) ;
#6222 = LINE ( 'NONE', #257, #10276 ) ;
#6224 = MANIFOLD_SOLID_BREP ( 'Cut-Extrude2', #8639 ) ;
#6225 = EDGE_CURVE ( 'NONE', #10030, #3, #9103, .T. ) ;
#6226 = DIRECTION ( 'NONE',  ( -1.000000000000000000, 0.000000000000000000, 1.029992063861229055E-14 ) ) ;
#6227 = EDGE_CURVE ( 'NONE', #736, #2726, #1430, .T. ) ;
#6228 = CARTESIAN_POINT ( 'NONE',  ( -1.125000000000002220, 0.000000000000000000, -2.499999999999961364 ) ) ;
#6229 = COLOUR_RGB ( '',0.7921568627450980005, 0.8196078431372548767, 0.9333333333333333481 ) ;
#6230 = DIRECTION ( 'NONE',  ( -3.930232875260377980E-15, 0.000000000000000000, -1.000000000000000000 ) ) ;
#6231 = CARTESIAN_POINT ( 'NONE',  ( 1.125000000000002442, 0.000000000000000000, 2.499999999999963141 ) ) ;
#6232 = VECTOR ( 'NONE', #332, 1000.000000000000000 ) ;
#6233 = ORIENTED_EDGE ( 'NONE', *, *, #8381, .F. ) ;
#6234 = ORIENTED_EDGE ( 'NONE', *, *, #4642, .F. ) ;
#6235 = CARTESIAN_POINT ( 'NONE',  ( -6.437450399132913713E-15, 0.05000000000000000278, -0.6250000000000225375 ) ) ;
#6236 = ORIENTED_EDGE ( 'NONE', *, *, #4500, .F. ) ;
#6237 = LINE ( 'NONE', #10291, #6536 ) ;
#6238 = EDGE_CURVE ( 'NONE', #7204, #4593, #807, .T. ) ;
#6239 = CARTESIAN_POINT ( 'NONE',  ( 2.099999999999990319, 0.04999999999999999584, 0.6250000000000025535 ) ) ;
#6240 = DIRECTION ( 'NONE',  ( 1.439820485060763520E-13, 0.000000000000000000, 1.000000000000000000 ) ) ;
#6241 = ORIENTED_EDGE ( 'NONE', *, *, #10629, .F. ) ;
#6242 = MANIFOLD_SOLID_BREP ( 'Boss-Extrude3[25]', #468 ) ;
#6243 = ORIENTED_EDGE ( 'NONE', *, *, #4910, .T. ) ;
#6244 = VECTOR ( 'NONE', #104, 1000.000000000000114 ) ;
#6245 = VERTEX_POINT ( 'NONE', #10097 ) ;
#6246 = ORIENTED_EDGE ( 'NONE', *, *, #1732, .T. ) ;
#6247 = CARTESIAN_POINT ( 'NONE',  ( 1.124999999999997780, 0.2000000000000000111, -2.499999999999994671 ) ) ;
#6248 =( GEOMETRIC_REPRESENTATION_CONTEXT ( 3 ) GLOBAL_UNCERTAINTY_ASSIGNED_CONTEXT ( ( #4144 ) ) GLOBAL_UNIT_ASSIGNED_CONTEXT ( ( #9540, #7108, #1871 ) ) REPRESENTATION_CONTEXT ( 'NONE', 'WORKASPACE' ) );
#6249 = CARTESIAN_POINT ( 'NONE',  ( 1.625000000000021982, 0.05000000000000000278, -1.585645677260071376E-14 ) ) ;
#6250 = DIRECTION ( 'NONE',  ( -0.7071067811866890152, 0.000000000000000000, 0.7071067811864060193 ) ) ;
#6251 = CARTESIAN_POINT ( 'NONE',  ( -2.099999999999962341, 0.2000000000000000111, 1.124999999999998890 ) ) ;
#6253 = VERTEX_POINT ( 'NONE', #2482 ) ;
#6252 = CARTESIAN_POINT ( 'NONE',  ( 0.1249999999999977796, 0.2000000000000000111, -2.499999999999984457 ) ) ;
#6254 = MANIFOLD_SOLID_BREP ( 'Boss-Extrude3[7]', #9516 ) ;
#6255 = CARTESIAN_POINT ( 'NONE',  ( 2.100000000000016076, 0.2000000000000000111, -0.1249999999999999167 ) ) ;
#6256 = DIRECTION ( 'NONE',  ( 0.000000000000000000, -1.000000000000000000, 0.000000000000000000 ) ) ;
#6257 = LINE ( 'NONE', #9634, #6012 ) ;
#6258 = ORIENTED_EDGE ( 'NONE', *, *, #2272, .F. ) ;
#6259 = CARTESIAN_POINT ( 'NONE',  ( -2.499999999999954703, 0.2000000000000000111, 1.875000000000002887 ) ) ;
#6261 = DIRECTION ( 'NONE',  ( 0.000000000000000000, 0.000000000000000000, 1.000000000000000000 ) ) ;
#6260 = CARTESIAN_POINT ( 'NONE',  ( 1.374999999999998668, 0.04999999999999969746, -2.500000000000000000 ) ) ;
#6262 = ORIENTED_EDGE ( 'NONE', *, *, #6487, .T. ) ;
#6263 = ORIENTED_EDGE ( 'NONE', *, *, #9794, .F. ) ;
#6265 = EDGE_LOOP ( 'NONE', ( #10320, #9945, #9091, #10643 ) ) ;
#6264 = DIRECTION ( 'NONE',  ( 2.949029909160572061E-14, 0.000000000000000000, -1.000000000000000000 ) ) ;
#6266 = ORIENTED_EDGE ( 'NONE', *, *, #39, .T. ) ;
#6267 = CARTESIAN_POINT ( 'NONE',  ( 2.099999999999990319, 0.000000000000000000, 0.6250000000000025535 ) ) ;
#6268 = ADVANCED_FACE ( 'NONE', ( #8483 ), #10190, .F. ) ;
#6269 = CARTESIAN_POINT ( 'NONE',  ( -2.000000000000000000, 0.9499999999999999556, -2.000000000000000000 ) ) ;
#6270 = LINE ( 'NONE', #1934, #1346 ) ;
#6271 = CARTESIAN_POINT ( 'NONE',  ( 1.809999999999999831, 0.2000000000000000111, -2.100000000000000089 ) ) ;
#6272 = EDGE_LOOP ( 'NONE', ( #2616, #4384, #7555, #7622 ) ) ;
#6273 = DIRECTION ( 'NONE',  ( 9.757819552369536751E-15, 0.000000000000000000, 1.000000000000000000 ) ) ;
#6274 = ADVANCED_FACE ( 'NONE', ( #5358 ), #9472, .F. ) ;
#6275 = MANIFOLD_SOLID_BREP ( 'Boss-Extrude3[24]', #7740 ) ;
#6276 = DIRECTION ( 'NONE',  ( 1.040834085586083468E-14, 0.000000000000000000, 1.000000000000000000 ) ) ;
#6277 = DIRECTION ( 'NONE',  ( -9.757819552369536751E-15, 0.000000000000000000, -1.000000000000000000 ) ) ;
#6278 = ADVANCED_FACE ( 'NONE', ( #8645 ), #242, .T. ) ;
#6279 = EDGE_CURVE ( 'NONE', #10927, #4051, #1756, .T. ) ;
#6280 = LINE ( 'NONE', #9652, #2095 ) ;
#6281 = EDGE_CURVE ( 'NONE', #2539, #567, #7031, .T. ) ;
#6282 = FACE_OUTER_BOUND ( 'NONE', #6077, .T. ) ;
#6283 = EDGE_CURVE ( 'NONE', #3108, #10086, #6865, .T. ) ;
#6284 = VERTEX_POINT ( 'NONE', #6981 ) ;
#6285 = VERTEX_POINT ( 'NONE', #8709 ) ;
#6286 = DIRECTION ( 'NONE',  ( -9.757819552369538328E-15, 0.000000000000000000, -1.000000000000000000 ) ) ;
#6287 = ORIENTED_EDGE ( 'NONE', *, *, #5723, .T. ) ;
#6288 = EDGE_CURVE ( 'NONE', #4154, #2368, #968, .T. ) ;
#6290 = LINE ( 'NONE', #2049, #4083 ) ;
#6289 = SURFACE_SIDE_STYLE ('',( #3358 ) ) ;
#6291 = DIRECTION ( 'NONE',  ( -0.000000000000000000, -1.000000000000000000, -0.000000000000000000 ) ) ;
#6292 = PLANE ( 'NONE',  #4754 ) ;
#6293 = CARTESIAN_POINT ( 'NONE',  ( 0.1250000000000009159, 0.2000000000000000111, 2.100000000000016964 ) ) ;
#6294 = CARTESIAN_POINT ( 'NONE',  ( -2.499999999999967581, 0.2000000000000000111, 0.6250000000000031086 ) ) ;
#6295 = MANIFOLD_SOLID_BREP ( 'Boss-Extrude3[10]', #7920 ) ;
#6296 = VERTEX_POINT ( 'NONE', #410 ) ;
#6297 = EDGE_CURVE ( 'NONE', #3568, #10099, #7745, .T. ) ;
#6298 = EDGE_CURVE ( 'NONE', #3450, #6166, #3795, .T. ) ;
#6299 = VERTEX_POINT ( 'NONE', #3022 ) ;
#6300 = VERTEX_POINT ( 'NONE', #7145 ) ;
#6301 = LINE ( 'NONE', #8856, #1536 ) ;
#6302 = DIRECTION ( 'NONE',  ( 1.000000000000000000, -0.000000000000000000, -4.065758146821081023E-15 ) ) ;
#6303 = CARTESIAN_POINT ( 'NONE',  ( 2.165000000000000924, 0.2000000000000000111, 1.875000000000000666 ) ) ;
#6304 = EDGE_CURVE ( 'NONE', #736, #10974, #2906, .T. ) ;
#6305 = CARTESIAN_POINT ( 'NONE',  ( -2.099999999999957012, 0.2000000000000000111, 1.624999999999998890 ) ) ;
#6306 = CARTESIAN_POINT ( 'NONE',  ( -2.099999999999975220, 0.2000000000000000111, -0.1250000000000009714 ) ) ;
#6308 = VERTEX_POINT ( 'NONE', #8813 ) ;
#6307 = DIRECTION ( 'NONE',  ( 0.000000000000000000, -1.000000000000000000, 0.000000000000000000 ) ) ;
#6309 = MANIFOLD_SOLID_BREP ( 'Boss-Extrude3[4]', #289 ) ;
#6310 = VECTOR ( 'NONE', #6625, 1000.000000000000000 ) ;
#6311 = DIRECTION ( 'NONE',  ( 2.949029909160572061E-14, 0.000000000000000000, -1.000000000000000000 ) ) ;
#6312 = SURFACE_STYLE_FILL_AREA ( #4742 ) ;
#6313 = LINE ( 'NONE', #9585, #328 ) ;
#6314 = DIRECTION ( 'NONE',  ( 0.000000000000000000, -1.000000000000000000, 0.000000000000000000 ) ) ;
#6316 = CARTESIAN_POINT ( 'NONE',  ( 0.000000000000000000, 0.2000000000000000111, 0.000000000000000000 ) ) ;
#6315 = CARTESIAN_POINT ( 'NONE',  ( -2.499999999999964917, 0.000000000000000000, 0.8750000000000031086 ) ) ;
#6317 = VERTEX_POINT ( 'NONE', #2182 ) ;
#6318 = VECTOR ( 'NONE', #5284, 1000.000000000000000 ) ;
#6319 = EDGE_LOOP ( 'NONE', ( #2377, #4434, #6746, #1854 ) ) ;
#6321 = ORIENTED_EDGE ( 'NONE', *, *, #3567, .F. ) ;
#6320 = FILL_AREA_STYLE ('',( #2913 ) ) ;
#6322 = ORIENTED_EDGE ( 'NONE', *, *, #9415, .T. ) ;
#6323 = CARTESIAN_POINT ( 'NONE',  ( -0.6250000000000022204, 0.000000000000000000, -2.499999999999966693 ) ) ;
#6324 = DIRECTION ( 'NONE',  ( 0.000000000000000000, 1.000000000000000000, -0.000000000000000000 ) ) ;
#6325 = DIRECTION ( 'NONE',  ( 0.000000000000000000, -0.000000000000000000, 1.000000000000000000 ) ) ;
#6326 = AXIS2_PLACEMENT_3D ( 'NONE', #2744, #5464, #1912 ) ;
#6327 = ORIENTED_EDGE ( 'NONE', *, *, #2206, .F. ) ;
#6328 = CARTESIAN_POINT ( 'NONE',  ( -2.499999999999988454, 0.2000000000000000111, -1.374999999999996891 ) ) ;
#6329 = PRODUCT_DEFINITION ( 'UNKNOWN', '', #8752, #2586 ) ;
#6330 = FACE_OUTER_BOUND ( 'NONE', #4425, .T. ) ;
#6331 = LINE ( 'NONE', #2205, #1884 ) ;
#6332 = AXIS2_PLACEMENT_3D ( 'NONE', #8912, #5448, #1458 ) ;
#6333 = VECTOR ( 'NONE', #10574, 1000.000000000000000 ) ;
#6334 = EDGE_CURVE ( 'NONE', #8419, #3793, #4635, .T. ) ;
#6335 = ADVANCED_FACE ( 'NONE', ( #2237 ), #9744, .T. ) ;
#6336 = DIRECTION ( 'NONE',  ( -1.000000000000000000, 0.000000000000000000, 3.794707603699675727E-15 ) ) ;
#6337 = ORIENTED_EDGE ( 'NONE', *, *, #1450, .T. ) ;
#6338 = EDGE_LOOP ( 'NONE', ( #4283, #1749, #6110, #10092 ) ) ;
#6339 = CARTESIAN_POINT ( 'NONE',  ( -0.1250000000000022204, 0.2000000000000000111, -2.499999999999972022 ) ) ;
#6340 = LINE ( 'NONE', #10664, #4804 ) ;
#6341 = ORIENTED_EDGE ( 'NONE', *, *, #2255, .T. ) ;
#6343 = CARTESIAN_POINT ( 'NONE',  ( 1.125000000000002442, 0.2000000000000000111, 2.499999999999963141 ) ) ;
#6342 = SURFACE_STYLE_FILL_AREA ( #2630 ) ;
#6344 = CIRCLE ( 'NONE', #2226, 0.2500000000000000000 ) ;
#6345 = CARTESIAN_POINT ( 'NONE',  ( 2.100000000000026290, 0.2000000000000000111, 0.8750000000000001110 ) ) ;
#6346 = VECTOR ( 'NONE', #3254, 1000.000000000000000 ) ;
#6347 = CARTESIAN_POINT ( 'NONE',  ( 2.099999999999969447, 0.04999999999999999584, -1.374999999999997558 ) ) ;
#6348 = DIRECTION ( 'NONE',  ( -1.000000000000000000, 0.000000000000000000, 4.065758146821081023E-15 ) ) ;
#6349 = CARTESIAN_POINT ( 'NONE',  ( 1.624999999999997780, 0.2000000000000000111, -2.500000000000000000 ) ) ;
#6350 = EDGE_CURVE ( 'NONE', #8820, #9262, #2960, .T. ) ;
#6351 = EDGE_CURVE ( 'NONE', #6873, #5506, #1418, .T. ) ;
#6352 = MANIFOLD_SOLID_BREP ( 'Boss-Extrude3[21]', #10763 ) ;
#6353 = ORIENTED_EDGE ( 'NONE', *, *, #2247, .T. ) ;
#6354 = VECTOR ( 'NONE', #5600, 1000.000000000000000 ) ;
#6355 = VECTOR ( 'NONE', #4809, 1000.000000000000000 ) ;
#6356 = EDGE_LOOP ( 'NONE', ( #6477, #161, #8799, #7217 ) ) ;
#6357 = EDGE_LOOP ( 'NONE', ( #2851, #1268, #1361, #2059 ) ) ;
#6358 = ORIENTED_EDGE ( 'NONE', *, *, #10542, .T. ) ;
#6359 = EDGE_CURVE ( 'NONE', #7231, #9867, #4806, .T. ) ;
#6360 = CARTESIAN_POINT ( 'NONE',  ( -2.099999999999988098, 0.2000000000000000111, -1.375000000000001332 ) ) ;
#6361 = VECTOR ( 'NONE', #9186, 1000.000000000000000 ) ;
#6362 = DIRECTION ( 'NONE',  ( -0.000000000000000000, -1.000000000000000000, -0.000000000000000000 ) ) ;
#6363 = EDGE_CURVE ( 'NONE', #5888, #2194, #2361, .T. ) ;
#6364 = DIRECTION ( 'NONE',  ( 1.000000000000000000, 0.000000000000000000, -2.243176908590699067E-16 ) ) ;
#6365 = EDGE_CURVE ( 'NONE', #9612, #4296, #1683, .T. ) ;
#6366 = LINE ( 'NONE', #8964, #7414 ) ;
#6367 = DIRECTION ( 'NONE',  ( -1.000000000000000000, 0.000000000000000000, 9.757819552369538328E-15 ) ) ;
#6368 = AXIS2_PLACEMENT_3D ( 'NONE', #679, #3062, #7398 ) ;
#6369 = EDGE_CURVE ( 'NONE', #4532, #8151, #10077, .T. ) ;
#6370 = VECTOR ( 'NONE', #3739, 1000.000000000000000 ) ;
#6371 = COLOUR_RGB ( '',0.7921568627450980005, 0.8196078431372548767, 0.9333333333333333481 ) ;
#6373 = ORIENTED_EDGE ( 'NONE', *, *, #6482, .T. ) ;
#6372 = LINE ( 'NONE', #8022, #10665 ) ;
#6374 = MANIFOLD_SOLID_BREP ( 'Boss-Extrude3[29]', #3838 ) ;
#6375 = VECTOR ( 'NONE', #10978, 1000.000000000000114 ) ;
#6376 = PLANE ( 'NONE',  #6742 ) ;
#6377 = DIRECTION ( 'NONE',  ( 1.000000000000000000, 0.000000000000000000, -5.825563911862536124E-15 ) ) ;
#6378 = LINE ( 'NONE', #299, #7260 ) ;
#6379 = AXIS2_PLACEMENT_3D ( 'NONE', #8057, #9717, #2003 ) ;
#6380 = FACE_OUTER_BOUND ( 'NONE', #10278, .T. ) ;
#6381 = AXIS2_PLACEMENT_3D ( 'NONE', #2384, #3220, #1326 ) ;
#6383 = CARTESIAN_POINT ( 'NONE',  ( -1.625000000000001332, 0.2000000000000000111, 2.100000000000001865 ) ) ;
#6382 = CARTESIAN_POINT ( 'NONE',  ( -2.165000000000000036, 0.04999999999999999584, 1.874999999999999556 ) ) ;
#6384 = ORIENTED_EDGE ( 'NONE', *, *, #179, .T. ) ;
#6385 = AXIS2_PLACEMENT_3D ( 'NONE', #6808, #6856, #1016 ) ;
#6386 = ORIENTED_EDGE ( 'NONE', *, *, #7016, .F. ) ;
#6387 = VECTOR ( 'NONE', #6811, 1000.000000000000000 ) ;
#6388 = VECTOR ( 'NONE', #7095, 1000.000000000000000 ) ;
#6390 = ORIENTED_EDGE ( 'NONE', *, *, #6120, .T. ) ;
#6389 = CARTESIAN_POINT ( 'NONE',  ( -2.099999999999982769, 0.2000000000000000111, -0.8750000000000012212 ) ) ;
#6391 = ORIENTED_EDGE ( 'NONE', *, *, #7700, .F. ) ;
#6392 = CARTESIAN_POINT ( 'NONE',  ( -1.874999999999997558, 0.2000000000000000111, 2.499999999999994671 ) ) ;
#6393 = CARTESIAN_POINT ( 'NONE',  ( -2.099999999999977884, 0.2000000000000000111, -0.3750000000000012212 ) ) ;
#6394 = CARTESIAN_POINT ( 'NONE',  ( -0.8749999999999990008, 0.000000000000000000, 2.100000000000027178 ) ) ;
#6395 = VERTEX_POINT ( 'NONE', #3189 ) ;
#6396 = LINE ( 'NONE', #4867, #1927 ) ;
#6397 = LINE ( 'NONE', #9814, #3097 ) ;
#6398 = LINE ( 'NONE', #6453, #8269 ) ;
#6399 = FILL_AREA_STYLE_COLOUR ( '', #4057 ) ;
#6400 = LINE ( 'NONE', #7327, #914 ) ;
#6401 = ORIENTED_EDGE ( 'NONE', *, *, #2411, .T. ) ;
#6402 = DIRECTION ( 'NONE',  ( -1.000000000000000000, 0.000000000000000000, 1.029992063861229055E-14 ) ) ;
#6403 = CARTESIAN_POINT ( 'NONE',  ( -2.499999999999964917, 0.04999999999999999584, 0.8750000000000031086 ) ) ;
#6404 = ORIENTED_EDGE ( 'NONE', *, *, #10629, .T. ) ;
#6406 = DIRECTION ( 'NONE',  ( 0.000000000000000000, -1.000000000000000000, 0.000000000000000000 ) ) ;
#6405 = CARTESIAN_POINT ( 'NONE',  ( -1.625000000000001332, 0.04999999999999969746, -2.500000000000000000 ) ) ;
#6407 = PLANE ( 'NONE',  #5297 ) ;
#6408 = PLANE ( 'NONE',  #4216 ) ;
#6409 = LINE ( 'NONE', #338, #5287 ) ;
#6410 = DIRECTION ( 'NONE',  ( -1.040834085586083310E-14, -0.000000000000000000, -1.000000000000000000 ) ) ;
#6411 = EDGE_LOOP ( 'NONE', ( #4788, #9055, #1999, #6549 ) ) ;
#6412 = AXIS2_PLACEMENT_3D ( 'NONE', #4105, #3324, #9228 ) ;
#6413 = DIRECTION ( 'NONE',  ( -3.930232875260377980E-15, 0.000000000000000000, -1.000000000000000000 ) ) ;
#6414 =( GEOMETRIC_REPRESENTATION_CONTEXT ( 3 ) GLOBAL_UNCERTAINTY_ASSIGNED_CONTEXT ( ( #4925 ) ) GLOBAL_UNIT_ASSIGNED_CONTEXT ( ( #2027, #7756, #7864 ) ) REPRESENTATION_CONTEXT ( 'NONE', 'WORKASPACE' ) );
#6415 = ORIENTED_EDGE ( 'NONE', *, *, #4708, .T. ) ;
#6416 = ORIENTED_EDGE ( 'NONE', *, *, #434, .T. ) ;
#6417 = ORIENTED_EDGE ( 'NONE', *, *, #3222, .T. ) ;
#6418 = CARTESIAN_POINT ( 'NONE',  ( -1.624999999999992673, 0.05000000000000000278, 6.166399856011946235E-15 ) ) ;
#6419 = CARTESIAN_POINT ( 'NONE',  ( 0.000000000000000000, 0.2000000000000000111, 0.000000000000000000 ) ) ;
#6420 = CARTESIAN_POINT ( 'NONE',  ( 2.100000000000005418, 0.000000000000000000, -1.125000000000000000 ) ) ;
#6421 = CARTESIAN_POINT ( 'NONE',  ( 2.499999999999962252, 0.2000000000000000111, -1.125000000000001332 ) ) ;
#6422 = EDGE_CURVE ( 'NONE', #2029, #4047, #7406, .T. ) ;
#6423 = EDGE_CURVE ( 'NONE', #10863, #9434, #10739, .T. ) ;
#6424 = LINE ( 'NONE', #7140, #4751 ) ;
#6425 =( GEOMETRIC_REPRESENTATION_CONTEXT ( 3 ) GLOBAL_UNCERTAINTY_ASSIGNED_CONTEXT ( ( #714 ) ) GLOBAL_UNIT_ASSIGNED_CONTEXT ( ( #5857, #5076, #6660 ) ) REPRESENTATION_CONTEXT ( 'NONE', 'WORKASPACE' ) );
#6426 = ADVANCED_FACE ( 'NONE', ( #4129 ), #3120, .F. ) ;
#6427 = EDGE_CURVE ( 'NONE', #4538, #6300, #6534, .T. ) ;
#6429 = VERTEX_POINT ( 'NONE', #1470 ) ;
#6428 = LINE ( 'NONE', #8916, #4281 ) ;
#6430 = EDGE_CURVE ( 'NONE', #5026, #3962, #9303, .T. ) ;
#6431 = AXIS2_PLACEMENT_3D ( 'NONE', #1467, #4848, #7404 ) ;
#6432 = ADVANCED_FACE ( 'NONE', ( #6701 ), #629, .T. ) ;
#6433 = CARTESIAN_POINT ( 'NONE',  ( -1.374999999999999112, 0.2000000000000000111, 2.100000000000032951 ) ) ;
#6434 = FACE_OUTER_BOUND ( 'NONE', #7563, .T. ) ;
#6435 = DIRECTION ( 'NONE',  ( -1.000000000000000000, 0.000000000000000000, 1.029992063861229055E-14 ) ) ;
#6436 = LINE ( 'NONE', #412, #5629 ) ;
#6438 = DIRECTION ( 'NONE',  ( 3.794707603699675727E-15, -0.000000000000000000, 1.000000000000000000 ) ) ;
#6437 = LINE ( 'NONE', #9798, #5647 ) ;
#6439 = VERTEX_POINT ( 'NONE', #5068 ) ;
#6440 = VERTEX_POINT ( 'NONE', #2409 ) ;
#6442 = ORIENTED_EDGE ( 'NONE', *, *, #5730, .F. ) ;
#6441 = LINE ( 'NONE', #8879, #10833 ) ;
#6443 = ORIENTED_EDGE ( 'NONE', *, *, #5918, .T. ) ;
#6444 = DIRECTION ( 'NONE',  ( 1.000000000000000000, 0.000000000000000000, -1.029992063861228897E-14 ) ) ;
#6445 = ADVANCED_FACE ( 'NONE', ( #5786 ), #9194, .T. ) ;
#6446 = DIRECTION ( 'NONE',  ( 1.040834085586083468E-14, 0.000000000000000000, 1.000000000000000000 ) ) ;
#6447 = CARTESIAN_POINT ( 'NONE',  ( 1.524999999999999023, 0.2000000000000000111, 1.674999999999998712 ) ) ;
#6448 = ORIENTED_EDGE ( 'NONE', *, *, #2869, .T. ) ;
#6449 = DIRECTION ( 'NONE',  ( -1.000000000000000000, 0.000000000000000000, 5.825563911862536913E-15 ) ) ;
#6450 = MANIFOLD_SOLID_BREP ( 'Boss-Extrude3[12]', #3124 ) ;
#6451 = LINE ( 'NONE', #4604, #10031 ) ;
#6452 = VERTEX_POINT ( 'NONE', #7638 ) ;
#6453 = CARTESIAN_POINT ( 'NONE',  ( 1.874999999999999778, 0.2000000000000000111, -2.165000000000000036 ) ) ;
#6454 = DIRECTION ( 'NONE',  ( 9.893344823930226383E-15, 0.000000000000000000, 1.000000000000000000 ) ) ;
#6455 = LINE ( 'NONE', #1491, #6781 ) ;
#6456 = VERTEX_POINT ( 'NONE', #183 ) ;
#6457 = CARTESIAN_POINT ( 'NONE',  ( -1.124999999999997558, 0.000000000000000000, 2.499999999999996447 ) ) ;
#6458 = CARTESIAN_POINT ( 'NONE',  ( 0.000000000000000000, 0.000000000000000000, 0.000000000000000000 ) ) ;
#6459 = ORIENTED_EDGE ( 'NONE', *, *, #2398, .F. ) ;
#6461 = CARTESIAN_POINT ( 'NONE',  ( -1.125000000000000888, 0.000000000000000000, -2.100000000000004530 ) ) ;
#6460 = LINE ( 'NONE', #4052, #6354 ) ;
#6462 = CARTESIAN_POINT ( 'NONE',  ( -1.809999999999998943, 0.2000000000000000111, -2.099999999999999645 ) ) ;
#6463 = PLANE ( 'NONE',  #6379 ) ;
#6464 = LINE ( 'NONE', #10610, #4362 ) ;
#6465 = VERTEX_POINT ( 'NONE', #1844 ) ;
#6466 = DIRECTION ( 'NONE',  ( -1.000000000000000000, 0.000000000000000000, 4.065758146821081023E-15 ) ) ;
#6467 = ORIENTED_EDGE ( 'NONE', *, *, #9553, .T. ) ;
#6468 = EDGE_LOOP ( 'NONE', ( #1673, #437, #4835, #9560 ) ) ;
#6469 = ORIENTED_EDGE ( 'NONE', *, *, #1594, .F. ) ;
#6470 = PLANE ( 'NONE',  #8456 ) ;
#6471 =( NAMED_UNIT ( * ) SI_UNIT ( $, .STERADIAN. ) SOLID_ANGLE_UNIT ( ) );
#6472 = CARTESIAN_POINT ( 'NONE',  ( 2.100000000000000977, 0.04999999999999999584, 1.810000000000000719 ) ) ;
#6473 = DIRECTION ( 'NONE',  ( -1.000000000000000000, 0.000000000000000000, 3.794707603699675727E-15 ) ) ;
#6474 = VERTEX_POINT ( 'NONE', #794 ) ;
#6475 = PLANE ( 'NONE',  #669 ) ;
#6477 = ORIENTED_EDGE ( 'NONE', *, *, #10419, .F. ) ;
#6476 = CARTESIAN_POINT ( 'NONE',  ( -2.099999999999975220, 0.2000000000000000111, -1.809999999999999609 ) ) ;
#6478 = ADVANCED_FACE ( 'NONE', ( #6855 ), #3725, .T. ) ;
#6479 = LINE ( 'NONE', #10695, #10982 ) ;
#6480 = DIRECTION ( 'NONE',  ( 0.000000000000000000, -1.000000000000000000, 0.000000000000000000 ) ) ;
#6481 = DIRECTION ( 'NONE',  ( -1.000000000000000000, -0.000000000000000000, 1.084202172485504118E-14 ) ) ;
#6482 = EDGE_CURVE ( 'NONE', #1597, #7862, #9412, .T. ) ;
#6484 = DIRECTION ( 'NONE',  ( -1.000000000000000000, 0.000000000000000000, 1.002887009549091286E-14 ) ) ;
#6483 = DIRECTION ( 'NONE',  ( -1.000000000000000000, 0.000000000000000000, 1.029992063861229055E-14 ) ) ;
#6485 = ORIENTED_EDGE ( 'NONE', *, *, #920, .F. ) ;
#6486 = ORIENTED_EDGE ( 'NONE', *, *, #9521, .T. ) ;
#6487 = EDGE_CURVE ( 'NONE', #3353, #10087, #393, .T. ) ;
#6488 = ADVANCED_FACE ( 'NONE', ( #959 ), #5433, .T. ) ;
#6489 = VECTOR ( 'NONE', #2319, 1000.000000000000000 ) ;
#6490 = ORIENTED_EDGE ( 'NONE', *, *, #9553, .F. ) ;
#6491 = ORIENTED_EDGE ( 'NONE', *, *, #9204, .F. ) ;
#6492 = PLANE ( 'NONE',  #3656 ) ;
#6493 = PLANE ( 'NONE',  #1213 ) ;
#6494 = VERTEX_POINT ( 'NONE', #1799 ) ;
#6495 = CARTESIAN_POINT ( 'NONE',  ( 2.100000000000020961, 0.2000000000000000111, 0.3750000000000000555 ) ) ;
#6496 = MANIFOLD_SOLID_BREP ( 'Boss-Extrude3[20]', #4196 ) ;
#6497 = ADVANCED_FACE ( 'NONE', ( #8580 ), #6807, .F. ) ;
#6498 = AXIS2_PLACEMENT_3D ( 'NONE', #2473, #9200, #1640 ) ;
#6499 = DIRECTION ( 'NONE',  ( 1.000000000000000000, 0.000000000000000000, -1.439820485060763520E-13 ) ) ;
#6500 = EDGE_CURVE ( 'NONE', #10119, #4916, #6920, .T. ) ;
#6501 = VERTEX_POINT ( 'NONE', #9461 ) ;
#6502 = EDGE_CURVE ( 'NONE', #7523, #4531, #5228, .T. ) ;
#6503 =( LENGTH_UNIT ( ) NAMED_UNIT ( * ) SI_UNIT ( .MILLI., .METRE. ) );
#6504 = AXIS2_PLACEMENT_3D ( 'NONE', #10277, #5265, #1826 ) ;
#6505 = CARTESIAN_POINT ( 'NONE',  ( -2.499999999999959588, 0.2000000000000000111, 1.375000000000003109 ) ) ;
#6506 = ORIENTED_EDGE ( 'NONE', *, *, #1245, .F. ) ;
#6507 = LINE ( 'NONE', #2328, #2444 ) ;
#6508 = DIRECTION ( 'NONE',  ( 0.000000000000000000, -0.000000000000000000, 1.000000000000000000 ) ) ;
#6509 = ORIENTED_EDGE ( 'NONE', *, *, #5468, .T. ) ;
#6511 = CARTESIAN_POINT ( 'NONE',  ( 2.100000000000000533, 0.2000000000000000111, 1.625000000000002442 ) ) ;
#6510 = CARTESIAN_POINT ( 'NONE',  ( 2.100000000000020961, 0.2000000000000000111, 0.3750000000000000555 ) ) ;
#6512 = LINE ( 'NONE', #2278, #1735 ) ;
#6513 = CARTESIAN_POINT ( 'NONE',  ( 2.499999999999985345, 0.2000000000000000111, 0.1249999999999985151 ) ) ;
#6514 = CARTESIAN_POINT ( 'NONE',  ( -4.922863918312604210E-15, 0.05000000000000000278, 2.099999999999996980 ) ) ;
#6515 = AXIS2_PLACEMENT_3D ( 'NONE', #4697, #478, #3807 ) ;
#6516 = VERTEX_POINT ( 'NONE', #7282 ) ;
#6517 = DIRECTION ( 'NONE',  ( 0.000000000000000000, -1.000000000000000000, 0.000000000000000000 ) ) ;
#6518 = EDGE_LOOP ( 'NONE', ( #8241, #9958, #2531, #8478 ) ) ;
#6519 = ORIENTED_EDGE ( 'NONE', *, *, #8586, .F. ) ;
#6520 = ORIENTED_EDGE ( 'NONE', *, *, #7912, .T. ) ;
#6521 = MECHANICAL_DESIGN_GEOMETRIC_PRESENTATION_REPRESENTATION (  '', ( #8826 ), #9874 ) ;
#6522 = DIRECTION ( 'NONE',  ( -1.000000000000000000, 0.000000000000000000, 0.000000000000000000 ) ) ;
#6523 = DIRECTION ( 'NONE',  ( -1.000000000000000000, 0.000000000000000000, 1.002887009549091286E-14 ) ) ;
#6524 = CARTESIAN_POINT ( 'NONE',  ( -2.099999999999982769, 0.2000000000000000111, -0.8750000000000012212 ) ) ;
#6525 = LINE ( 'NONE', #7562, #8494 ) ;
#6526 = EDGE_LOOP ( 'NONE', ( #3231, #2224, #7603, #10954 ) ) ;
#6527 = PLANE ( 'NONE',  #10253 ) ;
#6528 = VECTOR ( 'NONE', #10396, 1000.000000000000000 ) ;
#6529 = VECTOR ( 'NONE', #5759, 1000.000000000000000 ) ;
#6531 = EDGE_LOOP ( 'NONE', ( #8718, #10558, #7643, #5218 ) ) ;
#6530 = DIRECTION ( 'NONE',  ( 1.040834085586084257E-14, 0.000000000000000000, 1.000000000000000000 ) ) ;
#6532 = VECTOR ( 'NONE', #10288, 1000.000000000000000 ) ;
#6533 = DIRECTION ( 'NONE',  ( 1.000000000000000000, 0.000000000000000000, -1.439820485060763520E-13 ) ) ;
#6534 = LINE ( 'NONE', #10022, #300 ) ;
#6535 = LINE ( 'NONE', #1471, #2638 ) ;
#6536 = VECTOR ( 'NONE', #10386, 1000.000000000000000 ) ;
#6537 = VECTOR ( 'NONE', #9023, 1000.000000000000000 ) ;
#6538 = CARTESIAN_POINT ( 'NONE',  ( -2.000000000000000000, 0.9499999999999999556, -1.750000000000000000 ) ) ;
#6539 = DIRECTION ( 'NONE',  ( -1.000000000000000000, 0.000000000000000000, 3.794707603699675727E-15 ) ) ;
#6541 = DIRECTION ( 'NONE',  ( 1.000000000000000000, -0.000000000000000000, -3.794707603699675727E-15 ) ) ;
#6540 = DIRECTION ( 'NONE',  ( 0.000000000000000000, 1.000000000000000000, -0.000000000000000000 ) ) ;
#6542 = AXIS2_PLACEMENT_3D ( 'NONE', #1291, #3790, #1410 ) ;
#6543 = AXIS2_PLACEMENT_3D ( 'NONE', #7347, #1465, #3740 ) ;
#6544 = ORIENTED_EDGE ( 'NONE', *, *, #2529, .F. ) ;
#6545 = EDGE_LOOP ( 'NONE', ( #5494, #61, #3195, #28 ) ) ;
#6546 = EDGE_CURVE ( 'NONE', #4957, #7132, #499, .T. ) ;
#6547 = VECTOR ( 'NONE', #7746, 1000.000000000000000 ) ;
#6549 = ORIENTED_EDGE ( 'NONE', *, *, #1661, .T. ) ;
#6548 = PLANE ( 'NONE',  #7815 ) ;
#6550 = VERTEX_POINT ( 'NONE', #6510 ) ;
#6551 = COLOUR_RGB ( '',0.7921568627450980005, 0.8196078431372548767, 0.9333333333333333481 ) ;
#6552 = CARTESIAN_POINT ( 'NONE',  ( -0.3750000000000022204, 0.000000000000000000, -2.499999999999979128 ) ) ;
#6553 = DIRECTION ( 'NONE',  ( -0.000000000000000000, -1.000000000000000000, -0.000000000000000000 ) ) ;
#6554 = ORIENTED_EDGE ( 'NONE', *, *, #1125, .F. ) ;
#6555 = ADVANCED_FACE ( 'NONE', ( #3050 ), #6623, .T. ) ;
#6556 = DIRECTION ( 'NONE',  ( 0.000000000000000000, -1.000000000000000000, 0.000000000000000000 ) ) ;
#6557 = CARTESIAN_POINT ( 'NONE',  ( 2.499999999999967581, 0.2000000000000000111, -0.6250000000000015543 ) ) ;
#6558 = VECTOR ( 'NONE', #10799, 1000.000000000000000 ) ;
#6559 = EDGE_CURVE ( 'NONE', #9834, #6245, #9170, .T. ) ;
#6560 = VERTEX_POINT ( 'NONE', #6405 ) ;
#6561 = EDGE_CURVE ( 'NONE', #1705, #8984, #7332, .T. ) ;
#6562 = VECTOR ( 'NONE', #610, 1000.000000000000000 ) ;
#6563 = VECTOR ( 'NONE', #6835, 1000.000000000000000 ) ;
#6564 = EDGE_CURVE ( 'NONE', #1160, #4725, #6460, .T. ) ;
#6565 =( NAMED_UNIT ( * ) PLANE_ANGLE_UNIT ( ) SI_UNIT ( $, .RADIAN. ) );
#6566 = VECTOR ( 'NONE', #7956, 1000.000000000000000 ) ;
#6567 = DIRECTION ( 'NONE',  ( -1.000000000000000000, -0.000000000000000000, -2.344220913482196012E-15 ) ) ;
#6568 = EDGE_CURVE ( 'NONE', #8933, #644, #9825, .T. ) ;
#6569 = PLANE ( 'NONE',  #1548 ) ;
#6570 = CARTESIAN_POINT ( 'NONE',  ( 0.000000000000000000, 0.2000000000000000111, 0.000000000000000000 ) ) ;
#6571 = LINE ( 'NONE', #6732, #6595 ) ;
#6572 = ADVANCED_FACE ( 'NONE', ( #2215 ), #3099, .F. ) ;
#6573 = ORIENTED_EDGE ( 'NONE', *, *, #6138, .F. ) ;
#6574 = EDGE_CURVE ( 'NONE', #2714, #476, #9005, .T. ) ;
#6576 = DIRECTION ( 'NONE',  ( -2.949029909160572061E-14, 0.000000000000000000, 1.000000000000000000 ) ) ;
#6575 = DIRECTION ( 'NONE',  ( 0.000000000000000000, -1.000000000000000000, 0.000000000000000000 ) ) ;
#6577 = CARTESIAN_POINT ( 'NONE',  ( 1.375000000000002442, 0.000000000000000000, 2.499999999999970246 ) ) ;
#6578 = DIRECTION ( 'NONE',  ( 9.757819552369538328E-15, -0.000000000000000000, 1.000000000000000000 ) ) ;
#6579 = CARTESIAN_POINT ( 'NONE',  ( 1.809999999999999831, 0.2000000000000000111, -2.100000000000000089 ) ) ;
#6580 = AXIS2_PLACEMENT_3D ( 'NONE', #6419, #4840, #9728 ) ;
#6581 = ORIENTED_EDGE ( 'NONE', *, *, #4241, .F. ) ;
#6582 = CARTESIAN_POINT ( 'NONE',  ( 1.125000000000001554, 0.2000000000000000111, -2.099999999999994760 ) ) ;
#6583 = ORIENTED_EDGE ( 'NONE', *, *, #7564, .F. ) ;
#6584 = ORIENTED_EDGE ( 'NONE', *, *, #8127, .F. ) ;
#6585 = ORIENTED_EDGE ( 'NONE', *, *, #2743, .T. ) ;
#6586 = LINE ( 'NONE', #6686, #7059 ) ;
#6587 = VECTOR ( 'NONE', #5548, 1000.000000000000000 ) ;
#6588 = EDGE_CURVE ( 'NONE', #9258, #8899, #1389, .T. ) ;
#6589 = CARTESIAN_POINT ( 'NONE',  ( -0.6250000000000006661, 0.2000000000000000111, -2.100000000000009859 ) ) ;
#6590 = CARTESIAN_POINT ( 'NONE',  ( -2.099999999999980549, 0.2000000000000000111, -0.6250000000000009992 ) ) ;
#6591 = ORIENTED_EDGE ( 'NONE', *, *, #6221, .F. ) ;
#6592 = PLANE ( 'NONE',  #2799 ) ;
#6594 = EDGE_LOOP ( 'NONE', ( #7325, #9898, #2313, #8855, #7331 ) ) ;
#6593 = CARTESIAN_POINT ( 'NONE',  ( -2.164999999999975167, 0.2000000000000000111, -1.875000000000000222 ) ) ;
#6595 = VECTOR ( 'NONE', #5755, 1000.000000000000000 ) ;
#6596 = DIRECTION ( 'NONE',  ( -1.000000000000000000, 0.000000000000000000, -2.949029909160572061E-14 ) ) ;
#6597 = DIRECTION ( 'NONE',  ( 1.000000000000000000, 0.000000000000000000, -1.084202172485504276E-14 ) ) ;
#6598 = DIRECTION ( 'NONE',  ( 0.000000000000000000, -0.000000000000000000, 1.000000000000000000 ) ) ;
#6599 = VECTOR ( 'NONE', #1185, 1000.000000000000000 ) ;
#6600 = DIRECTION ( 'NONE',  ( 1.000000000000000000, -0.000000000000000000, -1.439820485060763520E-13 ) ) ;
#6601 = LINE ( 'NONE', #3246, #5833 ) ;
#6603 = DIRECTION ( 'NONE',  ( 0.000000000000000000, -0.000000000000000000, 1.000000000000000000 ) ) ;
#6602 = CARTESIAN_POINT ( 'NONE',  ( -2.099999999999972555, 0.2000000000000000111, 0.1249999999999988065 ) ) ;
#6604 = VERTEX_POINT ( 'NONE', #8168 ) ;
#6605 = VERTEX_POINT ( 'NONE', #607 ) ;
#6606 = VECTOR ( 'NONE', #4988, 1000.000000000000000 ) ;
#6608 = ORIENTED_EDGE ( 'NONE', *, *, #3964, .T. ) ;
#6607 = CARTESIAN_POINT ( 'NONE',  ( 1.524999999999999023, 0.2000000000000000111, 1.674999999999998712 ) ) ;
#6609 = ORIENTED_EDGE ( 'NONE', *, *, #9788, .T. ) ;
#6610 = CARTESIAN_POINT ( 'NONE',  ( 0.000000000000000000, 0.2000000000000000111, 0.000000000000000000 ) ) ;
#6611 = ORIENTED_EDGE ( 'NONE', *, *, #5784, .T. ) ;
#6612 = FACE_OUTER_BOUND ( 'NONE', #10449, .T. ) ;
#6613 = CARTESIAN_POINT ( 'NONE',  ( 1.374999999999997780, 0.2000000000000000111, -2.499999999999987566 ) ) ;
#6614 = ORIENTED_EDGE ( 'NONE', *, *, #10076, .F. ) ;
#6615 = ADVANCED_FACE ( 'NONE', ( #4720 ), #2276, .T. ) ;
#6616 = DIRECTION ( 'NONE',  ( 9.757819552369538328E-15, 0.000000000000000000, 1.000000000000000000 ) ) ;
#6617 = CARTESIAN_POINT ( 'NONE',  ( -1.675000000000000044, 0.000000000000000000, 1.524999999999998135 ) ) ;
#6618 = EDGE_CURVE ( 'NONE', #6658, #7389, #557, .T. ) ;
#6619 = CARTESIAN_POINT ( 'NONE',  ( -1.874999999999997558, 0.2000000000000000111, 2.499999999999994671 ) ) ;
#6620 = ADVANCED_FACE ( 'NONE', ( #10830 ), #10719, .T. ) ;
#6621 = DIRECTION ( 'NONE',  ( -0.000000000000000000, 1.000000000000000000, 0.000000000000000000 ) ) ;
#6622 = ORIENTED_EDGE ( 'NONE', *, *, #6838, .T. ) ;
#6624 = DIRECTION ( 'NONE',  ( 1.000000000000000000, 0.000000000000000000, -1.439820485060763520E-13 ) ) ;
#6623 = PLANE ( 'NONE',  #6167 ) ;
#6625 = DIRECTION ( 'NONE',  ( -0.000000000000000000, -1.000000000000000000, -0.000000000000000000 ) ) ;
#6626 = CARTESIAN_POINT ( 'NONE',  ( 2.100000000000016076, 0.2000000000000000111, -0.1249999999999999167 ) ) ;
#6627 = DIRECTION ( 'NONE',  ( 0.000000000000000000, -1.000000000000000000, 0.000000000000000000 ) ) ;
#6628 = EDGE_CURVE ( 'NONE', #4024, #2539, #1445, .T. ) ;
#6629 = VERTEX_POINT ( 'NONE', #8221 ) ;
#6630 = EDGE_CURVE ( 'NONE', #9520, #1509, #2105, .T. ) ;
#6631 = EDGE_CURVE ( 'NONE', #1359, #734, #8275, .T. ) ;
#6632 = ADVANCED_FACE ( 'NONE', ( #5758 ), #4665, .T. ) ;
#6633 = LINE ( 'NONE', #2345, #5630 ) ;
#6634 = EDGE_CURVE ( 'NONE', #6994, #93, #10994, .T. ) ;
#6635 = ORIENTED_EDGE ( 'NONE', *, *, #9616, .F. ) ;
#6636 = ORIENTED_EDGE ( 'NONE', *, *, #921, .F. ) ;
#6637 = ORIENTED_EDGE ( 'NONE', *, *, #8652, .F. ) ;
#6638 = LINE ( 'NONE', #4168, #9698 ) ;
#6639 = CARTESIAN_POINT ( 'NONE',  ( -2.099999999999988098, 0.2000000000000000111, -1.375000000000001332 ) ) ;
#6640 = LINE ( 'NONE', #1627, #8304 ) ;
#6641 = DIRECTION ( 'NONE',  ( 3.794707603699675727E-15, 0.000000000000000000, 1.000000000000000000 ) ) ;
#6642 = VERTEX_POINT ( 'NONE', #3486 ) ;
#6643 = DIRECTION ( 'NONE',  ( 2.949029909160572061E-14, 0.000000000000000000, -1.000000000000000000 ) ) ;
#6644 = EDGE_CURVE ( 'NONE', #9101, #8486, #4329, .T. ) ;
#6645 = ADVANCED_FACE ( 'NONE', ( #889 ), #5823, .F. ) ;
#6647 = ORIENTED_EDGE ( 'NONE', *, *, #7651, .T. ) ;
#6646 = DIRECTION ( 'NONE',  ( 0.000000000000000000, 0.000000000000000000, 1.000000000000000000 ) ) ;
#6648 = CARTESIAN_POINT ( 'NONE',  ( -2.499999999999983125, 0.2000000000000000111, -0.8749999999999968914 ) ) ;
#6649 = APPLICATION_CONTEXT ( 'automotive_design' ) ;
#6650 =( NAMED_UNIT ( * ) PLANE_ANGLE_UNIT ( ) SI_UNIT ( $, .RADIAN. ) );
#6651 = DIRECTION ( 'NONE',  ( 0.000000000000000000, -0.000000000000000000, 1.000000000000000000 ) ) ;
#6652 = EDGE_CURVE ( 'NONE', #9046, #5864, #10928, .T. ) ;
#6653 = LINE ( 'NONE', #5686, #1580 ) ;
#6654 = DIRECTION ( 'NONE',  ( 1.000000000000000000, 0.000000000000000000, -1.040834085586084257E-14 ) ) ;
#6655 = CARTESIAN_POINT ( 'NONE',  ( -1.125000000000001332, 0.2000000000000000111, 2.099999999999996536 ) ) ;
#6657 = CARTESIAN_POINT ( 'NONE',  ( 0.000000000000000000, 0.2000000000000000111, 0.000000000000000000 ) ) ;
#6656 = CARTESIAN_POINT ( 'NONE',  ( -3.023623018627458140E-13, 0.05000000000000000278, -2.099999999999899281 ) ) ;
#6658 = VERTEX_POINT ( 'NONE', #5881 ) ;
#6659 = VERTEX_POINT ( 'NONE', #942 ) ;
#6661 = VERTEX_POINT ( 'NONE', #9283 ) ;
#6660 =( NAMED_UNIT ( * ) SI_UNIT ( $, .STERADIAN. ) SOLID_ANGLE_UNIT ( ) );
#6662 = ORIENTED_EDGE ( 'NONE', *, *, #9193, .T. ) ;
#6663 = FACE_OUTER_BOUND ( 'NONE', #8446, .T. ) ;
#6664 = ORIENTED_EDGE ( 'NONE', *, *, #2356, .T. ) ;
#6665 = LINE ( 'NONE', #811, #1225 ) ;
#6666 = CARTESIAN_POINT ( 'NONE',  ( -2.099999999999962341, 0.000000000000000000, 1.124999999999998890 ) ) ;
#6667 = ORIENTED_EDGE ( 'NONE', *, *, #2601, .F. ) ;
#6668 = VECTOR ( 'NONE', #4280, 1000.000000000000000 ) ;
#6669 = ORIENTED_EDGE ( 'NONE', *, *, #8918, .F. ) ;
#6670 = LINE ( 'NONE', #6729, #9432 ) ;
#6671 = CARTESIAN_POINT ( 'NONE',  ( 2.499999999999995559, 0.2000000000000000111, 1.124999999999998668 ) ) ;
#6672 = LINE ( 'NONE', #5094, #10755 ) ;
#6673 = DIRECTION ( 'NONE',  ( 1.000000000000000000, 0.000000000000000000, 2.949029909160572061E-14 ) ) ;
#6674 = VECTOR ( 'NONE', #1919, 1000.000000000000000 ) ;
#6675 = ORIENTED_EDGE ( 'NONE', *, *, #8184, .F. ) ;
#6677 = PLANE ( 'NONE',  #2963 ) ;
#6676 = CARTESIAN_POINT ( 'NONE',  ( -2.099999999999974776, 0.2000000000000000111, 1.810000000000000053 ) ) ;
#6678 = CARTESIAN_POINT ( 'NONE',  ( 2.165000000000000036, 0.2000000000000000111, -1.874999999999998002 ) ) ;
#6679 = LINE ( 'NONE', #8443, #9676 ) ;
#6680 = ORIENTED_EDGE ( 'NONE', *, *, #4713, .F. ) ;
#6681 = VECTOR ( 'NONE', #8144, 1000.000000000000000 ) ;
#6682 = DIRECTION ( 'NONE',  ( -0.000000000000000000, -1.000000000000000000, -0.000000000000000000 ) ) ;
#6683 = ORIENTED_EDGE ( 'NONE', *, *, #5312, .F. ) ;
#6684 = EDGE_LOOP ( 'NONE', ( #3266, #3977, #2448, #5064 ) ) ;
#6685 = ORIENTED_EDGE ( 'NONE', *, *, #2329, .F. ) ;
#6686 = CARTESIAN_POINT ( 'NONE',  ( -0.8749999999999975575, 0.2000000000000000111, 2.499999999999984013 ) ) ;
#6687 = AXIS2_PLACEMENT_3D ( 'NONE', #1900, #1075, #5289 ) ;
#6688 = DIRECTION ( 'NONE',  ( 0.000000000000000000, 0.000000000000000000, 1.000000000000000000 ) ) ;
#6689 = VECTOR ( 'NONE', #2713, 1000.000000000000000 ) ;
#6690 = CARTESIAN_POINT ( 'NONE',  ( -0.1249999999999974881, 0.000000000000000000, 2.499999999999986233 ) ) ;
#6691 = ADVANCED_FACE ( 'NONE', ( #4996 ), #10114, .F. ) ;
#6692 = DIRECTION ( 'NONE',  ( -1.000000000000000000, -0.000000000000000000, 1.084202172485504118E-14 ) ) ;
#6693 = EDGE_LOOP ( 'NONE', ( #3196, #6647, #9770, #3188 ) ) ;
#6694 = CARTESIAN_POINT ( 'NONE',  ( 1.809999999999999831, 0.000000000000000000, -2.100000000000000089 ) ) ;
#6695 = AXIS2_PLACEMENT_3D ( 'NONE', #8665, #3596, #10322 ) ;
#6696 = ORIENTED_EDGE ( 'NONE', *, *, #2877, .F. ) ;
#6697 = ADVANCED_FACE ( 'NONE', ( #2599 ), #6735, .F. ) ;
#6698 = DIRECTION ( 'NONE',  ( -1.000000000000000000, 0.000000000000000000, 1.421904488505580887E-16 ) ) ;
#6699 = EDGE_CURVE ( 'NONE', #4671, #2371, #4155, .T. ) ;
#6700 = PRESENTATION_STYLE_ASSIGNMENT (( #5956 ) ) ;
#6701 = FACE_OUTER_BOUND ( 'NONE', #6900, .T. ) ;
#6702 = CARTESIAN_POINT ( 'NONE',  ( -1.874999999999997558, 0.2000000000000000111, 2.499999999999994671 ) ) ;
#6703 = EDGE_CURVE ( 'NONE', #10921, #4024, #8395, .T. ) ;
#6704 = DIRECTION ( 'NONE',  ( -3.794707603699675727E-15, 0.000000000000000000, -1.000000000000000000 ) ) ;
#6705 = DIRECTION ( 'NONE',  ( -0.000000000000000000, -1.000000000000000000, -0.000000000000000000 ) ) ;
#6706 = VECTOR ( 'NONE', #2653, 1000.000000000000000 ) ;
#6708 = CARTESIAN_POINT ( 'NONE',  ( -1.158741071843905899E-14, 0.05000000000000000278, -1.125000000000022649 ) ) ;
#6707 = CARTESIAN_POINT ( 'NONE',  ( 0.8749999999999978906, 0.000000000000000000, -2.499999999999982236 ) ) ;
#6709 = ORIENTED_EDGE ( 'NONE', *, *, #9805, .T. ) ;
#6710 = ORIENTED_EDGE ( 'NONE', *, *, #8737, .T. ) ;
#6712 = EDGE_LOOP ( 'NONE', ( #5632, #3734, #1645, #2047 ) ) ;
#6711 =( LENGTH_UNIT ( ) NAMED_UNIT ( * ) SI_UNIT ( .MILLI., .METRE. ) );
#6713 = ORIENTED_EDGE ( 'NONE', *, *, #2127, .T. ) ;
#6714 = AXIS2_PLACEMENT_3D ( 'NONE', #2567, #7127, #1278 ) ;
#6715 = AXIS2_PLACEMENT_3D ( 'NONE', #2711, #9489, #1879 ) ;
#6716 = LINE ( 'NONE', #2483, #9907 ) ;
#6717 = VECTOR ( 'NONE', #3974, 1000.000000000000000 ) ;
#6718 = ORIENTED_EDGE ( 'NONE', *, *, #5866, .T. ) ;
#6719 = FACE_OUTER_BOUND ( 'NONE', #2199, .T. ) ;
#6720 = VECTOR ( 'NONE', #7739, 1000.000000000000000 ) ;
#6721 = LINE ( 'NONE', #4868, #5939 ) ;
#6722 = UNCERTAINTY_MEASURE_WITH_UNIT (LENGTH_MEASURE( 1.000000000000000082E-05 ), #2173, 'distance_accuracy_value', 'NONE');
#6723 = ORIENTED_EDGE ( 'NONE', *, *, #10349, .T. ) ;
#6724 = VECTOR ( 'NONE', #6961, 1000.000000000000000 ) ;
#6725 = ORIENTED_EDGE ( 'NONE', *, *, #1261, .F. ) ;
#6726 = AXIS2_PLACEMENT_3D ( 'NONE', #10670, #9010, #3730 ) ;
#6727 = AXIS2_PLACEMENT_3D ( 'NONE', #10220, #10377, #9608 ) ;
#6728 = FILL_AREA_STYLE ('',( #935 ) ) ;
#6729 = CARTESIAN_POINT ( 'NONE',  ( -0.6250000000000022204, 0.2000000000000000111, -2.499999999999966693 ) ) ;
#6730 = CARTESIAN_POINT ( 'NONE',  ( 2.165000000000000924, 0.2000000000000000111, 1.875000000000000666 ) ) ;
#6731 = DIRECTION ( 'NONE',  ( -1.000000000000000000, -0.000000000000000000, 1.084202172485504118E-14 ) ) ;
#6732 = CARTESIAN_POINT ( 'NONE',  ( -2.499999999999967581, 0.2000000000000000111, 0.6250000000000031086 ) ) ;
#6733 = VECTOR ( 'NONE', #7591, 1000.000000000000000 ) ;
#6734 = ORIENTED_EDGE ( 'NONE', *, *, #7566, .T. ) ;
#6736 = DIRECTION ( 'NONE',  ( 0.000000000000000000, 1.000000000000000000, 0.000000000000000000 ) ) ;
#6735 = PLANE ( 'NONE',  #335 ) ;
#6737 = PLANE ( 'NONE',  #7534 ) ;
#6738 = VECTOR ( 'NONE', #246, 1000.000000000000000 ) ;
#6739 = VECTOR ( 'NONE', #6273, 1000.000000000000000 ) ;
#6740 = CARTESIAN_POINT ( 'NONE',  ( 2.499999999999990674, 0.2000000000000000111, 0.6249999999999984457 ) ) ;
#6741 = VERTEX_POINT ( 'NONE', #10272 ) ;
#6742 = AXIS2_PLACEMENT_3D ( 'NONE', #9913, #5685, #3921 ) ;
#6743 = CARTESIAN_POINT ( 'NONE',  ( -0.6249999999999975575, 0.000000000000000000, 2.499999999999991562 ) ) ;
#6744 = VERTEX_POINT ( 'NONE', #5041 ) ;
#6745 = AXIS2_PLACEMENT_3D ( 'NONE', #467, #9797, #2185 ) ;
#6746 = ORIENTED_EDGE ( 'NONE', *, *, #2323, .T. ) ;
#6747 = ORIENTED_EDGE ( 'NONE', *, *, #8265, .F. ) ;
#6748 = FACE_OUTER_BOUND ( 'NONE', #7775, .T. ) ;
#6749 = SURFACE_SIDE_STYLE ('',( #4232 ) ) ;
#6750 = COLOUR_RGB ( '',0.7921568627450980005, 0.8196078431372548767, 0.9333333333333333481 ) ;
#6751 = CARTESIAN_POINT ( 'NONE',  ( 0.000000000000000000, 0.000000000000000000, 0.000000000000000000 ) ) ;
#6752 = DIRECTION ( 'NONE',  ( 0.000000000000000000, -1.000000000000000000, 0.000000000000000000 ) ) ;
#6753 = ORIENTED_EDGE ( 'NONE', *, *, #9948, .F. ) ;
#6754 = DIRECTION ( 'NONE',  ( 0.7071067811865475727, 0.000000000000000000, -0.7071067811865475727 ) ) ;
#6755 = AXIS2_PLACEMENT_3D ( 'NONE', #6639, #738, #2561 ) ;
#6756 = ORIENTED_EDGE ( 'NONE', *, *, #4152, .F. ) ;
#6757 = PLANE ( 'NONE',  #2786 ) ;
#6758 = PLANE ( 'NONE',  #877 ) ;
#6759 = ADVANCED_FACE ( 'NONE', ( #2656 ), #6044, .F. ) ;
#6760 = DIRECTION ( 'NONE',  ( -0.000000000000000000, -1.000000000000000000, -0.000000000000000000 ) ) ;
#6761 = LINE ( 'NONE', #1743, #8330 ) ;
#6762 = DIRECTION ( 'NONE',  ( -1.000000000000000000, 0.000000000000000000, 9.757819552369536751E-15 ) ) ;
#6763 = DIRECTION ( 'NONE',  ( -1.040834085586083310E-14, -0.000000000000000000, -1.000000000000000000 ) ) ;
#6764 = CARTESIAN_POINT ( 'NONE',  ( 1.524999999999999023, 0.2000000000000000111, -1.675000000000001377 ) ) ;
#6765 = COLOUR_RGB ( '',0.7921568627450980005, 0.8196078431372548767, 0.9333333333333333481 ) ;
#6766 = EDGE_LOOP ( 'NONE', ( #343, #754, #9380, #6664 ) ) ;
#6767 = ADVANCED_FACE ( 'NONE', ( #2549 ), #8440, .F. ) ;
#6768 = ORIENTED_EDGE ( 'NONE', *, *, #6068, .T. ) ;
#6769 = ADVANCED_FACE ( 'NONE', ( #7610 ), #3326, .T. ) ;
#6770 = ADVANCED_FACE ( 'NONE', ( #3387 ), #8343, .F. ) ;
#6771 = EDGE_CURVE ( 'NONE', #10993, #5130, #9331, .T. ) ;
#6773 = ORIENTED_EDGE ( 'NONE', *, *, #5770, .F. ) ;
#6772 =( NAMED_UNIT ( * ) SI_UNIT ( $, .STERADIAN. ) SOLID_ANGLE_UNIT ( ) );
#6774 = ORIENTED_EDGE ( 'NONE', *, *, #8652, .T. ) ;
#6775 = VECTOR ( 'NONE', #2128, 1000.000000000000000 ) ;
#6776 = CARTESIAN_POINT ( 'NONE',  ( -1.124999999999997558, 0.2000000000000000111, 2.499999999999996447 ) ) ;
#6777 = VERTEX_POINT ( 'NONE', #1713 ) ;
#6778 = FACE_OUTER_BOUND ( 'NONE', #8934, .T. ) ;
#6779 = DIRECTION ( 'NONE',  ( -1.000000000000000000, 0.000000000000000000, 1.029992063861229055E-14 ) ) ;
#6780 = EDGE_LOOP ( 'NONE', ( #4480, #2662, #1301, #10620 ) ) ;
#6781 = VECTOR ( 'NONE', #8163, 1000.000000000000000 ) ;
#6782 = VERTEX_POINT ( 'NONE', #5097 ) ;
#6783 = ORIENTED_EDGE ( 'NONE', *, *, #7767, .T. ) ;
#6784 = LINE ( 'NONE', #10204, #3745 ) ;
#6785 = DIRECTION ( 'NONE',  ( 1.000000000000000000, 0.000000000000000000, -3.930232875260377980E-15 ) ) ;
#6786 = DIRECTION ( 'NONE',  ( 0.000000000000000000, 0.000000000000000000, 1.000000000000000000 ) ) ;
#6787 = PLANE ( 'NONE',  #10972 ) ;
#6788 = ORIENTED_EDGE ( 'NONE', *, *, #233, .F. ) ;
#6790 = DIRECTION ( 'NONE',  ( -0.7071067811865499042, -0.000000000000000000, -0.7071067811865451302 ) ) ;
#6789 = CARTESIAN_POINT ( 'NONE',  ( -1.374999999999997558, 0.2000000000000000111, 2.499999999999989786 ) ) ;
#6791 = ADVANCED_FACE ( 'NONE', ( #10050 ), #2438, .F. ) ;
#6792 = FACE_OUTER_BOUND ( 'NONE', #7938, .T. ) ;
#6793 = CARTESIAN_POINT ( 'NONE',  ( 2.499999999999985345, 0.000000000000000000, 0.1249999999999985151 ) ) ;
#6794 = VERTEX_POINT ( 'NONE', #7163 ) ;
#6795 = DIRECTION ( 'NONE',  ( 1.035655806553459206E-14, 0.000000000000000000, 1.000000000000000000 ) ) ;
#6796 = ORIENTED_EDGE ( 'NONE', *, *, #4043, .F. ) ;
#6797 = VERTEX_POINT ( 'NONE', #10434 ) ;
#6798 = ORIENTED_EDGE ( 'NONE', *, *, #1532, .F. ) ;
#6799 = VERTEX_POINT ( 'NONE', #3651 ) ;
#6800 = CARTESIAN_POINT ( 'NONE',  ( -2.499999999999983125, 0.2000000000000000111, -0.8749999999999968914 ) ) ;
#6801 = PLANE ( 'NONE',  #6755 ) ;
#6802 = CARTESIAN_POINT ( 'NONE',  ( 0.1250000000000025258, 0.000000000000000000, 2.499999999999973799 ) ) ;
#6803 = FACE_OUTER_BOUND ( 'NONE', #10675, .T. ) ;
#6804 = ORIENTED_EDGE ( 'NONE', *, *, #5168, .T. ) ;
#6805 = EDGE_LOOP ( 'NONE', ( #2056, #5113, #7583, #152 ) ) ;
#6806 = CARTESIAN_POINT ( 'NONE',  ( -2.099999999999975220, 0.2000000000000000111, -1.809999999999999609 ) ) ;
#6807 = PLANE ( 'NONE',  #9701 ) ;
#6808 = CARTESIAN_POINT ( 'NONE',  ( 2.499999999999972911, 0.2000000000000000111, -0.1250000000000014988 ) ) ;
#6809 = LINE ( 'NONE', #5134, #672 ) ;
#6810 = CARTESIAN_POINT ( 'NONE',  ( 0.000000000000000000, 0.2000000000000000111, 0.000000000000000000 ) ) ;
#6811 = DIRECTION ( 'NONE',  ( 1.000000000000000000, 0.000000000000000000, -1.084202172485504276E-14 ) ) ;
#6812 = VERTEX_POINT ( 'NONE', #2710 ) ;
#6814 = ORIENTED_EDGE ( 'NONE', *, *, #580, .T. ) ;
#6813 = DIRECTION ( 'NONE',  ( 9.757819552369538328E-15, 0.000000000000000000, 1.000000000000000000 ) ) ;
#6815 = ORIENTED_EDGE ( 'NONE', *, *, #94, .T. ) ;
#6816 = FILL_AREA_STYLE ('',( #4033 ) ) ;
#6817 = CARTESIAN_POINT ( 'NONE',  ( -2.500000000000000000, 0.04999999999999969746, -2.500000000000000000 ) ) ;
#6818 = ORIENTED_EDGE ( 'NONE', *, *, #163, .T. ) ;
#6819 = CARTESIAN_POINT ( 'NONE',  ( -1.625000000000000888, 0.04999999999999999584, -2.099999999999999645 ) ) ;
#6821 = FACE_OUTER_BOUND ( 'NONE', #8214, .T. ) ;
#6820 = CARTESIAN_POINT ( 'NONE',  ( -2.500000000000000000, 0.04999999999999969746, 2.500000000000000000 ) ) ;
#6822 = ADVANCED_FACE ( 'NONE', ( #3715 ), #8831, .T. ) ;
#6823 = ADVANCED_FACE ( 'NONE', ( #8669 ), #1101, .T. ) ;
#6824 = VERTEX_POINT ( 'NONE', #2035 ) ;
#6825 = ORIENTED_EDGE ( 'NONE', *, *, #1133, .T. ) ;
#6826 = EDGE_CURVE ( 'NONE', #6844, #575, #4486, .T. ) ;
#6827 = ORIENTED_EDGE ( 'NONE', *, *, #10358, .T. ) ;
#6828 = CARTESIAN_POINT ( 'NONE',  ( 1.625000000000002442, 0.2000000000000000111, 2.499999999999957367 ) ) ;
#6829 = PLANE ( 'NONE',  #9524 ) ;
#6830 = DIRECTION ( 'NONE',  ( -3.794707603699675727E-15, -0.000000000000000000, -1.000000000000000000 ) ) ;
#6831 = EDGE_CURVE ( 'NONE', #9834, #10168, #153, .T. ) ;
#6832 = CARTESIAN_POINT ( 'NONE',  ( 0.000000000000000000, 0.000000000000000000, 0.000000000000000000 ) ) ;
#6833 = EDGE_LOOP ( 'NONE', ( #4367, #8543, #10718, #4495 ) ) ;
#6834 = EDGE_CURVE ( 'NONE', #3610, #10121, #3545, .T. ) ;
#6836 = LINE ( 'NONE', #4378, #9188 ) ;
#6835 = DIRECTION ( 'NONE',  ( 0.000000000000000000, 0.000000000000000000, -1.000000000000000000 ) ) ;
#6837 = CARTESIAN_POINT ( 'NONE',  ( -1.625000000000001332, 0.2000000000000000111, 2.100000000000001865 ) ) ;
#6838 = EDGE_CURVE ( 'NONE', #7434, #10119, #379, .T. ) ;
#6839 = PLANE ( 'NONE',  #5244 ) ;
#6840 = ORIENTED_EDGE ( 'NONE', *, *, #2816, .T. ) ;
#6841 = CARTESIAN_POINT ( 'NONE',  ( 2.500000000000000000, 0.04999999999999969746, 1.374999999999999556 ) ) ;
#6842 = VECTOR ( 'NONE', #3813, 1000.000000000000000 ) ;
#6843 = DIRECTION ( 'NONE',  ( 9.611305745276845088E-14, -0.000000000000000000, -1.000000000000000000 ) ) ;
#6844 = VERTEX_POINT ( 'NONE', #7928 ) ;
#6845 = ORIENTED_EDGE ( 'NONE', *, *, #1257, .F. ) ;
#6846 = VERTEX_POINT ( 'NONE', #10371 ) ;
#6847 = LINE ( 'NONE', #1064, #6532 ) ;
#6848 = CARTESIAN_POINT ( 'NONE',  ( -0.8750000000000022204, 0.2000000000000000111, -2.499999999999974243 ) ) ;
#6849 = DIRECTION ( 'NONE',  ( -0.7071067811866890152, 0.000000000000000000, 0.7071067811864060193 ) ) ;
#6850 = ORIENTED_EDGE ( 'NONE', *, *, #6502, .T. ) ;
#6851 = AXIS2_PLACEMENT_3D ( 'NONE', #800, #6910, #8369 ) ;
#6852 = VERTEX_POINT ( 'NONE', #989 ) ;
#6853 = VECTOR ( 'NONE', #430, 1000.000000000000000 ) ;
#6854 = FACE_OUTER_BOUND ( 'NONE', #2898, .T. ) ;
#6855 = FACE_OUTER_BOUND ( 'NONE', #10501, .T. ) ;
#6856 = DIRECTION ( 'NONE',  ( -3.930232875260377980E-15, 0.000000000000000000, -1.000000000000000000 ) ) ;
#6857 = CARTESIAN_POINT ( 'NONE',  ( 1.874999999999999778, 0.2000000000000000111, -2.165000000000000036 ) ) ;
#6858 = DIRECTION ( 'NONE',  ( -3.794707603699675727E-15, 0.000000000000000000, -1.000000000000000000 ) ) ;
#6859 = CARTESIAN_POINT ( 'NONE',  ( -0.1250000000000014710, 0.2000000000000000111, 2.099999999999985878 ) ) ;
#6860 = VECTOR ( 'NONE', #6830, 1000.000000000000000 ) ;
#6861 = ORIENTED_EDGE ( 'NONE', *, *, #1732, .F. ) ;
#6863 = ORIENTED_EDGE ( 'NONE', *, *, #2881, .F. ) ;
#6862 = CARTESIAN_POINT ( 'NONE',  ( 0.6250000000000025535, 0.2000000000000000111, 2.499999999999968470 ) ) ;
#6864 = VERTEX_POINT ( 'NONE', #7872 ) ;
#6865 = LINE ( 'NONE', #5194, #1011 ) ;
#6866 = DIRECTION ( 'NONE',  ( 0.000000000000000000, 1.000000000000000000, 0.000000000000000000 ) ) ;
#6867 = COLOUR_RGB ( '',0.7921568627450980005, 0.8196078431372548767, 0.9333333333333333481 ) ;
#6868 = ORIENTED_EDGE ( 'NONE', *, *, #6298, .T. ) ;
#6869 = DIRECTION ( 'NONE',  ( -1.000000000000000000, 0.000000000000000000, -2.775557561562891351E-14 ) ) ;
#6871 = CARTESIAN_POINT ( 'NONE',  ( -2.099999999999975220, 0.04999999999999999584, -1.809999999999999609 ) ) ;
#6870 = DIRECTION ( 'NONE',  ( 0.000000000000000000, -1.000000000000000000, 0.000000000000000000 ) ) ;
#6872 = ORIENTED_EDGE ( 'NONE', *, *, #2481, .T. ) ;
#6873 = VERTEX_POINT ( 'NONE', #6095 ) ;
#6874 = COLOUR_RGB ( '',0.7921568627450980005, 0.8196078431372548767, 0.9333333333333333481 ) ;
#6875 = AXIS2_PLACEMENT_3D ( 'NONE', #693, #10855, #6654 ) ;
#6876 = ORIENTED_EDGE ( 'NONE', *, *, #8335, .T. ) ;
#6877 = PLANE ( 'NONE',  #1971 ) ;
#6878 = EDGE_CURVE ( 'NONE', #5606, #9, #4377, .T. ) ;
#6879 = CARTESIAN_POINT ( 'NONE',  ( -0.6249999999999975575, 0.2000000000000000111, 2.499999999999991562 ) ) ;
#6880 = AXIS2_PLACEMENT_3D ( 'NONE', #3017, #2176, #10686 ) ;
#6881 = DIRECTION ( 'NONE',  ( -1.439820485060763520E-13, 0.000000000000000000, -1.000000000000000000 ) ) ;
#6882 = CARTESIAN_POINT ( 'NONE',  ( -1.374999999999998446, 0.2000000000000000111, -2.099999999999968558 ) ) ;
#6883 = ORIENTED_EDGE ( 'NONE', *, *, #8056, .T. ) ;
#6885 = PLANE ( 'NONE',  #6169 ) ;
#6884 = DIRECTION ( 'NONE',  ( 0.000000000000000000, 0.000000000000000000, 1.000000000000000000 ) ) ;
#6886 = EDGE_CURVE ( 'NONE', #8984, #603, #6943, .T. ) ;
#6887 = FACE_OUTER_BOUND ( 'NONE', #1151, .T. ) ;
#6888 = VECTOR ( 'NONE', #8623, 1000.000000000000000 ) ;
#6889 = LINE ( 'NONE', #9173, #7732 ) ;
#6890 = VECTOR ( 'NONE', #4456, 1000.000000000000000 ) ;
#6891 = AXIS2_PLACEMENT_3D ( 'NONE', #10999, #6795, #10169 ) ;
#6892 = EDGE_CURVE ( 'NONE', #9574, #6300, #9488, .T. ) ;
#6893 = EDGE_LOOP ( 'NONE', ( #10309, #1694, #3064, #10006 ) ) ;
#6894 = ADVANCED_FACE ( 'NONE', ( #1878 ), #1988, .F. ) ;
#6895 = CARTESIAN_POINT ( 'NONE',  ( -1.874999999999997558, 0.2000000000000000111, 2.499999999999994671 ) ) ;
#6896 = EDGE_CURVE ( 'NONE', #4531, #5053, #6995, .T. ) ;
#6897 = CIRCLE ( 'NONE', #10258, 0.1499999999999999667 ) ;
#6898 = CARTESIAN_POINT ( 'NONE',  ( 0.6250000000000025535, 0.2000000000000000111, 2.499999999999968470 ) ) ;
#6899 = EDGE_CURVE ( 'NONE', #266, #8619, #6222, .T. ) ;
#6900 = EDGE_LOOP ( 'NONE', ( #1607, #1023, #9211, #3129 ) ) ;
#6901 = ORIENTED_EDGE ( 'NONE', *, *, #1041, .F. ) ;
#6902 = EDGE_LOOP ( 'NONE', ( #1752, #5213, #1981, #7426 ) ) ;
#6903 = LINE ( 'NONE', #7838, #9024 ) ;
#6904 = VECTOR ( 'NONE', #2584, 1000.000000000000000 ) ;
#6905 = VECTOR ( 'NONE', #2715, 1000.000000000000000 ) ;
#6906 =( NAMED_UNIT ( * ) SI_UNIT ( $, .STERADIAN. ) SOLID_ANGLE_UNIT ( ) );
#6907 = DIRECTION ( 'NONE',  ( 5.825563911862536124E-15, 0.000000000000000000, 1.000000000000000000 ) ) ;
#6908 = LINE ( 'NONE', #10292, #10439 ) ;
#6909 = ADVANCED_BREP_SHAPE_REPRESENTATION ( 'RTL8201F-VB-CG', ( #9978, #6224, #2771, #9962, #9839, #6309, #9942, #6127, #6254, #10110, #2665, #6295, #2507, #6450, #2815, #2631, #10088, #9991, #10065, #2731, #9925, #6496, #6352, #2791, #6197, #6275, #6242, #2752, #2685, #2610, #6374, #2568, #9804, #9877, #2538, #387 ), #6248 ) ;
#6910 = DIRECTION ( 'NONE',  ( 1.000000000000000000, 0.000000000000000000, -9.757819552369538328E-15 ) ) ;
#6911 = EDGE_LOOP ( 'NONE', ( #8979, #7954, #9041, #6814 ) ) ;
#6912 = AXIS2_PLACEMENT_3D ( 'NONE', #8413, #5435, #395 ) ;
#6913 = VECTOR ( 'NONE', #349, 1000.000000000000000 ) ;
#6914 = AXIS2_PLACEMENT_3D ( 'NONE', #2375, #2582, #4265 ) ;
#6915 = EDGE_CURVE ( 'NONE', #9621, #4376, #7049, .T. ) ;
#6916 = ORIENTED_EDGE ( 'NONE', *, *, #26, .T. ) ;
#6917 = CARTESIAN_POINT ( 'NONE',  ( -0.8749999999999983347, 0.2000000000000000111, -2.099999999999973888 ) ) ;
#6918 = COLOUR_RGB ( '',0.7921568627450980005, 0.8196078431372548767, 0.9333333333333333481 ) ;
#6919 =( LENGTH_UNIT ( ) NAMED_UNIT ( * ) SI_UNIT ( .MILLI., .METRE. ) );
#6920 = LINE ( 'NONE', #120, #3328 ) ;
#6921 = CARTESIAN_POINT ( 'NONE',  ( 0.000000000000000000, 0.2000000000000000111, 0.000000000000000000 ) ) ;
#6922 = LINE ( 'NONE', #3360, #7235 ) ;
#6923 = DIRECTION ( 'NONE',  ( -4.065758146821081023E-15, 0.000000000000000000, -1.000000000000000000 ) ) ;
#6924 = CARTESIAN_POINT ( 'NONE',  ( 0.3749999999999977796, 0.2000000000000000111, -2.499999999999976907 ) ) ;
#6925 = STYLED_ITEM ( 'NONE', ( #3343 ), #2752 ) ;
#6926 = EDGE_LOOP ( 'NONE', ( #1455, #5166, #9398, #2650 ) ) ;
#6927 = VECTOR ( 'NONE', #1784, 1000.000000000000000 ) ;
#6928 = CARTESIAN_POINT ( 'NONE',  ( 0.000000000000000000, 0.000000000000000000, 0.000000000000000000 ) ) ;
#6929 = VECTOR ( 'NONE', #9826, 1000.000000000000000 ) ;
#6930 = ORIENTED_EDGE ( 'NONE', *, *, #10342, .F. ) ;
#6931 = DIRECTION ( 'NONE',  ( 0.000000000000000000, -1.000000000000000000, 0.000000000000000000 ) ) ;
#6933 = CARTESIAN_POINT ( 'NONE',  ( 2.100000000000005418, 0.04999999999999999584, -1.125000000000000000 ) ) ;
#6932 = DIRECTION ( 'NONE',  ( 1.439820485060763520E-13, -0.000000000000000000, 1.000000000000000000 ) ) ;
#6934 = ORIENTED_EDGE ( 'NONE', *, *, #228, .T. ) ;
#6935 = ORIENTED_EDGE ( 'NONE', *, *, #5441, .T. ) ;
#6936 = PRESENTATION_LAYER_ASSIGNMENT (  '', '', ( #9067 ) ) ;
#6937 = VERTEX_POINT ( 'NONE', #4539 ) ;
#6938 = CARTESIAN_POINT ( 'NONE',  ( -0.3749999999999975020, 0.2000000000000000111, 2.499999999999978684 ) ) ;
#6939 = PLANE ( 'NONE',  #475 ) ;
#6940 =( LENGTH_UNIT ( ) NAMED_UNIT ( * ) SI_UNIT ( .MILLI., .METRE. ) );
#6941 = DIRECTION ( 'NONE',  ( -0.000000000000000000, 1.000000000000000000, 0.000000000000000000 ) ) ;
#6942 = ORIENTED_EDGE ( 'NONE', *, *, #7360, .F. ) ;
#6944 = CARTESIAN_POINT ( 'NONE',  ( -3.023623018627747431E-13, 0.05000000000000000278, -2.100000000000100009 ) ) ;
#6943 = LINE ( 'NONE', #10325, #5477 ) ;
#6945 = CARTESIAN_POINT ( 'NONE',  ( -2.500000000000042633, 0.000000000000000000, -1.625000000000000222 ) ) ;
#6946 = STYLED_ITEM ( 'NONE', ( #8589 ), #10110 ) ;
#6947 = LINE ( 'NONE', #6228, #10919 ) ;
#6948 = EDGE_CURVE ( 'NONE', #10870, #10518, #321, .T. ) ;
#6949 = VERTEX_POINT ( 'NONE', #9648 ) ;
#6950 = CARTESIAN_POINT ( 'NONE',  ( 1.625000000000001554, 0.2000000000000000111, -2.100000000000000089 ) ) ;
#6951 = EDGE_CURVE ( 'NONE', #4731, #2784, #5423, .T. ) ;
#6952 = EDGE_CURVE ( 'NONE', #2714, #10806, #6396, .T. ) ;
#6953 = CARTESIAN_POINT ( 'NONE',  ( 0.000000000000000000, 0.2000000000000000111, 0.000000000000000000 ) ) ;
#6954 = ORIENTED_EDGE ( 'NONE', *, *, #1995, .F. ) ;
#6955 = EDGE_LOOP ( 'NONE', ( #8348, #8122, #2317, #203 ) ) ;
#6956 = ORIENTED_EDGE ( 'NONE', *, *, #3142, .F. ) ;
#6957 = LINE ( 'NONE', #1726, #892 ) ;
#6958 = VERTEX_POINT ( 'NONE', #5701 ) ;
#6959 = LINE ( 'NONE', #9502, #5147 ) ;
#6960 = EDGE_CURVE ( 'NONE', #2113, #6220, #2151, .T. ) ;
#6961 = DIRECTION ( 'NONE',  ( -0.000000000000000000, -1.000000000000000000, -0.000000000000000000 ) ) ;
#6962 = LINE ( 'NONE', #2621, #6890 ) ;
#6963 = LINE ( 'NONE', #9506, #5414 ) ;
#6964 = ORIENTED_EDGE ( 'NONE', *, *, #1851, .F. ) ;
#6965 = ADVANCED_FACE ( 'NONE', ( #8888 ), #8212, .T. ) ;
#6966 = ADVANCED_FACE ( 'NONE', ( #9696 ), #9869, .T. ) ;
#6967 = ADVANCED_FACE ( 'NONE', ( #10815 ), #8156, .F. ) ;
#6968 = ADVANCED_FACE ( 'NONE', ( #9052 ), #2318, .T. ) ;
#6969 = ORIENTED_EDGE ( 'NONE', *, *, #3012, .F. ) ;
#6970 = LINE ( 'NONE', #10300, #1703 ) ;
#6971 = ADVANCED_FACE ( 'NONE', ( #4653 ), #3987, .F. ) ;
#6972 = LINE ( 'NONE', #10348, #3510 ) ;
#6973 = EDGE_CURVE ( 'NONE', #8371, #5130, #8043, .T. ) ;
#6974 = CARTESIAN_POINT ( 'NONE',  ( -0.1449999999995671696, 0.05000000000000000278, -0.1449999999996251787 ) ) ;
#6975 = CARTESIAN_POINT ( 'NONE',  ( 2.499999999999988454, 0.000000000000000000, 1.374999999999998668 ) ) ;
#6976 = EDGE_CURVE ( 'NONE', #4641, #8554, #428, .T. ) ;
#6978 = ORIENTED_EDGE ( 'NONE', *, *, #4851, .F. ) ;
#6977 = CARTESIAN_POINT ( 'NONE',  ( 1.374999999999999334, 0.000000000000000000, -2.100000000000030731 ) ) ;
#6979 = EDGE_CURVE ( 'NONE', #2190, #2139, #10654, .T. ) ;
#6980 = CARTESIAN_POINT ( 'NONE',  ( 0.000000000000000000, 0.05000000000000000278, 2.100000000000001865 ) ) ;
#6981 = CARTESIAN_POINT ( 'NONE',  ( -1.875000000000002220, 0.2000000000000000111, -2.499999999999953815 ) ) ;
#6982 = CARTESIAN_POINT ( 'NONE',  ( 2.100000000000000977, 0.2000000000000000111, 1.810000000000000719 ) ) ;
#6983 = ORIENTED_EDGE ( 'NONE', *, *, #9533, .T. ) ;
#6984 = CARTESIAN_POINT ( 'NONE',  ( 2.100000000000010747, 0.04999999999999999584, -0.6249999999999998890 ) ) ;
#6986 = CARTESIAN_POINT ( 'NONE',  ( -2.099999999999975220, 0.2000000000000000111, -1.809999999999999609 ) ) ;
#6985 = LINE ( 'NONE', #1089, #1215 ) ;
#6987 = ORIENTED_EDGE ( 'NONE', *, *, #5652, .F. ) ;
#6988 = VERTEX_POINT ( 'NONE', #3810 ) ;
#6990 = ORIENTED_EDGE ( 'NONE', *, *, #4577, .F. ) ;
#6989 =( NAMED_UNIT ( * ) PLANE_ANGLE_UNIT ( ) SI_UNIT ( $, .RADIAN. ) );
#6991 = ORIENTED_EDGE ( 'NONE', *, *, #1330, .T. ) ;
#6992 = LINE ( 'NONE', #206, #2956 ) ;
#6993 = FACE_OUTER_BOUND ( 'NONE', #6684, .T. ) ;
#6994 = VERTEX_POINT ( 'NONE', #7269 ) ;
#6996 = CARTESIAN_POINT ( 'NONE',  ( -2.499999999999977796, 0.2000000000000000111, -0.3749999999999968914 ) ) ;
#6995 = LINE ( 'NONE', #2764, #4064 ) ;
#6997 = DIRECTION ( 'NONE',  ( -1.214306433183764966E-14, 0.000000000000000000, -1.000000000000000000 ) ) ;
#6998 = CARTESIAN_POINT ( 'NONE',  ( 2.100000000000000089, 0.2000000000000000111, -1.809999999999998055 ) ) ;
#6999 = EDGE_LOOP ( 'NONE', ( #1263, #3905, #10499, #8041 ) ) ;
#7000 = PLANE ( 'NONE',  #9202 ) ;
#7001 = DIRECTION ( 'NONE',  ( -1.035655806553459206E-14, 0.000000000000000000, -1.000000000000000000 ) ) ;
#7002 = EDGE_LOOP ( 'NONE', ( #7725, #4360, #4562, #6104 ) ) ;
#7003 = ORIENTED_EDGE ( 'NONE', *, *, #9014, .F. ) ;
#7004 = ORIENTED_EDGE ( 'NONE', *, *, #9139, .F. ) ;
#7005 = CARTESIAN_POINT ( 'NONE',  ( -2.099999999999988098, 0.2000000000000000111, -1.375000000000001332 ) ) ;
#7006 = ORIENTED_EDGE ( 'NONE', *, *, #5003, .T. ) ;
#7007 = FACE_OUTER_BOUND ( 'NONE', #10498, .T. ) ;
#7008 = CARTESIAN_POINT ( 'NONE',  ( -2.164999999999975167, 0.2000000000000000111, -1.875000000000000222 ) ) ;
#7009 = DIRECTION ( 'NONE',  ( -0.7071067811864060193, 0.000000000000000000, -0.7071067811866890152 ) ) ;
#7010 = PLANE ( 'NONE',  #2042 ) ;
#7011 = EDGE_LOOP ( 'NONE', ( #5799, #2873, #9266, #1830 ) ) ;
#7012 = AXIS2_PLACEMENT_3D ( 'NONE', #665, #3269, #10832 ) ;
#7013 = ORIENTED_EDGE ( 'NONE', *, *, #7559, .T. ) ;
#7014 = CARTESIAN_POINT ( 'NONE',  ( 2.099999999999995648, 0.04999999999999999584, 1.125000000000002442 ) ) ;
#7015 = EDGE_CURVE ( 'NONE', #5888, #2392, #3936, .T. ) ;
#7016 = EDGE_CURVE ( 'NONE', #6439, #8371, #3143, .T. ) ;
#7017 = VECTOR ( 'NONE', #5151, 1000.000000000000000 ) ;
#7018 = LINE ( 'NONE', #1017, #1911 ) ;
#7019 = LINE ( 'NONE', #3678, #5281 ) ;
#7020 = EDGE_CURVE ( 'NONE', #10704, #9101, #1433, .T. ) ;
#7021 = CARTESIAN_POINT ( 'NONE',  ( 2.499999999999974687, 0.2000000000000000111, -0.8750000000000015543 ) ) ;
#7022 = EDGE_CURVE ( 'NONE', #1970, #4725, #10709, .T. ) ;
#7023 = VECTOR ( 'NONE', #4325, 1000.000000000000000 ) ;
#7024 = ADVANCED_FACE ( 'NONE', ( #9932 ), #3088, .T. ) ;
#7025 = VECTOR ( 'NONE', #7450, 1000.000000000000000 ) ;
#7026 = EDGE_CURVE ( 'NONE', #778, #342, #4037, .T. ) ;
#7027 = ORIENTED_EDGE ( 'NONE', *, *, #8724, .F. ) ;
#7028 = ADVANCED_FACE ( 'NONE', ( #929 ), #10867, .F. ) ;
#7029 = ADVANCED_FACE ( 'NONE', ( #1759 ), #4980, .T. ) ;
#7030 = CARTESIAN_POINT ( 'NONE',  ( -0.3749999999999991118, 0.000000000000000000, 2.100000000000021849 ) ) ;
#7031 = LINE ( 'NONE', #3463, #827 ) ;
#7032 = CARTESIAN_POINT ( 'NONE',  ( 2.099999999999969447, 0.2000000000000000111, -1.374999999999997558 ) ) ;
#7033 = ORIENTED_EDGE ( 'NONE', *, *, #2179, .T. ) ;
#7034 = DIRECTION ( 'NONE',  ( 2.775557561562891351E-14, 0.000000000000000000, -1.000000000000000000 ) ) ;
#7035 = VECTOR ( 'NONE', #2019, 1000.000000000000000 ) ;
#7037 = CARTESIAN_POINT ( 'NONE',  ( 2.100000000000010747, 0.2000000000000000111, -0.6249999999999998890 ) ) ;
#7036 = CARTESIAN_POINT ( 'NONE',  ( -2.500000000000000000, 0.04999999999999969746, -0.8749999999999990008 ) ) ;
#7038 = ORIENTED_EDGE ( 'NONE', *, *, #2545, .T. ) ;
#7039 = EDGE_LOOP ( 'NONE', ( #5908, #5124, #10316, #7350, #8753 ) ) ;
#7041 = ORIENTED_EDGE ( 'NONE', *, *, #9940, .F. ) ;
#7040 =( NAMED_UNIT ( * ) PLANE_ANGLE_UNIT ( ) SI_UNIT ( $, .RADIAN. ) );
#7042 = CLOSED_SHELL ( 'NONE', ( #8235, #10064, #1983, #4775, #2625, #9078 ) ) ;
#7043 = ORIENTED_EDGE ( 'NONE', *, *, #4331, .F. ) ;
#7044 = APPLICATION_PROTOCOL_DEFINITION ( 'draft international standard', 'automotive_design', 1998, #4568 ) ;
#7045 = CARTESIAN_POINT ( 'NONE',  ( -2.165000000000000036, 0.2000000000000000111, 1.874999999999999556 ) ) ;
#7046 = CARTESIAN_POINT ( 'NONE',  ( -1.374999999999998446, 0.04999999999999999584, -2.099999999999968558 ) ) ;
#7047 = CARTESIAN_POINT ( 'NONE',  ( -2.499999999999967581, 0.2000000000000000111, 0.6250000000000031086 ) ) ;
#7048 = ORIENTED_EDGE ( 'NONE', *, *, #10155, .F. ) ;
#7050 = DIRECTION ( 'NONE',  ( -9.893344823930224805E-15, 0.000000000000000000, -1.000000000000000000 ) ) ;
#7049 = LINE ( 'NONE', #1152, #515 ) ;
#7051 = LINE ( 'NONE', #9605, #4691 ) ;
#7052 = VECTOR ( 'NONE', #3354, 1000.000000000000000 ) ;
#7053 = PLANE ( 'NONE',  #638 ) ;
#7054 = MECHANICAL_DESIGN_GEOMETRIC_PRESENTATION_REPRESENTATION (  '', ( #837 ), #1904 ) ;
#7055 = VECTOR ( 'NONE', #6704, 1000.000000000000000 ) ;
#7056 = ORIENTED_EDGE ( 'NONE', *, *, #4320, .F. ) ;
#7057 = PLANE ( 'NONE',  #9030 ) ;
#7058 = LINE ( 'NONE', #4545, #2331 ) ;
#7059 = VECTOR ( 'NONE', #10061, 1000.000000000000000 ) ;
#7060 = ORIENTED_EDGE ( 'NONE', *, *, #9868, .F. ) ;
#7061 = VERTEX_POINT ( 'NONE', #1543 ) ;
#7062 = AXIS2_PLACEMENT_3D ( 'NONE', #4554, #7944, #9567 ) ;
#7063 = DIRECTION ( 'NONE',  ( 2.949029909160572061E-14, 0.000000000000000000, -1.000000000000000000 ) ) ;
#7064 = VECTOR ( 'NONE', #10176, 1000.000000000000000 ) ;
#7065 = ORIENTED_EDGE ( 'NONE', *, *, #2736, .F. ) ;
#7066 = LINE ( 'NONE', #10289, #1244 ) ;
#7067 = CARTESIAN_POINT ( 'NONE',  ( -0.3750000000000022204, 0.2000000000000000111, -2.499999999999979128 ) ) ;
#7068 = VECTOR ( 'NONE', #4966, 1000.000000000000114 ) ;
#7069 = CARTESIAN_POINT ( 'NONE',  ( 2.100000000000000533, 0.000000000000000000, 1.625000000000002442 ) ) ;
#7070 = VECTOR ( 'NONE', #9629, 1000.000000000000000 ) ;
#7071 = FACE_OUTER_BOUND ( 'NONE', #2493, .T. ) ;
#7072 = VERTEX_POINT ( 'NONE', #32 ) ;
#7073 = ORIENTED_EDGE ( 'NONE', *, *, #5181, .T. ) ;
#7074 = VECTOR ( 'NONE', #3808, 1000.000000000000000 ) ;
#7075 = AXIS2_PLACEMENT_3D ( 'NONE', #4502, #1731, #903 ) ;
#7076 = ORIENTED_EDGE ( 'NONE', *, *, #7983, .F. ) ;
#7077 = AXIS2_PLACEMENT_3D ( 'NONE', #9379, #7438, #2432 ) ;
#7078 = ORIENTED_EDGE ( 'NONE', *, *, #6951, .F. ) ;
#7079 = CARTESIAN_POINT ( 'NONE',  ( -2.099999999999975220, 0.2000000000000000111, -0.1250000000000009714 ) ) ;
#7080 = AXIS2_PLACEMENT_3D ( 'NONE', #4685, #465, #243 ) ;
#7081 = DIRECTION ( 'NONE',  ( -1.000000000000000000, -0.000000000000000000, 1.439820485060763520E-13 ) ) ;
#7082 = FACE_OUTER_BOUND ( 'NONE', #5140, .T. ) ;
#7083 = CARTESIAN_POINT ( 'NONE',  ( 2.499999999999980016, 0.2000000000000000111, -0.3750000000000014988 ) ) ;
#7084 = VECTOR ( 'NONE', #8172, 1000.000000000000000 ) ;
#7085 = VECTOR ( 'NONE', #1051, 1000.000000000000000 ) ;
#7086 = ADVANCED_FACE ( 'NONE', ( #2427 ), #3257, .F. ) ;
#7087 = STYLED_ITEM ( 'NONE', ( #3575 ), #2631 ) ;
#7089 = ORIENTED_EDGE ( 'NONE', *, *, #562, .T. ) ;
#7088 = DIRECTION ( 'NONE',  ( -1.000000000000000000, 0.000000000000000000, -2.949029909160572061E-14 ) ) ;
#7090 = ADVANCED_FACE ( 'NONE', ( #9315 ), #8327, .F. ) ;
#7091 = VECTOR ( 'NONE', #3410, 1000.000000000000000 ) ;
#7092 = CARTESIAN_POINT ( 'NONE',  ( -1.874999999999999556, 0.2000000000000000111, 2.165000000000001812 ) ) ;
#7093 = DIRECTION ( 'NONE',  ( -1.000000000000000000, -0.000000000000000000, 1.439820485060763520E-13 ) ) ;
#7094 = ORIENTED_EDGE ( 'NONE', *, *, #4307, .T. ) ;
#7095 = DIRECTION ( 'NONE',  ( 0.000000000000000000, -1.000000000000000000, 0.000000000000000000 ) ) ;
#7096 = ADVANCED_FACE ( 'NONE', ( #6612 ), #3421, .F. ) ;
#7098 = CARTESIAN_POINT ( 'NONE',  ( 2.099999999999974776, 0.000000000000000000, -0.8749999999999975575 ) ) ;
#7097 = CARTESIAN_POINT ( 'NONE',  ( 1.874999999999997780, 0.000000000000000000, -2.499999999999992895 ) ) ;
#7099 = STYLED_ITEM ( 'NONE', ( #7137 ), #2610 ) ;
#7100 = EDGE_CURVE ( 'NONE', #7135, #1439, #6665, .T. ) ;
#7101 = ORIENTED_EDGE ( 'NONE', *, *, #3959, .F. ) ;
#7102 = ADVANCED_FACE ( 'NONE', ( #4200 ), #5149, .T. ) ;
#7103 = ORIENTED_EDGE ( 'NONE', *, *, #6423, .F. ) ;
#7104 = EDGE_CURVE ( 'NONE', #3775, #1426, #3314, .T. ) ;
#7106 = ORIENTED_EDGE ( 'NONE', *, *, #2411, .F. ) ;
#7105 =( LENGTH_UNIT ( ) NAMED_UNIT ( * ) SI_UNIT ( .MILLI., .METRE. ) );
#7107 = EDGE_LOOP ( 'NONE', ( #7209, #1224, #9896, #5223 ) ) ;
#7108 =( NAMED_UNIT ( * ) PLANE_ANGLE_UNIT ( ) SI_UNIT ( $, .RADIAN. ) );
#7109 = DIRECTION ( 'NONE',  ( 0.000000000000000000, -0.000000000000000000, 1.000000000000000000 ) ) ;
#7110 = LINE ( 'NONE', #5419, #10054 ) ;
#7111 = CARTESIAN_POINT ( 'NONE',  ( 0.000000000000000000, 0.000000000000000000, 0.000000000000000000 ) ) ;
#7112 = ORIENTED_EDGE ( 'NONE', *, *, #3152, .F. ) ;
#7113 = CARTESIAN_POINT ( 'NONE',  ( 0.6249999999999978906, 0.000000000000000000, -2.499999999999989786 ) ) ;
#7114 = LINE ( 'NONE', #5263, #1511 ) ;
#7115 = ADVANCED_FACE ( 'NONE', ( #6778 ), #10193, .F. ) ;
#7116 = DIRECTION ( 'NONE',  ( -1.000000000000000000, -0.000000000000000000, 1.084202172485504118E-14 ) ) ;
#7117 = PRESENTATION_LAYER_ASSIGNMENT (  '', '', ( #8711 ) ) ;
#7118 = ADVANCED_FACE ( 'NONE', ( #6719 ), #5970, .T. ) ;
#7119 = DIRECTION ( 'NONE',  ( -0.000000000000000000, -1.000000000000000000, -0.000000000000000000 ) ) ;
#7120 = LINE ( 'NONE', #2716, #2508 ) ;
#7121 = ORIENTED_EDGE ( 'NONE', *, *, #2613, .F. ) ;
#7122 = ORIENTED_EDGE ( 'NONE', *, *, #9222, .T. ) ;
#7123 = ADVANCED_FACE ( 'NONE', ( #5027 ), #5748, .F. ) ;
#7124 = DIRECTION ( 'NONE',  ( 1.000000000000000000, 0.000000000000000000, -3.794707603699675727E-15 ) ) ;
#7125 = VECTOR ( 'NONE', #3919, 1000.000000000000000 ) ;
#7126 = ORIENTED_EDGE ( 'NONE', *, *, #10494, .F. ) ;
#7127 = DIRECTION ( 'NONE',  ( 0.000000000000000000, 0.000000000000000000, -1.000000000000000000 ) ) ;
#7128 = FACE_OUTER_BOUND ( 'NONE', #10123, .T. ) ;
#7129 = DIRECTION ( 'NONE',  ( -0.7071067811865474617, 0.000000000000000000, 0.7071067811865474617 ) ) ;
#7130 = DIRECTION ( 'NONE',  ( -0.000000000000000000, -1.000000000000000000, -0.000000000000000000 ) ) ;
#7131 = CARTESIAN_POINT ( 'NONE',  ( -2.499999999999972911, 0.2000000000000000111, 0.1250000000000031364 ) ) ;
#7132 = VERTEX_POINT ( 'NONE', #10148 ) ;
#7133 = AXIS2_PLACEMENT_3D ( 'NONE', #9558, #1272, #2043 ) ;
#7134 = VERTEX_POINT ( 'NONE', #874 ) ;
#7135 = VERTEX_POINT ( 'NONE', #5912 ) ;
#7136 = DIRECTION ( 'NONE',  ( -1.000000000000000000, -0.000000000000000000, -0.000000000000000000 ) ) ;
#7137 = PRESENTATION_STYLE_ASSIGNMENT (( #10397 ) ) ;
#7138 = CARTESIAN_POINT ( 'NONE',  ( 0.000000000000000000, 0.2000000000000000111, 0.000000000000000000 ) ) ;
#7139 = PLANE ( 'NONE',  #8845 ) ;
#7140 = CARTESIAN_POINT ( 'NONE',  ( -1.675000000000000266, 0.05000000000000000278, 1.252440440629807628E-16 ) ) ;
#7142 = ORIENTED_EDGE ( 'NONE', *, *, #4374, .T. ) ;
#7141 = FACE_OUTER_BOUND ( 'NONE', #6165, .T. ) ;
#7143 = ADVANCED_FACE ( 'NONE', ( #1697 ), #709, .T. ) ;
#7144 = LINE ( 'NONE', #8643, #4711 ) ;
#7145 = CARTESIAN_POINT ( 'NONE',  ( 2.499999999999983125, 0.000000000000000000, 0.8749999999999984457 ) ) ;
#7146 = CARTESIAN_POINT ( 'NONE',  ( 1.809999999999999165, 0.2000000000000000111, 2.100000000000000977 ) ) ;
#7147 = ORIENTED_EDGE ( 'NONE', *, *, #7022, .F. ) ;
#7148 = DIRECTION ( 'NONE',  ( 3.794707603699675727E-15, 0.000000000000000000, 1.000000000000000000 ) ) ;
#7150 = CARTESIAN_POINT ( 'NONE',  ( 2.100000000000020961, 0.2000000000000000111, 0.3750000000000000555 ) ) ;
#7149 = CARTESIAN_POINT ( 'NONE',  ( -2.499999999999962252, 0.2000000000000000111, 1.125000000000003109 ) ) ;
#7151 = VERTEX_POINT ( 'NONE', #6819 ) ;
#7152 = EDGE_CURVE ( 'NONE', #809, #1337, #8549, .T. ) ;
#7153 = ORIENTED_EDGE ( 'NONE', *, *, #4492, .T. ) ;
#7155 = EDGE_LOOP ( 'NONE', ( #6103, #1115, #5973, #2445 ) ) ;
#7154 = LINE ( 'NONE', #8982, #6035 ) ;
#7156 = VERTEX_POINT ( 'NONE', #136 ) ;
#7157 = DIRECTION ( 'NONE',  ( -1.000000000000000000, -0.000000000000000000, -2.344220913482196012E-15 ) ) ;
#7158 = CARTESIAN_POINT ( 'NONE',  ( 2.499999999999988454, 0.2000000000000000111, 1.374999999999998668 ) ) ;
#7159 = DIRECTION ( 'NONE',  ( 0.000000000000000000, -0.000000000000000000, 1.000000000000000000 ) ) ;
#7160 = DIRECTION ( 'NONE',  ( 1.084202172485504276E-14, -0.000000000000000000, 1.000000000000000000 ) ) ;
#7161 = ORIENTED_EDGE ( 'NONE', *, *, #4851, .T. ) ;
#7162 = EDGE_CURVE ( 'NONE', #8658, #312, #1917, .T. ) ;
#7163 = CARTESIAN_POINT ( 'NONE',  ( -2.099999999999975220, 0.04999999999999999584, -0.1250000000000009714 ) ) ;
#7164 = CARTESIAN_POINT ( 'NONE',  ( -1.809999999999999609, 0.2000000000000000111, 2.100000000000001865 ) ) ;
#7165 = LINE ( 'NONE', #8046, #10219 ) ;
#7166 = EDGE_CURVE ( 'NONE', #6661, #10761, #10252, .T. ) ;
#7167 = ADVANCED_FACE ( 'NONE', ( #4473 ), #1812, .F. ) ;
#7168 = CARTESIAN_POINT ( 'NONE',  ( 2.100000000000000977, 0.2000000000000000111, 1.810000000000000719 ) ) ;
#7169 = EDGE_CURVE ( 'NONE', #9308, #7072, #1975, .T. ) ;
#7170 = FACE_OUTER_BOUND ( 'NONE', #1652, .T. ) ;
#7171 = ORIENTED_EDGE ( 'NONE', *, *, #10560, .F. ) ;
#7172 = ORIENTED_EDGE ( 'NONE', *, *, #7499, .T. ) ;
#7173 = CARTESIAN_POINT ( 'NONE',  ( -0.1250000000000223987, 0.05000000000000000278, 1.245138432464044352E-15 ) ) ;
#7174 = EDGE_LOOP ( 'NONE', ( #4096, #3603, #7359, #10246 ) ) ;
#7175 = EDGE_CURVE ( 'NONE', #4059, #4731, #2865, .T. ) ;
#7177 = FACE_OUTER_BOUND ( 'NONE', #5963, .T. ) ;
#7176 =( LENGTH_UNIT ( ) NAMED_UNIT ( * ) SI_UNIT ( .MILLI., .METRE. ) );
#7178 = CARTESIAN_POINT ( 'NONE',  ( -2.500000000000046185, 0.2000000000000000111, -1.875000000000000000 ) ) ;
#7179 = CARTESIAN_POINT ( 'NONE',  ( -2.099999999999969891, 0.04999999999999999584, 0.3749999999999990563 ) ) ;
#7180 = DIRECTION ( 'NONE',  ( 1.000000000000000000, -0.000000000000000000, -4.065758146821081023E-15 ) ) ;
#7181 = LINE ( 'NONE', #5343, #92 ) ;
#7182 = ORIENTED_EDGE ( 'NONE', *, *, #845, .F. ) ;
#7183 = EDGE_LOOP ( 'NONE', ( #7593, #2705, #1662, #7844 ) ) ;
#7184 = ORIENTED_EDGE ( 'NONE', *, *, #1113, .F. ) ;
#7185 = LINE ( 'NONE', #5508, #993 ) ;
#7186 =( NAMED_UNIT ( * ) PLANE_ANGLE_UNIT ( ) SI_UNIT ( $, .RADIAN. ) );
#7187 = LINE ( 'NONE', #10567, #7244 ) ;
#7188 = DIRECTION ( 'NONE',  ( 0.000000000000000000, 0.000000000000000000, 1.000000000000000000 ) ) ;
#7189 = DIRECTION ( 'NONE',  ( -1.000000000000000000, -0.000000000000000000, 1.439820485060763520E-13 ) ) ;
#7191 = VERTEX_POINT ( 'NONE', #9588 ) ;
#7190 = DIRECTION ( 'NONE',  ( 9.757819552369536751E-15, 0.000000000000000000, 1.000000000000000000 ) ) ;
#7192 = VECTOR ( 'NONE', #3877, 1000.000000000000000 ) ;
#7193 = CARTESIAN_POINT ( 'NONE',  ( 2.499999999999969802, 0.000000000000000000, -1.375000000000001332 ) ) ;
#7194 = SURFACE_STYLE_USAGE ( .BOTH. , #8025 ) ;
#7195 = CARTESIAN_POINT ( 'NONE',  ( 1.675000000000000044, 0.000000000000000000, -1.525000000000000355 ) ) ;
#7196 = CARTESIAN_POINT ( 'NONE',  ( 1.524999999999999023, 0.2000000000000000111, 1.674999999999998712 ) ) ;
#7198 = PLANE ( 'NONE',  #3639 ) ;
#7197 = CARTESIAN_POINT ( 'NONE',  ( -2.499999999999970246, 0.2000000000000000111, 0.3750000000000031641 ) ) ;
#7199 = EDGE_LOOP ( 'NONE', ( #140, #392, #8176, #4173 ) ) ;
#7200 = AXIS2_PLACEMENT_3D ( 'NONE', #1423, #9852, #5472 ) ;
#7201 = ORIENTED_EDGE ( 'NONE', *, *, #10611, .T. ) ;
#7203 = ORIENTED_EDGE ( 'NONE', *, *, #10297, .F. ) ;
#7202 = SURFACE_SIDE_STYLE ('',( #1201 ) ) ;
#7204 = VERTEX_POINT ( 'NONE', #10313 ) ;
#7205 = VECTOR ( 'NONE', #7238, 1000.000000000000000 ) ;
#7206 = PLANE ( 'NONE',  #9504 ) ;
#7207 = DIRECTION ( 'NONE',  ( 0.7071067811866890152, -0.000000000000000000, -0.7071067811864060193 ) ) ;
#7208 = VECTOR ( 'NONE', #212, 1000.000000000000000 ) ;
#7209 = ORIENTED_EDGE ( 'NONE', *, *, #964, .T. ) ;
#7210 = DIRECTION ( 'NONE',  ( 1.000000000000000000, 0.000000000000000000, -1.084202172485504276E-14 ) ) ;
#7211 = LINE ( 'NONE', #5749, #3630 ) ;
#7212 = LINE ( 'NONE', #10594, #9508 ) ;
#7213 = CLOSED_SHELL ( 'NONE', ( #7090, #3979, #4349, #7958, #6198, #5108 ) ) ;
#7214 = PRESENTATION_LAYER_ASSIGNMENT (  '', '', ( #2592 ) ) ;
#7215 = EDGE_CURVE ( 'NONE', #4226, #3, #6133, .T. ) ;
#7216 = DIRECTION ( 'NONE',  ( 0.7071067811865474617, -0.000000000000000000, 0.7071067811865474617 ) ) ;
#7217 = ORIENTED_EDGE ( 'NONE', *, *, #1461, .F. ) ;
#7218 = EDGE_CURVE ( 'NONE', #9081, #3837, #2022, .T. ) ;
#7219 = CARTESIAN_POINT ( 'NONE',  ( -2.499999999999983125, 0.2000000000000000111, -0.8749999999999968914 ) ) ;
#7220 = DIRECTION ( 'NONE',  ( -1.040834085586083310E-14, -0.000000000000000000, -1.000000000000000000 ) ) ;
#7221 = ORIENTED_EDGE ( 'NONE', *, *, #4582, .F. ) ;
#7222 = DIRECTION ( 'NONE',  ( 1.000000000000000000, -0.000000000000000000, 0.000000000000000000 ) ) ;
#7223 = VECTOR ( 'NONE', #2518, 1000.000000000000000 ) ;
#7224 = CARTESIAN_POINT ( 'NONE',  ( 0.1249999999999977796, 0.2000000000000000111, -2.499999999999984457 ) ) ;
#7225 = PRESENTATION_LAYER_ASSIGNMENT (  '', '', ( #7395 ) ) ;
#7226 = PLANE ( 'NONE',  #7939 ) ;
#7227 = LINE ( 'NONE', #7069, #4929 ) ;
#7228 = FACE_OUTER_BOUND ( 'NONE', #735, .T. ) ;
#7229 = EDGE_CURVE ( 'NONE', #1647, #8820, #10473, .T. ) ;
#7230 = EDGE_CURVE ( 'NONE', #3568, #2392, #7913, .T. ) ;
#7231 = VERTEX_POINT ( 'NONE', #5304 ) ;
#7232 = EDGE_CURVE ( 'NONE', #2340, #9570, #245, .T. ) ;
#7233 = DIRECTION ( 'NONE',  ( -4.065758146821081023E-15, 0.000000000000000000, -1.000000000000000000 ) ) ;
#7234 = COLOUR_RGB ( '',0.7921568627450980005, 0.8196078431372548767, 0.9333333333333333481 ) ;
#7235 = VECTOR ( 'NONE', #6762, 1000.000000000000000 ) ;
#7236 = VERTEX_POINT ( 'NONE', #5361 ) ;
#7237 = ORIENTED_EDGE ( 'NONE', *, *, #5522, .T. ) ;
#7238 = DIRECTION ( 'NONE',  ( 3.794707603699675727E-15, -0.000000000000000000, 1.000000000000000000 ) ) ;
#7239 = VECTOR ( 'NONE', #9244, 1000.000000000000000 ) ;
#7240 = CARTESIAN_POINT ( 'NONE',  ( 2.499999999999990674, 0.000000000000000000, 0.6249999999999984457 ) ) ;
#7241 = DIRECTION ( 'NONE',  ( -1.000000000000000000, 0.000000000000000000, 1.439820485060763520E-13 ) ) ;
#7242 = FACE_OUTER_BOUND ( 'NONE', #7866, .T. ) ;
#7243 = CARTESIAN_POINT ( 'NONE',  ( -2.500000000000000000, 0.04999999999999969746, 0.1250000000000009714 ) ) ;
#7244 = VECTOR ( 'NONE', #2953, 1000.000000000000000 ) ;
#7245 = VECTOR ( 'NONE', #10126, 1000.000000000000000 ) ;
#7246 = EDGE_CURVE ( 'NONE', #5309, #1504, #4420, .T. ) ;
#7247 = VECTOR ( 'NONE', #2324, 1000.000000000000000 ) ;
#7249 = ORIENTED_EDGE ( 'NONE', *, *, #5249, .T. ) ;
#7248 = CARTESIAN_POINT ( 'NONE',  ( 1.124999999999997780, 0.000000000000000000, -2.499999999999994671 ) ) ;
#7250 = VECTOR ( 'NONE', #1858, 1000.000000000000000 ) ;
#7251 =( NAMED_UNIT ( * ) PLANE_ANGLE_UNIT ( ) SI_UNIT ( $, .RADIAN. ) );
#7252 = DIRECTION ( 'NONE',  ( 0.000000000000000000, -1.000000000000000000, 0.000000000000000000 ) ) ;
#7253 = VECTOR ( 'NONE', #8278, 1000.000000000000000 ) ;
#7254 = CARTESIAN_POINT ( 'NONE',  ( -2.499999999999964917, 0.2000000000000000111, 0.8750000000000031086 ) ) ;
#7255 = LINE ( 'NONE', #9681, #6173 ) ;
#7256 = AXIS2_PLACEMENT_3D ( 'NONE', #3163, #9946, #5710 ) ;
#7258 = LINE ( 'NONE', #9685, #5586 ) ;
#7257 = LINE ( 'NONE', #9851, #10260 ) ;
#7259 = ORIENTED_EDGE ( 'NONE', *, *, #3616, .F. ) ;
#7260 = VECTOR ( 'NONE', #2863, 1000.000000000000000 ) ;
#7261 = ORIENTED_EDGE ( 'NONE', *, *, #283, .T. ) ;
#7262 = VECTOR ( 'NONE', #971, 1000.000000000000000 ) ;
#7264 = ORIENTED_EDGE ( 'NONE', *, *, #9933, .F. ) ;
#7263 = PRESENTATION_STYLE_ASSIGNMENT (( #1262 ) ) ;
#7265 = ORIENTED_EDGE ( 'NONE', *, *, #1049, .F. ) ;
#7266 = CARTESIAN_POINT ( 'NONE',  ( 2.500000000000000000, -7.071067811865475505, 2.500000000000000000 ) ) ;
#7267 = CARTESIAN_POINT ( 'NONE',  ( 2.499999999999956923, 0.2000000000000000111, -1.625000000000001332 ) ) ;
#7268 = ORIENTED_EDGE ( 'NONE', *, *, #3816, .T. ) ;
#7269 = CARTESIAN_POINT ( 'NONE',  ( -0.1250000000000006939, 0.2000000000000000111, -2.100000000000015188 ) ) ;
#7270 = CARTESIAN_POINT ( 'NONE',  ( 2.499999999999954259, 0.2000000000000000111, -1.875000000000001554 ) ) ;
#7271 = UNCERTAINTY_MEASURE_WITH_UNIT (LENGTH_MEASURE( 1.000000000000000082E-05 ), #3971, 'distance_accuracy_value', 'NONE');
#7272 = ORIENTED_EDGE ( 'NONE', *, *, #7427, .F. ) ;
#7273 = CARTESIAN_POINT ( 'NONE',  ( -1.875000000000002220, 0.2000000000000000111, -2.499999999999953815 ) ) ;
#7274 = VECTOR ( 'NONE', #2670, 1000.000000000000000 ) ;
#7275 = VECTOR ( 'NONE', #10680, 1000.000000000000000 ) ;
#7276 = CARTESIAN_POINT ( 'NONE',  ( -2.499999999999970246, 0.2000000000000000111, 0.3750000000000031641 ) ) ;
#7277 = DIRECTION ( 'NONE',  ( -0.000000000000000000, -1.000000000000000000, -0.000000000000000000 ) ) ;
#7278 = VERTEX_POINT ( 'NONE', #6259 ) ;
#7279 = DIRECTION ( 'NONE',  ( 0.000000000000000000, -0.000000000000000000, 1.000000000000000000 ) ) ;
#7280 = CARTESIAN_POINT ( 'NONE',  ( 2.499999999999954259, 0.2000000000000000111, -1.875000000000001554 ) ) ;
#7281 = ORIENTED_EDGE ( 'NONE', *, *, #9193, .F. ) ;
#7283 = CARTESIAN_POINT ( 'NONE',  ( -1.625000000000002220, 0.000000000000000000, -2.499999999999956035 ) ) ;
#7282 = CARTESIAN_POINT ( 'NONE',  ( 1.874999999999997780, 0.04999999999999999584, -2.499999999999992895 ) ) ;
#7284 = LINE ( 'NONE', #10774, #3150 ) ;
#7285 = VECTOR ( 'NONE', #981, 1000.000000000000000 ) ;
#7286 = DIRECTION ( 'NONE',  ( 1.040834085586083468E-14, -0.000000000000000000, 1.000000000000000000 ) ) ;
#7287 = DIRECTION ( 'NONE',  ( -3.794707603699675727E-15, 0.000000000000000000, -1.000000000000000000 ) ) ;
#7288 = EDGE_CURVE ( 'NONE', #6642, #8659, #1088, .T. ) ;
#7289 = VERTEX_POINT ( 'NONE', #6984 ) ;
#7290 = CARTESIAN_POINT ( 'NONE',  ( 1.625000000000001776, 0.04999999999999969746, 2.500000000000000000 ) ) ;
#7291 = ORIENTED_EDGE ( 'NONE', *, *, #10405, .T. ) ;
#7292 = ORIENTED_EDGE ( 'NONE', *, *, #4657, .F. ) ;
#7293 = EDGE_CURVE ( 'NONE', #10121, #2827, #2748, .T. ) ;
#7294 = LINE ( 'NONE', #1289, #8638 ) ;
#7295 = DIRECTION ( 'NONE',  ( -1.040834085586083310E-14, -0.000000000000000000, -1.000000000000000000 ) ) ;
#7296 = ADVANCED_FACE ( 'NONE', ( #7859 ), #3635, .F. ) ;
#7297 = ADVANCED_FACE ( 'NONE', ( #10415 ), #8816, .T. ) ;
#7298 = DIRECTION ( 'NONE',  ( -3.862470239480026854E-15, -0.000000000000000000, -1.000000000000000000 ) ) ;
#7299 = ORIENTED_EDGE ( 'NONE', *, *, #3763, .F. ) ;
#7300 = DIRECTION ( 'NONE',  ( -7.477256361968998944E-17, 0.000000000000000000, -1.000000000000000000 ) ) ;
#7301 = VECTOR ( 'NONE', #10444, 1000.000000000000000 ) ;
#7303 = VERTEX_POINT ( 'NONE', #1194 ) ;
#7302 = CARTESIAN_POINT ( 'NONE',  ( -0.8750000000000022204, 0.2000000000000000111, -2.499999999999974243 ) ) ;
#7304 = EDGE_CURVE ( 'NONE', #7389, #8002, #4588, .T. ) ;
#7305 = VECTOR ( 'NONE', #10661, 1000.000000000000000 ) ;
#7306 = EDGE_CURVE ( 'NONE', #6284, #2577, #10697, .T. ) ;
#7307 = CARTESIAN_POINT ( 'NONE',  ( 0.000000000000000000, 0.2000000000000000111, 0.000000000000000000 ) ) ;
#7308 = CARTESIAN_POINT ( 'NONE',  ( -2.099999999999967226, 0.000000000000000000, 0.6249999999999987788 ) ) ;
#7309 = LINE ( 'NONE', #9143, #6160 ) ;
#7310 = ADVANCED_FACE ( 'NONE', ( #6380 ), #2075, .F. ) ;
#7311 = LINE ( 'NONE', #3073, #9044 ) ;
#7313 = DIRECTION ( 'NONE',  ( -0.7071067811865474617, 0.000000000000000000, -0.7071067811865474617 ) ) ;
#7312 = CARTESIAN_POINT ( 'NONE',  ( -2.500000000000000000, 0.04999999999999969746, -2.500000000000000000 ) ) ;
#7314 = VERTEX_POINT ( 'NONE', #5521 ) ;
#7315 = ORIENTED_EDGE ( 'NONE', *, *, #1880, .F. ) ;
#7316 = EDGE_CURVE ( 'NONE', #7556, #1173, #10522, .T. ) ;
#7317 = ORIENTED_EDGE ( 'NONE', *, *, #8034, .T. ) ;
#7318 = ORIENTED_EDGE ( 'NONE', *, *, #1383, .T. ) ;
#7319 =( LENGTH_UNIT ( ) NAMED_UNIT ( * ) SI_UNIT ( .MILLI., .METRE. ) );
#7320 = DIRECTION ( 'NONE',  ( -1.000000000000000000, 0.000000000000000000, -2.775557561562891351E-14 ) ) ;
#7321 = DIRECTION ( 'NONE',  ( -1.000000000000000000, 0.000000000000000000, 0.000000000000000000 ) ) ;
#7322 = ORIENTED_EDGE ( 'NONE', *, *, #10212, .T. ) ;
#7323 = CARTESIAN_POINT ( 'NONE',  ( 0.1450000000000001565, 0.05000000000000000278, -0.1450000000000001565 ) ) ;
#7324 = CARTESIAN_POINT ( 'NONE',  ( 2.100000000000026290, 0.000000000000000000, 0.8750000000000001110 ) ) ;
#7325 = ORIENTED_EDGE ( 'NONE', *, *, #1232, .T. ) ;
#7326 = CARTESIAN_POINT ( 'NONE',  ( 0.000000000000000000, 0.000000000000000000, 0.000000000000000000 ) ) ;
#7327 = CARTESIAN_POINT ( 'NONE',  ( -2.099999999999988098, 0.2000000000000000111, -1.375000000000001332 ) ) ;
#7328 = LINE ( 'NONE', #1551, #2603 ) ;
#7329 = CARTESIAN_POINT ( 'NONE',  ( -2.499999999999962252, 0.2000000000000000111, 1.125000000000003109 ) ) ;
#7330 = DIRECTION ( 'NONE',  ( -1.000000000000000000, 0.000000000000000000, 1.040834085586084257E-14 ) ) ;
#7331 = ORIENTED_EDGE ( 'NONE', *, *, #2239, .T. ) ;
#7332 = LINE ( 'NONE', #662, #125 ) ;
#7333 = CARTESIAN_POINT ( 'NONE',  ( 2.165000000000000924, 0.2000000000000000111, 1.875000000000000666 ) ) ;
#7334 = FACE_OUTER_BOUND ( 'NONE', #1832, .T. ) ;
#7335 = CARTESIAN_POINT ( 'NONE',  ( -1.625000000000000888, 0.2000000000000000111, -2.099999999999999645 ) ) ;
#7336 = VERTEX_POINT ( 'NONE', #8923 ) ;
#7337 = DIRECTION ( 'NONE',  ( 5.825563911862536124E-15, 0.000000000000000000, 1.000000000000000000 ) ) ;
#7338 = ORIENTED_EDGE ( 'NONE', *, *, #4646, .T. ) ;
#7339 = VERTEX_POINT ( 'NONE', #1252 ) ;
#7340 = ORIENTED_EDGE ( 'NONE', *, *, #7229, .F. ) ;
#7341 = LINE ( 'NONE', #4733, #8096 ) ;
#7342 = PRESENTATION_STYLE_ASSIGNMENT (( #3843 ) ) ;
#7343 = DIRECTION ( 'NONE',  ( -1.029992063861229055E-14, 0.000000000000000000, -1.000000000000000000 ) ) ;
#7344 = CARTESIAN_POINT ( 'NONE',  ( 0.000000000000000000, 0.000000000000000000, 0.000000000000000000 ) ) ;
#7345 = EDGE_CURVE ( 'NONE', #1439, #10612, #4637, .T. ) ;
#7346 = ORIENTED_EDGE ( 'NONE', *, *, #8448, .T. ) ;
#7347 = CARTESIAN_POINT ( 'NONE',  ( -1.809999999999999609, 0.2000000000000000111, 2.100000000000001865 ) ) ;
#7348 = ADVANCED_FACE ( 'NONE', ( #9850 ), #8027, .T. ) ;
#7350 = ORIENTED_EDGE ( 'NONE', *, *, #10902, .T. ) ;
#7349 = LINE ( 'NONE', #7248, #3571 ) ;
#7351 = LINE ( 'NONE', #1349, #4423 ) ;
#7352 = PRESENTATION_STYLE_ASSIGNMENT (( #7194 ) ) ;
#7353 = EDGE_CURVE ( 'NONE', #2250, #7556, #6436, .T. ) ;
#7354 = LINE ( 'NONE', #10740, #3701 ) ;
#7355 = CARTESIAN_POINT ( 'NONE',  ( 2.100000000000020961, 0.2000000000000000111, 0.3750000000000000555 ) ) ;
#7356 = PLANE ( 'NONE',  #9541 ) ;
#7358 = DIRECTION ( 'NONE',  ( 9.757819552369536751E-15, 0.000000000000000000, 1.000000000000000000 ) ) ;
#7357 = LINE ( 'NONE', #5523, #3881 ) ;
#7359 = ORIENTED_EDGE ( 'NONE', *, *, #7631, .T. ) ;
#7360 = EDGE_CURVE ( 'NONE', #836, #5248, #7255, .T. ) ;
#7361 = VERTEX_POINT ( 'NONE', #5469 ) ;
#7362 = EDGE_CURVE ( 'NONE', #2726, #4538, #4686, .T. ) ;
#7363 = VECTOR ( 'NONE', #5972, 1000.000000000000000 ) ;
#7364 = EDGE_CURVE ( 'NONE', #3933, #8228, #8874, .T. ) ;
#7366 = VERTEX_POINT ( 'NONE', #7196 ) ;
#7365 = CARTESIAN_POINT ( 'NONE',  ( 0.000000000000000000, 0.2000000000000000111, 0.000000000000000000 ) ) ;
#7367 = ORIENTED_EDGE ( 'NONE', *, *, #4570, .T. ) ;
#7368 = PLANE ( 'NONE',  #7777 ) ;
#7369 = ORIENTED_EDGE ( 'NONE', *, *, #167, .T. ) ;
#7370 = DIRECTION ( 'NONE',  ( 1.000000000000000000, 0.000000000000000000, -9.757819552369538328E-15 ) ) ;
#7371 = VECTOR ( 'NONE', #8905, 1000.000000000000000 ) ;
#7372 = CARTESIAN_POINT ( 'NONE',  ( 0.1250000000000009159, 0.2000000000000000111, 2.100000000000016964 ) ) ;
#7373 = ORIENTED_EDGE ( 'NONE', *, *, #2678, .T. ) ;
#7374 = VECTOR ( 'NONE', #10461, 1000.000000000000000 ) ;
#7375 = EDGE_CURVE ( 'NONE', #6285, #2190, #5626, .T. ) ;
#7376 = CARTESIAN_POINT ( 'NONE',  ( 1.625000000000002442, 0.2000000000000000111, 2.499999999999957367 ) ) ;
#7377 = VECTOR ( 'NONE', #2219, 1000.000000000000000 ) ;
#7378 = FACE_OUTER_BOUND ( 'NONE', #9406, .T. ) ;
#7379 = FACE_OUTER_BOUND ( 'NONE', #4675, .T. ) ;
#7380 = DIRECTION ( 'NONE',  ( -0.000000000000000000, -1.000000000000000000, -0.000000000000000000 ) ) ;
#7381 = CARTESIAN_POINT ( 'NONE',  ( 0.8749999999999978906, 0.2000000000000000111, -2.499999999999982236 ) ) ;
#7382 = ORIENTED_EDGE ( 'NONE', *, *, #1606, .T. ) ;
#7384 = LINE ( 'NONE', #10772, #2660 ) ;
#7383 = CARTESIAN_POINT ( 'NONE',  ( -0.3750000000000022204, 0.2000000000000000111, -2.499999999999979128 ) ) ;
#7385 = DIRECTION ( 'NONE',  ( 1.000000000000000000, 0.000000000000000000, -1.029992063861228897E-14 ) ) ;
#7386 = LINE ( 'NONE', #2533, #6562 ) ;
#7387 = DIRECTION ( 'NONE',  ( -3.997995511040729896E-15, 0.000000000000000000, -1.000000000000000000 ) ) ;
#7388 = COLOUR_RGB ( '',0.7921568627450980005, 0.8196078431372548767, 0.9333333333333333481 ) ;
#7389 = VERTEX_POINT ( 'NONE', #2964 ) ;
#7390 = LINE ( 'NONE', #5605, #2265 ) ;
#7391 = EDGE_LOOP ( 'NONE', ( #1605, #6181, #7003, #3774 ) ) ;
#7392 = CLOSED_SHELL ( 'NONE', ( #2406, #7957, #10066, #591, #4999, #1174 ) ) ;
#7393 = EDGE_LOOP ( 'NONE', ( #417, #4424, #60, #2347 ) ) ;
#7394 = ORIENTED_EDGE ( 'NONE', *, *, #6561, .F. ) ;
#7395 = STYLED_ITEM ( 'NONE', ( #298 ), #6295 ) ;
#7396 = LINE ( 'NONE', #5768, #5789 ) ;
#7397 = DIRECTION ( 'NONE',  ( 0.000000000000000000, 0.000000000000000000, 1.000000000000000000 ) ) ;
#7398 = DIRECTION ( 'NONE',  ( 0.000000000000000000, -0.000000000000000000, 1.000000000000000000 ) ) ;
#7399 = LINE ( 'NONE', #10063, #8676 ) ;
#7400 = ORIENTED_EDGE ( 'NONE', *, *, #3289, .T. ) ;
#7401 = CARTESIAN_POINT ( 'NONE',  ( -1.624999999999997558, 0.2000000000000000111, 2.500000000000002220 ) ) ;
#7402 = PRESENTATION_LAYER_ASSIGNMENT (  '', '', ( #837 ) ) ;
#7403 = AXIS2_PLACEMENT_3D ( 'NONE', #3245, #1352, #9972 ) ;
#7405 = VERTEX_POINT ( 'NONE', #1473 ) ;
#7404 = DIRECTION ( 'NONE',  ( -3.997995511040729896E-15, 0.000000000000000000, -1.000000000000000000 ) ) ;
#7406 = LINE ( 'NONE', #9914, #2962 ) ;
#7407 = LINE ( 'NONE', #583, #1750 ) ;
#7408 = AXIS2_PLACEMENT_3D ( 'NONE', #4832, #3998, #5987 ) ;
#7409 = AXIS2_PLACEMENT_3D ( 'NONE', #8188, #7343, #9903 ) ;
#7410 = CARTESIAN_POINT ( 'NONE',  ( 2.500000000000000888, 0.2000000000000000111, 1.624999999999998668 ) ) ;
#7411 = FACE_OUTER_BOUND ( 'NONE', #4673, .T. ) ;
#7413 = PLANE ( 'NONE',  #10038 ) ;
#7412 = LINE ( 'NONE', #7197, #1038 ) ;
#7414 = VECTOR ( 'NONE', #5510, 1000.000000000000000 ) ;
#7415 = ADVANCED_FACE ( 'NONE', ( #8141 ), #9747, .T. ) ;
#7416 = VECTOR ( 'NONE', #1132, 1000.000000000000000 ) ;
#7417 = ORIENTED_EDGE ( 'NONE', *, *, #1310, .T. ) ;
#7418 = VERTEX_POINT ( 'NONE', #5567 ) ;
#7419 = VECTOR ( 'NONE', #10533, 1000.000000000000000 ) ;
#7420 = ORIENTED_EDGE ( 'NONE', *, *, #2057, .F. ) ;
#7421 = ORIENTED_EDGE ( 'NONE', *, *, #8924, .T. ) ;
#7422 = VECTOR ( 'NONE', #9039, 1000.000000000000000 ) ;
#7423 = VECTOR ( 'NONE', #8738, 1000.000000000000000 ) ;
#7424 = ADVANCED_FACE ( 'NONE', ( #1354 ), #7356, .F. ) ;
#7425 = DIRECTION ( 'NONE',  ( -1.000000000000000000, 0.000000000000000000, -2.949029909160572061E-14 ) ) ;
#7426 = ORIENTED_EDGE ( 'NONE', *, *, #295, .T. ) ;
#7427 = EDGE_CURVE ( 'NONE', #6317, #7456, #7311, .T. ) ;
#7428 = CARTESIAN_POINT ( 'NONE',  ( 1.625000000000002442, 0.000000000000000000, 2.499999999999957367 ) ) ;
#7429 = EDGE_CURVE ( 'NONE', #9051, #7303, #4810, .T. ) ;
#7430 = CARTESIAN_POINT ( 'NONE',  ( -2.099999999999990763, 0.2000000000000000111, -1.625000000000001110 ) ) ;
#7431 = VECTOR ( 'NONE', #2183, 1000.000000000000000 ) ;
#7432 = EDGE_CURVE ( 'NONE', #10508, #4866, #10742, .T. ) ;
#7433 = ADVANCED_FACE ( 'NONE', ( #2307 ), #5689, .F. ) ;
#7434 = VERTEX_POINT ( 'NONE', #9973 ) ;
#7435 = VECTOR ( 'NONE', #7472, 1000.000000000000000 ) ;
#7436 = EDGE_CURVE ( 'NONE', #10414, #1363, #694, .T. ) ;
#7437 = AXIS2_PLACEMENT_3D ( 'NONE', #9216, #8378, #10918 ) ;
#7438 = DIRECTION ( 'NONE',  ( -2.949029909160572061E-14, 0.000000000000000000, 1.000000000000000000 ) ) ;
#7439 = CARTESIAN_POINT ( 'NONE',  ( -1.525000000000000355, 0.05000000000000000278, -1.525000000000000355 ) ) ;
#7440 = ORIENTED_EDGE ( 'NONE', *, *, #2186, .T. ) ;
#7441 = CARTESIAN_POINT ( 'NONE',  ( 0.000000000000000000, 0.000000000000000000, 0.000000000000000000 ) ) ;
#7442 = CARTESIAN_POINT ( 'NONE',  ( 2.499999999999972911, 0.2000000000000000111, -0.1250000000000014988 ) ) ;
#7443 = EDGE_LOOP ( 'NONE', ( #10441, #4190, #4449, #10285 ) ) ;
#7444 = EDGE_CURVE ( 'NONE', #822, #8403, #633, .T. ) ;
#7446 = LINE ( 'NONE', #9117, #6529 ) ;
#7445 = DIRECTION ( 'NONE',  ( 0.000000000000000000, -1.000000000000000000, 0.000000000000000000 ) ) ;
#7447 = CARTESIAN_POINT ( 'NONE',  ( -2.099999999999988098, 0.000000000000000000, -1.375000000000001332 ) ) ;
#7448 = ADVANCED_FACE ( 'NONE', ( #5737 ), #21, .F. ) ;
#7449 = CARTESIAN_POINT ( 'NONE',  ( -1.675000000000000266, 0.2000000000000000111, -1.375000000000000888 ) ) ;
#7450 = DIRECTION ( 'NONE',  ( -0.000000000000000000, -0.000000000000000000, 1.000000000000000000 ) ) ;
#7451 = VECTOR ( 'NONE', #6362, 1000.000000000000000 ) ;
#7452 = VERTEX_POINT ( 'NONE', #10184 ) ;
#7453 = CARTESIAN_POINT ( 'NONE',  ( -0.8749999999999990008, 0.000000000000000000, 2.100000000000027178 ) ) ;
#7454 = VERTEX_POINT ( 'NONE', #3192 ) ;
#7455 = ORIENTED_EDGE ( 'NONE', *, *, #8187, .F. ) ;
#7456 = VERTEX_POINT ( 'NONE', #1687 ) ;
#7457 = DIRECTION ( 'NONE',  ( -1.000000000000000000, 0.000000000000000000, 1.040834085586083468E-14 ) ) ;
#7458 = AXIS2_PLACEMENT_3D ( 'NONE', #8222, #8007, #5434 ) ;
#7459 = CARTESIAN_POINT ( 'NONE',  ( -1.375000000000007105, 0.05000000000000000278, 5.217722955087080945E-15 ) ) ;
#7460 = DIRECTION ( 'NONE',  ( -1.000000000000000000, 0.000000000000000000, -8.439195288535886079E-14 ) ) ;
#7461 = ORIENTED_EDGE ( 'NONE', *, *, #10748, .F. ) ;
#7462 = LINE ( 'NONE', #6694, #10596 ) ;
#7463 = AXIS2_PLACEMENT_3D ( 'NONE', #10527, #538, #5634 ) ;
#7465 = ORIENTED_EDGE ( 'NONE', *, *, #10885, .T. ) ;
#7464 = CARTESIAN_POINT ( 'NONE',  ( 0.000000000000000000, 0.2000000000000000111, 0.000000000000000000 ) ) ;
#7466 = DIRECTION ( 'NONE',  ( 1.439820485060763520E-13, -0.000000000000000000, 1.000000000000000000 ) ) ;
#7467 = CARTESIAN_POINT ( 'NONE',  ( 1.524999999999999023, 0.2000000000000000111, 1.674999999999998712 ) ) ;
#7468 = DIRECTION ( 'NONE',  ( 1.000000000000000000, -0.000000000000000000, -4.065758146821081023E-15 ) ) ;
#7469 = LINE ( 'NONE', #1583, #2826 ) ;
#7470 = LINE ( 'NONE', #4904, #3670 ) ;
#7471 = LINE ( 'NONE', #10856, #7068 ) ;
#7473 = PLANE ( 'NONE',  #6498 ) ;
#7472 = DIRECTION ( 'NONE',  ( 1.040834085586085046E-14, 0.000000000000000000, 1.000000000000000000 ) ) ;
#7474 = EDGE_LOOP ( 'NONE', ( #1145, #10573, #681, #3721 ) ) ;
#7475 = ORIENTED_EDGE ( 'NONE', *, *, #3572, .F. ) ;
#7476 = VECTOR ( 'NONE', #6567, 1000.000000000000000 ) ;
#7478 = ORIENTED_EDGE ( 'NONE', *, *, #10399, .F. ) ;
#7477 = FACE_OUTER_BOUND ( 'NONE', #6926, .T. ) ;
#7479 = ORIENTED_EDGE ( 'NONE', *, *, #6976, .F. ) ;
#7480 =( NAMED_UNIT ( * ) SI_UNIT ( $, .STERADIAN. ) SOLID_ANGLE_UNIT ( ) );
#7481 = PLANE ( 'NONE',  #323 ) ;
#7482 = ORIENTED_EDGE ( 'NONE', *, *, #8850, .T. ) ;
#7483 = DIRECTION ( 'NONE',  ( -1.000000000000000000, 0.000000000000000000, 3.794707603699675727E-15 ) ) ;
#7484 = CARTESIAN_POINT ( 'NONE',  ( 2.499999999999974687, 0.04999999999999999584, -0.8750000000000015543 ) ) ;
#7485 = VERTEX_POINT ( 'NONE', #3361 ) ;
#7486 = EDGE_LOOP ( 'NONE', ( #5006, #1477, #8402, #8707 ) ) ;
#7487 = PLANE ( 'NONE',  #4286 ) ;
#7488 = EDGE_CURVE ( 'NONE', #8155, #8035, #8249, .T. ) ;
#7489 = ADVANCED_FACE ( 'NONE', ( #7411 ), #5791, .F. ) ;
#7490 = CARTESIAN_POINT ( 'NONE',  ( 2.100000000000031619, 0.000000000000000000, 1.375000000000000222 ) ) ;
#7491 = DIRECTION ( 'NONE',  ( 0.7071067811865475727, 0.000000000000000000, 0.7071067811865475727 ) ) ;
#7492 = CARTESIAN_POINT ( 'NONE',  ( 2.499999999999974687, 0.2000000000000000111, -0.8750000000000015543 ) ) ;
#7493 = EDGE_LOOP ( 'NONE', ( #3210, #3982, #10433, #5366 ) ) ;
#7495 = CARTESIAN_POINT ( 'NONE',  ( 2.499999999999983125, 0.2000000000000000111, 0.8749999999999984457 ) ) ;
#7494 = DIRECTION ( 'NONE',  ( -9.893344823930226383E-15, 0.000000000000000000, -1.000000000000000000 ) ) ;
#7496 = EDGE_CURVE ( 'NONE', #5533, #7633, #9358, .T. ) ;
#7497 = CARTESIAN_POINT ( 'NONE',  ( 2.499999999999956923, 0.2000000000000000111, -1.625000000000001332 ) ) ;
#7498 = CARTESIAN_POINT ( 'NONE',  ( -2.099999999999972555, 0.2000000000000000111, 0.1249999999999988065 ) ) ;
#7499 = EDGE_CURVE ( 'NONE', #6465, #4602, #1525, .T. ) ;
#7500 = EDGE_CURVE ( 'NONE', #1122, #603, #10081, .T. ) ;
#7501 = ORIENTED_EDGE ( 'NONE', *, *, #167, .F. ) ;
#7502 = DIRECTION ( 'NONE',  ( 2.949029909160572061E-14, 0.000000000000000000, -1.000000000000000000 ) ) ;
#7503 = EDGE_CURVE ( 'NONE', #5732, #2682, #6601, .T. ) ;
#7504 = ADVANCED_FACE ( 'NONE', ( #2365 ), #10135, .F. ) ;
#7505 = ORIENTED_EDGE ( 'NONE', *, *, #2192, .F. ) ;
#7506 = ORIENTED_EDGE ( 'NONE', *, *, #4646, .F. ) ;
#7507 = VERTEX_POINT ( 'NONE', #4186 ) ;
#7508 = DIRECTION ( 'NONE',  ( 0.000000000000000000, 0.000000000000000000, 1.000000000000000000 ) ) ;
#7509 = CARTESIAN_POINT ( 'NONE',  ( -1.874999999999976463, 0.05000000000000000278, 1.941854637287711676E-14 ) ) ;
#7510 = DIRECTION ( 'NONE',  ( -1.000000000000000000, 0.000000000000000000, 3.862470239480026854E-15 ) ) ;
#7511 = PLANE ( 'NONE',  #1737 ) ;
#7512 = ORIENTED_EDGE ( 'NONE', *, *, #2267, .T. ) ;
#7513 = DIRECTION ( 'NONE',  ( 0.000000000000000000, 0.000000000000000000, 1.000000000000000000 ) ) ;
#7514 = ORIENTED_EDGE ( 'NONE', *, *, #9816, .T. ) ;
#7515 = LINE ( 'NONE', #3293, #5063 ) ;
#7516 = DIRECTION ( 'NONE',  ( -1.000000000000000000, 0.000000000000000000, 1.035655806553459206E-14 ) ) ;
#7517 = DIRECTION ( 'NONE',  ( 0.000000000000000000, -1.000000000000000000, 0.000000000000000000 ) ) ;
#7518 = LINE ( 'NONE', #3244, #4945 ) ;
#7519 = CARTESIAN_POINT ( 'NONE',  ( 2.500000000000000000, 0.04999999999999969746, 2.500000000000000000 ) ) ;
#7520 = CARTESIAN_POINT ( 'NONE',  ( -2.499999999999977796, 0.2000000000000000111, -0.3749999999999968914 ) ) ;
#7522 = CARTESIAN_POINT ( 'NONE',  ( -1.375000000000002220, 0.2000000000000000111, -2.499999999999968914 ) ) ;
#7521 = DIRECTION ( 'NONE',  ( 1.000000000000000000, 0.000000000000000000, -1.457167719820531843E-13 ) ) ;
#7523 = VERTEX_POINT ( 'NONE', #6655 ) ;
#7524 = ORIENTED_EDGE ( 'NONE', *, *, #9602, .F. ) ;
#7526 = VERTEX_POINT ( 'NONE', #2470 ) ;
#7525 = SURFACE_SIDE_STYLE ('',( #9688 ) ) ;
#7527 = ORIENTED_EDGE ( 'NONE', *, *, #5181, .F. ) ;
#7528 =( LENGTH_UNIT ( ) NAMED_UNIT ( * ) SI_UNIT ( .MILLI., .METRE. ) );
#7529 = CARTESIAN_POINT ( 'NONE',  ( 2.499999999999974687, 0.2000000000000000111, -0.8750000000000015543 ) ) ;
#7530 = ORIENTED_EDGE ( 'NONE', *, *, #1867, .T. ) ;
#7531 = DIRECTION ( 'NONE',  ( 0.000000000000000000, -0.000000000000000000, 1.000000000000000000 ) ) ;
#7532 = DIRECTION ( 'NONE',  ( -1.029992063861229055E-14, 0.000000000000000000, -1.000000000000000000 ) ) ;
#7533 = ORIENTED_EDGE ( 'NONE', *, *, #9864, .F. ) ;
#7534 = AXIS2_PLACEMENT_3D ( 'NONE', #4217, #10116, #7612 ) ;
#7535 = VERTEX_POINT ( 'NONE', #8367 ) ;
#7536 = CARTESIAN_POINT ( 'NONE',  ( -0.8749999999999982236, 0.04999999999999969746, 2.500000000000000000 ) ) ;
#7537 = FACE_OUTER_BOUND ( 'NONE', #4023, .T. ) ;
#7538 = DIRECTION ( 'NONE',  ( -1.000000000000000000, 0.000000000000000000, 9.757819552369536751E-15 ) ) ;
#7539 = DIRECTION ( 'NONE',  ( -0.000000000000000000, -1.000000000000000000, -0.000000000000000000 ) ) ;
#7540 = AXIS2_PLACEMENT_3D ( 'NONE', #2750, #3588, #9477 ) ;
#7541 = ORIENTED_EDGE ( 'NONE', *, *, #6500, .T. ) ;
#7543 = DIRECTION ( 'NONE',  ( 1.000000000000000000, 0.000000000000000000, -1.439820485060763520E-13 ) ) ;
#7542 = DIRECTION ( 'NONE',  ( -0.000000000000000000, -1.000000000000000000, -0.000000000000000000 ) ) ;
#7544 = CARTESIAN_POINT ( 'NONE',  ( -2.500000000000042633, 0.04999999999999999584, -1.625000000000000222 ) ) ;
#7545 = DIRECTION ( 'NONE',  ( -1.000000000000000000, 0.000000000000000000, 1.040834085586083468E-14 ) ) ;
#7546 = VECTOR ( 'NONE', #3871, 1000.000000000000000 ) ;
#7547 = EDGE_CURVE ( 'NONE', #3929, #4296, #4253, .T. ) ;
#7548 = VERTEX_POINT ( 'NONE', #4080 ) ;
#7549 = VECTOR ( 'NONE', #5989, 1000.000000000000000 ) ;
#7550 = CARTESIAN_POINT ( 'NONE',  ( -2.500000000000042633, 0.2000000000000000111, -1.625000000000000222 ) ) ;
#7551 = EDGE_CURVE ( 'NONE', #10211, #6661, #7471, .T. ) ;
#7552 = ADVANCED_FACE ( 'NONE', ( #750 ), #10906, .F. ) ;
#7553 = ADVANCED_FACE ( 'NONE', ( #1638 ), #5017, .T. ) ;
#7554 = ORIENTED_EDGE ( 'NONE', *, *, #8928, .T. ) ;
#7555 = ORIENTED_EDGE ( 'NONE', *, *, #7345, .F. ) ;
#7556 = VERTEX_POINT ( 'NONE', #8584 ) ;
#7557 = DIRECTION ( 'NONE',  ( 3.794707603699675727E-15, -0.000000000000000000, 1.000000000000000000 ) ) ;
#7558 = FILL_AREA_STYLE ('',( #4169 ) ) ;
#7559 = EDGE_CURVE ( 'NONE', #8811, #4641, #1746, .T. ) ;
#7560 = LINE ( 'NONE', #6848, #3681 ) ;
#7561 = EDGE_CURVE ( 'NONE', #5781, #9032, #10401, .T. ) ;
#7562 = CARTESIAN_POINT ( 'NONE',  ( -1.125000000000000888, 0.2000000000000000111, -2.100000000000004530 ) ) ;
#7563 = EDGE_LOOP ( 'NONE', ( #4357, #9449, #8502, #4319 ) ) ;
#7564 = EDGE_CURVE ( 'NONE', #832, #4876, #4514, .T. ) ;
#7565 = CARTESIAN_POINT ( 'NONE',  ( -2.499999999999964917, 0.2000000000000000111, 0.8750000000000031086 ) ) ;
#7566 = EDGE_CURVE ( 'NONE', #6799, #4838, #10241, .T. ) ;
#7567 = EDGE_CURVE ( 'NONE', #9538, #9162, #2793, .T. ) ;
#7568 = CLOSED_SHELL ( 'NONE', ( #86, #6207, #5392, #7552, #4991, #1852, #10569 ) ) ;
#7569 = VECTOR ( 'NONE', #9810, 1000.000000000000000 ) ;
#7570 = ORIENTED_EDGE ( 'NONE', *, *, #1034, .T. ) ;
#7571 = CARTESIAN_POINT ( 'NONE',  ( 3.862470239479376043E-15, 0.05000000000000000278, 0.3749999999999774070 ) ) ;
#7572 = SURFACE_SIDE_STYLE ('',( #5898 ) ) ;
#7573 = CARTESIAN_POINT ( 'NONE',  ( 1.874999999999999778, 0.2000000000000000111, -2.165000000000000036 ) ) ;
#7574 = DIRECTION ( 'NONE',  ( 0.000000000000000000, 1.000000000000000000, 0.000000000000000000 ) ) ;
#7575 = CARTESIAN_POINT ( 'NONE',  ( 2.499999999999969802, 0.2000000000000000111, -1.375000000000001332 ) ) ;
#7576 = DIRECTION ( 'NONE',  ( -1.000000000000000000, 0.000000000000000000, 1.035655806553459206E-14 ) ) ;
#7577 = VECTOR ( 'NONE', #8529, 1000.000000000000000 ) ;
#7578 = COLOUR_RGB ( '',0.7921568627450980005, 0.8196078431372548767, 0.9333333333333333481 ) ;
#7580 = CARTESIAN_POINT ( 'NONE',  ( -2.499999999999988454, 0.000000000000000000, -1.374999999999996891 ) ) ;
#7579 = LINE ( 'NONE', #4081, #7435 ) ;
#7581 = AXIS2_PLACEMENT_3D ( 'NONE', #7254, #10639, #6435 ) ;
#7582 = ADVANCED_FACE ( 'NONE', ( #4353 ), #286, .T. ) ;
#7583 = ORIENTED_EDGE ( 'NONE', *, *, #9014, .T. ) ;
#7584 = EDGE_LOOP ( 'NONE', ( #9311, #2005, #2511, #2972 ) ) ;
#7586 = ORIENTED_EDGE ( 'NONE', *, *, #8464, .T. ) ;
#7585 = FACE_OUTER_BOUND ( 'NONE', #6893, .T. ) ;
#7587 = EDGE_LOOP ( 'NONE', ( #5693, #8015 ) ) ;
#7588 = AXIS2_PLACEMENT_3D ( 'NONE', #4998, #10165, #5883 ) ;
#7589 = VECTOR ( 'NONE', #8356, 1000.000000000000000 ) ;
#7590 =( LENGTH_UNIT ( ) NAMED_UNIT ( * ) SI_UNIT ( .MILLI., .METRE. ) );
#7591 = DIRECTION ( 'NONE',  ( 0.000000000000000000, 0.000000000000000000, -1.000000000000000000 ) ) ;
#7592 = AXIS2_PLACEMENT_3D ( 'NONE', #3749, #6539, #7148 ) ;
#7593 = ORIENTED_EDGE ( 'NONE', *, *, #5928, .T. ) ;
#7594 = DIRECTION ( 'NONE',  ( -2.949029909160572061E-14, 0.000000000000000000, 1.000000000000000000 ) ) ;
#7595 = VECTOR ( 'NONE', #4061, 1000.000000000000000 ) ;
#7596 = PLANE ( 'NONE',  #2921 ) ;
#7597 = UNCERTAINTY_MEASURE_WITH_UNIT (LENGTH_MEASURE( 1.000000000000000082E-05 ), #7176, 'distance_accuracy_value', 'NONE');
#7598 = EDGE_LOOP ( 'NONE', ( #302, #1887, #9220, #1074 ) ) ;
#7599 = VECTOR ( 'NONE', #3182, 1000.000000000000000 ) ;
#7600 = VERTEX_POINT ( 'NONE', #124 ) ;
#7601 = VECTOR ( 'NONE', #7887, 1000.000000000000000 ) ;
#7602 = PRESENTATION_LAYER_ASSIGNMENT (  '', '', ( #3513 ) ) ;
#7603 = ORIENTED_EDGE ( 'NONE', *, *, #9675, .F. ) ;
#7604 = DIRECTION ( 'NONE',  ( 0.7071067811865474617, 0.000000000000000000, 0.7071067811865474617 ) ) ;
#7605 = DIRECTION ( 'NONE',  ( -1.000000000000000000, 0.000000000000000000, -2.949029909160572061E-14 ) ) ;
#7606 = DIRECTION ( 'NONE',  ( 0.000000000000000000, -1.000000000000000000, 0.000000000000000000 ) ) ;
#7607 = PLANE ( 'NONE',  #6412 ) ;
#7608 = VECTOR ( 'NONE', #1209, 1000.000000000000000 ) ;
#7609 = EDGE_LOOP ( 'NONE', ( #8830, #9185, #8917, #5308 ) ) ;
#7611 = DIRECTION ( 'NONE',  ( 0.000000000000000000, 0.000000000000000000, 1.000000000000000000 ) ) ;
#7610 = FACE_OUTER_BOUND ( 'NONE', #4974, .T. ) ;
#7612 = DIRECTION ( 'NONE',  ( 0.000000000000000000, -0.000000000000000000, 1.000000000000000000 ) ) ;
#7613 = VECTOR ( 'NONE', #3697, 1000.000000000000000 ) ;
#7614 = VECTOR ( 'NONE', #6449, 1000.000000000000000 ) ;
#7615 = CARTESIAN_POINT ( 'NONE',  ( -8.775261333554314854E-15, 0.05000000000000000278, -0.8749999999999764633 ) ) ;
#7616 = ORIENTED_EDGE ( 'NONE', *, *, #4505, .F. ) ;
#7617 = AXIS2_PLACEMENT_3D ( 'NONE', #689, #10693, #5564 ) ;
#7618 = PLANE ( 'NONE',  #6891 ) ;
#7619 = ORIENTED_EDGE ( 'NONE', *, *, #7847, .T. ) ;
#7620 = ORIENTED_EDGE ( 'NONE', *, *, #5329, .T. ) ;
#7621 = VECTOR ( 'NONE', #1903, 1000.000000000000000 ) ;
#7622 = ORIENTED_EDGE ( 'NONE', *, *, #5785, .T. ) ;
#7623 = EDGE_LOOP ( 'NONE', ( #10334, #7161, #5217, #2763 ) ) ;
#7624 = CARTESIAN_POINT ( 'NONE',  ( -2.099999999999975220, 0.2000000000000000111, -0.1250000000000009714 ) ) ;
#7625 = VECTOR ( 'NONE', #5290, 1000.000000000000000 ) ;
#7626 = PLANE ( 'NONE',  #4042 ) ;
#7627 = FACE_OUTER_BOUND ( 'NONE', #2289, .T. ) ;
#7628 = ADVANCED_FACE ( 'NONE', ( #3519 ), #10350, .F. ) ;
#7629 = ORIENTED_EDGE ( 'NONE', *, *, #1124, .F. ) ;
#7630 = VECTOR ( 'NONE', #6168, 1000.000000000000000 ) ;
#7631 = EDGE_CURVE ( 'NONE', #10869, #7366, #7019, .T. ) ;
#7632 = MECHANICAL_DESIGN_GEOMETRIC_PRESENTATION_REPRESENTATION (  '', ( #6925 ), #8162 ) ;
#7633 = VERTEX_POINT ( 'NONE', #916 ) ;
#7634 = DIRECTION ( 'NONE',  ( 1.000000000000000000, 0.000000000000000000, -1.040834085586084257E-14 ) ) ;
#7635 = ADVANCED_FACE ( 'NONE', ( #7082 ), #2635, .F. ) ;
#7636 = EDGE_CURVE ( 'NONE', #7548, #4226, #8701, .T. ) ;
#7637 = SURFACE_STYLE_USAGE ( .BOTH. , #8411 ) ;
#7638 = CARTESIAN_POINT ( 'NONE',  ( -1.125000000000000888, 0.2000000000000000111, -2.100000000000004530 ) ) ;
#7639 = CARTESIAN_POINT ( 'NONE',  ( 2.499999999999988454, 0.2000000000000000111, 1.374999999999998668 ) ) ;
#7640 = DIRECTION ( 'NONE',  ( -0.7071067811864060193, 0.000000000000000000, -0.7071067811866890152 ) ) ;
#7641 = DIRECTION ( 'NONE',  ( 9.961107459710570410E-15, 0.000000000000000000, 1.000000000000000000 ) ) ;
#7642 = PLANE ( 'NONE',  #2992 ) ;
#7643 = ORIENTED_EDGE ( 'NONE', *, *, #4026, .F. ) ;
#7644 = EDGE_CURVE ( 'NONE', #10286, #4051, #1018, .T. ) ;
#7645 = VECTOR ( 'NONE', #7940, 1000.000000000000000 ) ;
#7646 = EDGE_CURVE ( 'NONE', #7548, #10030, #10305, .T. ) ;
#7648 = ORIENTED_EDGE ( 'NONE', *, *, #701, .T. ) ;
#7647 = CARTESIAN_POINT ( 'NONE',  ( 0.3749999999999985567, 0.2000000000000000111, 2.099999999999980993 ) ) ;
#7649 = ORIENTED_EDGE ( 'NONE', *, *, #3816, .F. ) ;
#7650 = VECTOR ( 'NONE', #3628, 1000.000000000000000 ) ;
#7651 = EDGE_CURVE ( 'NONE', #949, #7361, #1848, .T. ) ;
#7652 = SURFACE_SIDE_STYLE ('',( #704 ) ) ;
#7653 = PLANE ( 'NONE',  #3160 ) ;
#7654 = ORIENTED_EDGE ( 'NONE', *, *, #6892, .F. ) ;
#7655 = DIRECTION ( 'NONE',  ( 1.000000000000000000, 0.000000000000000000, -1.084202172485504276E-14 ) ) ;
#7657 = CARTESIAN_POINT ( 'NONE',  ( -2.499999999999980460, 0.2000000000000000111, -0.6249999999999968914 ) ) ;
#7656 = LINE ( 'NONE', #9950, #333 ) ;
#7658 = VERTEX_POINT ( 'NONE', #2690 ) ;
#7659 = VECTOR ( 'NONE', #8785, 1000.000000000000000 ) ;
#7660 = ORIENTED_EDGE ( 'NONE', *, *, #384, .F. ) ;
#7661 = DIRECTION ( 'NONE',  ( 0.7071067811865474617, 0.000000000000000000, -0.7071067811865474617 ) ) ;
#7662 = ORIENTED_EDGE ( 'NONE', *, *, #3128, .T. ) ;
#7663 = FACE_OUTER_BOUND ( 'NONE', #1233, .T. ) ;
#7664 = DIRECTION ( 'NONE',  ( 1.000000000000000000, -0.000000000000000000, -3.930232875260377980E-15 ) ) ;
#7665 = LINE ( 'NONE', #9278, #8097 ) ;
#7666 = FACE_OUTER_BOUND ( 'NONE', #10192, .T. ) ;
#7667 = STYLED_ITEM ( 'NONE', ( #10648 ), #6909 ) ;
#7668 = EDGE_LOOP ( 'NONE', ( #3660, #373, #8399, #517 ) ) ;
#7670 = CARTESIAN_POINT ( 'NONE',  ( 1.675000000000000044, 0.05000000000000000278, 0.000000000000000000 ) ) ;
#7669 = CARTESIAN_POINT ( 'NONE',  ( -2.099999999999990763, 0.2000000000000000111, -1.625000000000001110 ) ) ;
#7671 = CARTESIAN_POINT ( 'NONE',  ( 1.125000000000002442, 0.000000000000000000, 2.499999999999963141 ) ) ;
#7672 = DIRECTION ( 'NONE',  ( 1.002887009549091444E-14, 0.000000000000000000, 1.000000000000000000 ) ) ;
#7673 = ORIENTED_EDGE ( 'NONE', *, *, #1931, .F. ) ;
#7674 = DIRECTION ( 'NONE',  ( -1.000000000000000000, 0.000000000000000000, -2.949029909160572061E-14 ) ) ;
#7675 = CARTESIAN_POINT ( 'NONE',  ( -1.625000000000000888, 0.2000000000000000111, -2.099999999999999645 ) ) ;
#7676 = EDGE_LOOP ( 'NONE', ( #1110, #8696, #7753, #5114 ) ) ;
#7677 = ORIENTED_EDGE ( 'NONE', *, *, #5438, .F. ) ;
#7678 = ORIENTED_EDGE ( 'NONE', *, *, #5924, .T. ) ;
#7679 = DIRECTION ( 'NONE',  ( -0.000000000000000000, -1.000000000000000000, -0.000000000000000000 ) ) ;
#7680 = SURFACE_STYLE_USAGE ( .BOTH. , #6749 ) ;
#7681 = DIRECTION ( 'NONE',  ( -0.000000000000000000, -1.000000000000000000, -0.000000000000000000 ) ) ;
#7682 = LINE ( 'NONE', #9568, #4044 ) ;
#7683 = ORIENTED_EDGE ( 'NONE', *, *, #7772, .F. ) ;
#7684 = ORIENTED_EDGE ( 'NONE', *, *, #5941, .F. ) ;
#7685 = DIRECTION ( 'NONE',  ( -0.000000000000000000, -1.000000000000000000, -0.000000000000000000 ) ) ;
#7686 = CARTESIAN_POINT ( 'NONE',  ( -2.099999999999982769, 0.2000000000000000111, -0.8750000000000012212 ) ) ;
#7687 = CARTESIAN_POINT ( 'NONE',  ( 1.525000000000000133, 0.2000000000000000111, 1.524999999999998801 ) ) ;
#7688 = CARTESIAN_POINT ( 'NONE',  ( 1.124999999999992895, 0.05000000000000000278, -4.269046054162108371E-15 ) ) ;
#7689 = DIRECTION ( 'NONE',  ( -1.439820485060763520E-13, 0.000000000000000000, -1.000000000000000000 ) ) ;
#7690 = ORIENTED_EDGE ( 'NONE', *, *, #3703, .T. ) ;
#7691 = EDGE_CURVE ( 'NONE', #5894, #7980, #1392, .T. ) ;
#7693 = ORIENTED_EDGE ( 'NONE', *, *, #443, .T. ) ;
#7692 = CARTESIAN_POINT ( 'NONE',  ( -2.099999999999982769, 0.2000000000000000111, -0.8750000000000012212 ) ) ;
#7694 = ORIENTED_EDGE ( 'NONE', *, *, #6564, .F. ) ;
#7695 = EDGE_CURVE ( 'NONE', #10921, #4765, #6022, .T. ) ;
#7696 = DIRECTION ( 'NONE',  ( -3.794707603699675727E-15, 0.000000000000000000, -1.000000000000000000 ) ) ;
#7697 = LINE ( 'NONE', #8546, #1923 ) ;
#7698 = EDGE_LOOP ( 'NONE', ( #249, #10363, #1035, #10093 ) ) ;
#7699 = DIRECTION ( 'NONE',  ( 1.000000000000000000, 0.000000000000000000, -9.757819552369538328E-15 ) ) ;
#7700 = EDGE_CURVE ( 'NONE', #7061, #9363, #6118, .T. ) ;
#7702 = LINE ( 'NONE', #10361, #2575 ) ;
#7701 = CARTESIAN_POINT ( 'NONE',  ( 1.125000000000002442, 0.2000000000000000111, 2.499999999999963141 ) ) ;
#7703 = EDGE_CURVE ( 'NONE', #3954, #606, #5232, .T. ) ;
#7704 = ORIENTED_EDGE ( 'NONE', *, *, #2201, .T. ) ;
#7705 = EDGE_CURVE ( 'NONE', #5130, #8619, #3626, .T. ) ;
#7706 = ORIENTED_EDGE ( 'NONE', *, *, #3485, .T. ) ;
#7707 = EDGE_CURVE ( 'NONE', #4593, #2859, #4230, .T. ) ;
#7708 = ORIENTED_EDGE ( 'NONE', *, *, #7246, .T. ) ;
#7709 = PLANE ( 'NONE',  #8193 ) ;
#7710 = LINE ( 'NONE', #10206, #9007 ) ;
#7711 = SURFACE_STYLE_USAGE ( .BOTH. , #3647 ) ;
#7712 = LINE ( 'NONE', #7822, #141 ) ;
#7713 = ORIENTED_EDGE ( 'NONE', *, *, #4655, .T. ) ;
#7715 = CARTESIAN_POINT ( 'NONE',  ( 2.099999999999974776, 0.04999999999999999584, -0.8749999999999975575 ) ) ;
#7714 = DIRECTION ( 'NONE',  ( 0.000000000000000000, 1.000000000000000000, -0.000000000000000000 ) ) ;
#7716 = CARTESIAN_POINT ( 'NONE',  ( 2.500000000000000000, 1.000000000000000000, 2.500000000000000000 ) ) ;
#7717 = DIRECTION ( 'NONE',  ( -0.000000000000000000, -1.000000000000000000, -0.000000000000000000 ) ) ;
#7718 = ADVANCED_FACE ( 'NONE', ( #9673 ), #3845, .F. ) ;
#7719 = ORIENTED_EDGE ( 'NONE', *, *, #7364, .T. ) ;
#7720 = DIRECTION ( 'NONE',  ( 0.000000000000000000, -0.000000000000000000, 1.000000000000000000 ) ) ;
#7721 = VECTOR ( 'NONE', #711, 1000.000000000000000 ) ;
#7722 = LINE ( 'NONE', #626, #6244 ) ;
#7723 = ORIENTED_EDGE ( 'NONE', *, *, #2940, .T. ) ;
#7724 = ORIENTED_EDGE ( 'NONE', *, *, #3768, .T. ) ;
#7725 = ORIENTED_EDGE ( 'NONE', *, *, #2263, .T. ) ;
#7726 = LINE ( 'NONE', #3560, #6193 ) ;
#7727 = FACE_OUTER_BOUND ( 'NONE', #1288, .T. ) ;
#7728 = LINE ( 'NONE', #113, #7601 ) ;
#7729 = VERTEX_POINT ( 'NONE', #8806 ) ;
#7730 = VECTOR ( 'NONE', #361, 1000.000000000000000 ) ;
#7731 = VERTEX_POINT ( 'NONE', #4626 ) ;
#7732 = VECTOR ( 'NONE', #1618, 1000.000000000000000 ) ;
#7733 = FACE_OUTER_BOUND ( 'NONE', #7823, .T. ) ;
#7734 = DIRECTION ( 'NONE',  ( 0.000000000000000000, 1.000000000000000000, 0.000000000000000000 ) ) ;
#7735 = DIRECTION ( 'NONE',  ( 0.7071067811865440200, 0.000000000000000000, 0.7071067811865511255 ) ) ;
#7736 = CARTESIAN_POINT ( 'NONE',  ( 0.1250000000000025258, 0.000000000000000000, 2.499999999999973799 ) ) ;
#7737 = FACE_OUTER_BOUND ( 'NONE', #10509, .T. ) ;
#7738 = CARTESIAN_POINT ( 'NONE',  ( 1.524999999999999023, 0.2000000000000000111, -1.675000000000001377 ) ) ;
#7739 = DIRECTION ( 'NONE',  ( -0.000000000000000000, -1.000000000000000000, -0.000000000000000000 ) ) ;
#7740 = CLOSED_SHELL ( 'NONE', ( #779, #6967, #4662, #1797, #3968, #10095 ) ) ;
#7741 = VECTOR ( 'NONE', #9632, 1000.000000000000000 ) ;
#7743 = VERTEX_POINT ( 'NONE', #6305 ) ;
#7742 = CARTESIAN_POINT ( 'NONE',  ( 2.100000000000020961, 0.2000000000000000111, 0.3750000000000000555 ) ) ;
#7744 = VECTOR ( 'NONE', #5534, 1000.000000000000000 ) ;
#7745 = LINE ( 'NONE', #8921, #5436 ) ;
#7746 = DIRECTION ( 'NONE',  ( -0.000000000000000000, -1.000000000000000000, -0.000000000000000000 ) ) ;
#7747 =( GEOMETRIC_REPRESENTATION_CONTEXT ( 3 ) GLOBAL_UNCERTAINTY_ASSIGNED_CONTEXT ( ( #483 ) ) GLOBAL_UNIT_ASSIGNED_CONTEXT ( ( #7590, #8423, #2424 ) ) REPRESENTATION_CONTEXT ( 'NONE', 'WORKASPACE' ) );
#7748 = EDGE_LOOP ( 'NONE', ( #2888, #1888, #2896, #7949 ) ) ;
#7749 = DIRECTION ( 'NONE',  ( 0.000000000000000000, -1.000000000000000000, 0.000000000000000000 ) ) ;
#7751 = LINE ( 'NONE', #139, #8254 ) ;
#7750 = LINE ( 'NONE', #3532, #9035 ) ;
#7752 = ORIENTED_EDGE ( 'NONE', *, *, #2930, .T. ) ;
#7753 = ORIENTED_EDGE ( 'NONE', *, *, #9003, .T. ) ;
#7754 = AXIS2_PLACEMENT_3D ( 'NONE', #10771, #7222, #4877 ) ;
#7755 = VECTOR ( 'NONE', #3518, 1000.000000000000000 ) ;
#7756 =( NAMED_UNIT ( * ) PLANE_ANGLE_UNIT ( ) SI_UNIT ( $, .RADIAN. ) );
#7757 = EDGE_CURVE ( 'NONE', #1344, #2430, #2230, .T. ) ;
#7758 = EDGE_LOOP ( 'NONE', ( #8721, #2112, #80, #7400 ) ) ;
#7759 = CARTESIAN_POINT ( 'NONE',  ( -2.099999999999974776, 0.2000000000000000111, 1.810000000000000053 ) ) ;
#7760 = DIRECTION ( 'NONE',  ( 0.000000000000000000, 0.000000000000000000, 1.000000000000000000 ) ) ;
#7761 = VECTOR ( 'NONE', #8218, 1000.000000000000000 ) ;
#7762 = CARTESIAN_POINT ( 'NONE',  ( 1.625000000000002442, 0.000000000000000000, 2.499999999999957367 ) ) ;
#7763 = DIRECTION ( 'NONE',  ( -0.000000000000000000, -1.000000000000000000, -0.000000000000000000 ) ) ;
#7764 = EDGE_CURVE ( 'NONE', #7731, #4682, #7961, .T. ) ;
#7765 = ORIENTED_EDGE ( 'NONE', *, *, #2015, .F. ) ;
#7766 = EDGE_CURVE ( 'NONE', #256, #8608, #10628, .T. ) ;
#7767 = EDGE_CURVE ( 'NONE', #7880, #7418, #5560, .T. ) ;
#7769 = PLANE ( 'NONE',  #2442 ) ;
#7768 = DIRECTION ( 'NONE',  ( 1.084202172485504276E-14, 0.000000000000000000, 1.000000000000000000 ) ) ;
#7770 = DIRECTION ( 'NONE',  ( 0.000000000000000000, 0.000000000000000000, -1.000000000000000000 ) ) ;
#7771 = CIRCLE ( 'NONE', #1736, 0.1499999999999999667 ) ;
#7772 = EDGE_CURVE ( 'NONE', #268, #4718, #6366, .T. ) ;
#7773 = DIRECTION ( 'NONE',  ( 3.794707603699675727E-15, -0.000000000000000000, 1.000000000000000000 ) ) ;
#7774 = VECTOR ( 'NONE', #5726, 1000.000000000000000 ) ;
#7775 = EDGE_LOOP ( 'NONE', ( #5055, #7533, #4328, #5852, #2450 ) ) ;
#7776 = FILL_AREA_STYLE_COLOUR ( '', #6371 ) ;
#7777 = AXIS2_PLACEMENT_3D ( 'NONE', #4140, #2253, #1484 ) ;
#7778 = LINE ( 'NONE', #8681, #7659 ) ;
#7779 = ADVANCED_FACE ( 'NONE', ( #7242 ), #4679, .F. ) ;
#7780 = ORIENTED_EDGE ( 'NONE', *, *, #8533, .T. ) ;
#7781 = ORIENTED_EDGE ( 'NONE', *, *, #9129, .F. ) ;
#7782 = ORIENTED_EDGE ( 'NONE', *, *, #3781, .F. ) ;
#7783 = DIRECTION ( 'NONE',  ( -1.000000000000000000, 0.000000000000000000, 1.029992063861229055E-14 ) ) ;
#7784 = VECTOR ( 'NONE', #470, 1000.000000000000000 ) ;
#7785 = VERTEX_POINT ( 'NONE', #1181 ) ;
#7786 = EDGE_CURVE ( 'NONE', #9400, #5091, #2954, .T. ) ;
#7787 = VECTOR ( 'NONE', #1773, 1000.000000000000000 ) ;
#7788 = SURFACE_STYLE_FILL_AREA ( #6171 ) ;
#7789 = CARTESIAN_POINT ( 'NONE',  ( 0.000000000000000000, 0.2000000000000000111, 0.000000000000000000 ) ) ;
#7790 = FACE_OUTER_BOUND ( 'NONE', #8432, .T. ) ;
#7791 = CARTESIAN_POINT ( 'NONE',  ( -1.525000000000000133, 0.2000000000000000111, 1.524999999999999245 ) ) ;
#7792 = VERTEX_POINT ( 'NONE', #8020 ) ;
#7793 = AXIS2_PLACEMENT_3D ( 'NONE', #1086, #1251, #8074 ) ;
#7794 = VECTOR ( 'NONE', #8307, 1000.000000000000000 ) ;
#7795 = VECTOR ( 'NONE', #6858, 1000.000000000000000 ) ;
#7796 = ORIENTED_EDGE ( 'NONE', *, *, #8175, .T. ) ;
#7797 = DIRECTION ( 'NONE',  ( -0.000000000000000000, -1.000000000000000000, -0.000000000000000000 ) ) ;
#7798 = COLOUR_RGB ( '',0.7921568627450980005, 0.8196078431372548767, 0.9333333333333333481 ) ;
#7799 = SURFACE_STYLE_FILL_AREA ( #3736 ) ;
#7800 = DIRECTION ( 'NONE',  ( 1.000000000000000000, 0.000000000000000000, -1.084202172485504276E-14 ) ) ;
#7801 = DIRECTION ( 'NONE',  ( -9.757819552369536751E-15, 0.000000000000000000, -1.000000000000000000 ) ) ;
#7802 = LINE ( 'NONE', #7903, #6720 ) ;
#7803 = MECHANICAL_DESIGN_GEOMETRIC_PRESENTATION_REPRESENTATION (  '', ( #3713 ), #5139 ) ;
#7805 = EDGE_LOOP ( 'NONE', ( #6637, #10598, #2718, #8716 ) ) ;
#7804 = LINE ( 'NONE', #189, #7650 ) ;
#7806 = CARTESIAN_POINT ( 'NONE',  ( -2.000000000000000000, 0.9499999999999999556, -2.250000000000000444 ) ) ;
#7807 = DIRECTION ( 'NONE',  ( -1.000000000000000000, -0.000000000000000000, 1.084202172485504118E-14 ) ) ;
#7808 = VERTEX_POINT ( 'NONE', #574 ) ;
#7809 = DIRECTION ( 'NONE',  ( 0.000000000000000000, -0.000000000000000000, 1.000000000000000000 ) ) ;
#7811 = PLANE ( 'NONE',  #8071 ) ;
#7810 = DIRECTION ( 'NONE',  ( -1.000000000000000000, 0.000000000000000000, 1.035655806553459206E-14 ) ) ;
#7812 = VERTEX_POINT ( 'NONE', #405 ) ;
#7813 = AXIS2_PLACEMENT_3D ( 'NONE', #7381, #5708, #6673 ) ;
#7814 = VERTEX_POINT ( 'NONE', #2120 ) ;
#7815 = AXIS2_PLACEMENT_3D ( 'NONE', #9926, #2312, #7985 ) ;
#7817 = ORIENTED_EDGE ( 'NONE', *, *, #6652, .F. ) ;
#7816 = SURFACE_STYLE_FILL_AREA ( #4530 ) ;
#7818 = ORIENTED_EDGE ( 'NONE', *, *, #4901, .F. ) ;
#7819 = FACE_OUTER_BOUND ( 'NONE', #7623, .T. ) ;
#7820 = CARTESIAN_POINT ( 'NONE',  ( 1.675000000000000044, 0.2000000000000000111, 1.524999999999997691 ) ) ;
#7821 = FILL_AREA_STYLE ('',( #1045 ) ) ;
#7822 = CARTESIAN_POINT ( 'NONE',  ( 2.499999999999956923, 0.2000000000000000111, -1.625000000000001332 ) ) ;
#7823 = EDGE_LOOP ( 'NONE', ( #6415, #8938, #566, #2143 ) ) ;
#7825 = CARTESIAN_POINT ( 'NONE',  ( -1.125000000000002220, 0.2000000000000000111, -2.499999999999961364 ) ) ;
#7824 = CARTESIAN_POINT ( 'NONE',  ( -0.8749999999999975575, 0.2000000000000000111, 2.499999999999984013 ) ) ;
#7826 = DIRECTION ( 'NONE',  ( -0.000000000000000000, -1.000000000000000000, -0.000000000000000000 ) ) ;
#7827 = CARTESIAN_POINT ( 'NONE',  ( 0.8750000000000025535, 0.000000000000000000, 2.499999999999975575 ) ) ;
#7828 = ORIENTED_EDGE ( 'NONE', *, *, #6304, .T. ) ;
#7829 = EDGE_CURVE ( 'NONE', #1444, #7507, #8066, .T. ) ;
#7830 = EDGE_CURVE ( 'NONE', #4108, #1405, #9025, .T. ) ;
#7831 = DIRECTION ( 'NONE',  ( -1.040834085586084257E-14, 0.000000000000000000, -1.000000000000000000 ) ) ;
#7832 = CARTESIAN_POINT ( 'NONE',  ( 5.217722955087084890E-15, 0.05000000000000000278, 1.375000000000008216 ) ) ;
#7833 = AXIS2_PLACEMENT_3D ( 'NONE', #8893, #6336, #6163 ) ;
#7834 = VERTEX_POINT ( 'NONE', #6421 ) ;
#7835 = VERTEX_POINT ( 'NONE', #9786 ) ;
#7836 = ORIENTED_EDGE ( 'NONE', *, *, #1317, .T. ) ;
#7837 = ADVANCED_FACE ( 'NONE', ( #4735 ), #7139, .T. ) ;
#7838 = CARTESIAN_POINT ( 'NONE',  ( 0.8749999999999985567, 0.2000000000000000111, 2.099999999999975664 ) ) ;
#7839 = ORIENTED_EDGE ( 'NONE', *, *, #9816, .F. ) ;
#7840 = FACE_OUTER_BOUND ( 'NONE', #9487, .T. ) ;
#7841 = PLANE ( 'NONE',  #314 ) ;
#7842 = LINE ( 'NONE', #398, #1691 ) ;
#7843 = EDGE_CURVE ( 'NONE', #567, #10921, #521, .T. ) ;
#7844 = ORIENTED_EDGE ( 'NONE', *, *, #10945, .T. ) ;
#7845 = ADVANCED_FACE ( 'NONE', ( #10682 ), #3063, .F. ) ;
#7846 = EDGE_CURVE ( 'NONE', #9612, #2231, #3113, .T. ) ;
#7847 = EDGE_CURVE ( 'NONE', #5013, #7862, #348, .T. ) ;
#7848 = ORIENTED_EDGE ( 'NONE', *, *, #8248, .F. ) ;
#7849 = CARTESIAN_POINT ( 'NONE',  ( -1.675000000000000044, 0.2000000000000000111, 1.524999999999998135 ) ) ;
#7850 = CARTESIAN_POINT ( 'NONE',  ( 2.499999999999995559, 0.000000000000000000, 1.124999999999998668 ) ) ;
#7851 = DIRECTION ( 'NONE',  ( -0.000000000000000000, -1.000000000000000000, -0.000000000000000000 ) ) ;
#7852 = PLANE ( 'NONE',  #2640 ) ;
#7854 = ORIENTED_EDGE ( 'NONE', *, *, #4172, .T. ) ;
#7853 = FACE_OUTER_BOUND ( 'NONE', #6265, .T. ) ;
#7855 = CARTESIAN_POINT ( 'NONE',  ( 2.499999999999993783, 0.04999999999999999584, 1.874999999999998668 ) ) ;
#7856 =( LENGTH_UNIT ( ) NAMED_UNIT ( * ) SI_UNIT ( .MILLI., .METRE. ) );
#7857 = DIRECTION ( 'NONE',  ( 0.000000000000000000, -1.000000000000000000, 0.000000000000000000 ) ) ;
#7858 = ORIENTED_EDGE ( 'NONE', *, *, #9595, .T. ) ;
#7859 = FACE_OUTER_BOUND ( 'NONE', #5983, .T. ) ;
#7861 = CARTESIAN_POINT ( 'NONE',  ( -1.624999999999997558, 0.2000000000000000111, 2.500000000000002220 ) ) ;
#7860 = DIRECTION ( 'NONE',  ( -0.000000000000000000, -1.000000000000000000, -0.000000000000000000 ) ) ;
#7862 = VERTEX_POINT ( 'NONE', #5059 ) ;
#7863 = EDGE_LOOP ( 'NONE', ( #5303, #10472, #8823, #8430 ) ) ;
#7865 = VERTEX_POINT ( 'NONE', #9961 ) ;
#7864 =( NAMED_UNIT ( * ) SI_UNIT ( $, .STERADIAN. ) SOLID_ANGLE_UNIT ( ) );
#7866 = EDGE_LOOP ( 'NONE', ( #8032, #9122, #9654, #9079 ) ) ;
#7867 = CARTESIAN_POINT ( 'NONE',  ( -0.1250000000000022204, 0.2000000000000000111, -2.499999999999972022 ) ) ;
#7868 = LINE ( 'NONE', #10531, #297 ) ;
#7869 = LINE ( 'NONE', #254, #4895 ) ;
#7870 = CARTESIAN_POINT ( 'NONE',  ( -2.499999999999983125, 0.2000000000000000111, -0.8749999999999968914 ) ) ;
#7871 = ORIENTED_EDGE ( 'NONE', *, *, #7757, .F. ) ;
#7873 = CARTESIAN_POINT ( 'NONE',  ( -0.8749999999999975575, 0.2000000000000000111, 2.499999999999984013 ) ) ;
#7872 = CARTESIAN_POINT ( 'NONE',  ( -2.499999999999964917, 0.2000000000000000111, 0.8750000000000031086 ) ) ;
#7874 = LINE ( 'NONE', #9491, #10733 ) ;
#7875 = LINE ( 'NONE', #8833, #10746 ) ;
#7876 = ORIENTED_EDGE ( 'NONE', *, *, #10281, .F. ) ;
#7877 = PLANE ( 'NONE',  #8854 ) ;
#7878 = CARTESIAN_POINT ( 'NONE',  ( -2.499999999999970246, 0.2000000000000000111, 0.3750000000000031641 ) ) ;
#7879 = ORIENTED_EDGE ( 'NONE', *, *, #975, .F. ) ;
#7880 = VERTEX_POINT ( 'NONE', #4171 ) ;
#7881 = EDGE_LOOP ( 'NONE', ( #3607, #4893, #7142, #6991 ) ) ;
#7882 = LINE ( 'NONE', #6056, #7630 ) ;
#7883 = ORIENTED_EDGE ( 'NONE', *, *, #1072, .T. ) ;
#7884 = SURFACE_SIDE_STYLE ('',( #4499 ) ) ;
#7885 = DIRECTION ( 'NONE',  ( 9.893344823930226383E-15, -0.000000000000000000, 1.000000000000000000 ) ) ;
#7886 = EDGE_CURVE ( 'NONE', #8258, #2598, #8460, .T. ) ;
#7887 = DIRECTION ( 'NONE',  ( -1.000000000000000000, 0.000000000000000000, 9.893344823930224805E-15 ) ) ;
#7888 = DIRECTION ( 'NONE',  ( -1.000000000000000000, 0.000000000000000000, 1.029992063861229055E-14 ) ) ;
#7889 = ORIENTED_EDGE ( 'NONE', *, *, #5728, .T. ) ;
#7890 = EDGE_CURVE ( 'NONE', #10646, #3199, #9904, .T. ) ;
#7891 = ORIENTED_EDGE ( 'NONE', *, *, #7488, .F. ) ;
#7892 = ORIENTED_EDGE ( 'NONE', *, *, #3558, .T. ) ;
#7893 = ORIENTED_EDGE ( 'NONE', *, *, #283, .F. ) ;
#7894 = EDGE_CURVE ( 'NONE', #1595, #5969, #2353, .T. ) ;
#7895 = DIRECTION ( 'NONE',  ( 0.000000000000000000, -1.000000000000000000, 0.000000000000000000 ) ) ;
#7896 = EDGE_CURVE ( 'NONE', #8319, #7880, #9242, .T. ) ;
#7897 = DIRECTION ( 'NONE',  ( 0.000000000000000000, 1.000000000000000000, 0.000000000000000000 ) ) ;
#7898 = ADVANCED_FACE ( 'NONE', ( #1462 ), #8290, .F. ) ;
#7899 = VECTOR ( 'NONE', #1070, 1000.000000000000000 ) ;
#7900 = FACE_OUTER_BOUND ( 'NONE', #7805, .T. ) ;
#7901 = ADVANCED_FACE ( 'NONE', ( #8 ), #5010, .T. ) ;
#7902 = DIRECTION ( 'NONE',  ( 0.000000000000000000, -1.000000000000000000, 0.000000000000000000 ) ) ;
#7903 = CARTESIAN_POINT ( 'NONE',  ( -2.099999999999967226, 0.2000000000000000111, 0.6249999999999987788 ) ) ;
#7904 = VECTOR ( 'NONE', #7116, 1000.000000000000000 ) ;
#7906 = ORIENTED_EDGE ( 'NONE', *, *, #9803, .T. ) ;
#7905 = DIRECTION ( 'NONE',  ( 0.000000000000000000, -1.000000000000000000, 0.000000000000000000 ) ) ;
#7907 = EDGE_CURVE ( 'NONE', #8659, #8036, #9084, .T. ) ;
#7908 = LINE ( 'NONE', #6255, #7741 ) ;
#7909 =( NAMED_UNIT ( * ) SI_UNIT ( $, .STERADIAN. ) SOLID_ANGLE_UNIT ( ) );
#7910 = FACE_OUTER_BOUND ( 'NONE', #4798, .T. ) ;
#7911 = ORIENTED_EDGE ( 'NONE', *, *, #9129, .T. ) ;
#7912 = EDGE_CURVE ( 'NONE', #10198, #6299, #6525, .T. ) ;
#7913 = LINE ( 'NONE', #5242, #6388 ) ;
#7914 = STYLED_ITEM ( 'NONE', ( #10486 ), #6127 ) ;
#7916 = DIRECTION ( 'NONE',  ( 0.000000000000000000, -0.000000000000000000, 1.000000000000000000 ) ) ;
#7915 = FACE_OUTER_BOUND ( 'NONE', #7676, .T. ) ;
#7917 = ORIENTED_EDGE ( 'NONE', *, *, #5779, .F. ) ;
#7918 = EDGE_LOOP ( 'NONE', ( #2389, #4085, #6262, #8603 ) ) ;
#7919 = ORIENTED_EDGE ( 'NONE', *, *, #3479, .T. ) ;
#7920 = CLOSED_SHELL ( 'NONE', ( #3470, #7123, #10287, #10961, #147, #8033, #1518 ) ) ;
#7921 = VERTEX_POINT ( 'NONE', #788 ) ;
#7922 = VECTOR ( 'NONE', #8545, 1000.000000000000000 ) ;
#7923 = CARTESIAN_POINT ( 'NONE',  ( 1.625000000000001554, 0.2000000000000000111, -2.100000000000000089 ) ) ;
#7924 = DIRECTION ( 'NONE',  ( 2.949029909160572061E-14, 0.000000000000000000, -1.000000000000000000 ) ) ;
#7925 = DIRECTION ( 'NONE',  ( 1.000000000000000000, 0.000000000000000000, -1.040834085586084257E-14 ) ) ;
#7926 = FACE_OUTER_BOUND ( 'NONE', #5667, .T. ) ;
#7927 = ORIENTED_EDGE ( 'NONE', *, *, #4030, .T. ) ;
#7929 = DIRECTION ( 'NONE',  ( -0.7071067811865451302, -0.000000000000000000, 0.7071067811865499042 ) ) ;
#7928 = CARTESIAN_POINT ( 'NONE',  ( -0.1250000000000014155, 0.04999999999999969746, -2.500000000000000000 ) ) ;
#7930 = DIRECTION ( 'NONE',  ( 1.000000000000000000, 0.000000000000000000, 2.775557561562891351E-14 ) ) ;
#7931 = CARTESIAN_POINT ( 'NONE',  ( -2.000000000000000000, 0.9499999999999999556, -2.000000000000000000 ) ) ;
#7932 = MECHANICAL_DESIGN_GEOMETRIC_PRESENTATION_REPRESENTATION (  '', ( #10412 ), #5275 ) ;
#7933 = VECTOR ( 'NONE', #10115, 1000.000000000000000 ) ;
#7934 = DIRECTION ( 'NONE',  ( 3.794707603699675727E-15, 0.000000000000000000, 1.000000000000000000 ) ) ;
#7935 = PLANE ( 'NONE',  #743 ) ;
#7936 = AXIS2_PLACEMENT_3D ( 'NONE', #5722, #8404, #675 ) ;
#7937 = ORIENTED_EDGE ( 'NONE', *, *, #2206, .T. ) ;
#7938 = EDGE_LOOP ( 'NONE', ( #10370, #1333, #3555, #2668 ) ) ;
#7939 = AXIS2_PLACEMENT_3D ( 'NONE', #2108, #8170, #8223 ) ;
#7940 = DIRECTION ( 'NONE',  ( 0.000000000000000000, -1.000000000000000000, 0.000000000000000000 ) ) ;
#7941 = AXIS2_PLACEMENT_3D ( 'NONE', #4624, #3789, #7800 ) ;
#7942 = VERTEX_POINT ( 'NONE', #8357 ) ;
#7943 = LINE ( 'NONE', #7736, #151 ) ;
#7944 = DIRECTION ( 'NONE',  ( 1.000000000000000000, 0.000000000000000000, -9.757819552369538328E-15 ) ) ;
#7945 = AXIS2_PLACEMENT_3D ( 'NONE', #4956, #1508, #4892 ) ;
#7946 = LINE ( 'NONE', #10608, #10607 ) ;
#7947 = VECTOR ( 'NONE', #5778, 1000.000000000000000 ) ;
#7948 = DIRECTION ( 'NONE',  ( 1.000000000000000000, 0.000000000000000000, -1.387778780781446938E-14 ) ) ;
#7949 = ORIENTED_EDGE ( 'NONE', *, *, #8724, .T. ) ;
#7950 = VECTOR ( 'NONE', #5967, 1000.000000000000000 ) ;
#7951 = VECTOR ( 'NONE', #6348, 1000.000000000000000 ) ;
#7952 = ORIENTED_EDGE ( 'NONE', *, *, #6628, .F. ) ;
#7953 = PRESENTATION_LAYER_ASSIGNMENT (  '', '', ( #1748 ) ) ;
#7954 = ORIENTED_EDGE ( 'NONE', *, *, #4846, .F. ) ;
#7955 = DIRECTION ( 'NONE',  ( -1.000000000000000000, 0.000000000000000000, -2.949029909160572061E-14 ) ) ;
#7956 = DIRECTION ( 'NONE',  ( 0.000000000000000000, -1.000000000000000000, 0.000000000000000000 ) ) ;
#7957 = ADVANCED_FACE ( 'NONE', ( #3237 ), #680, .F. ) ;
#7958 = ADVANCED_FACE ( 'NONE', ( #10946 ), #7511, .F. ) ;
#7959 = VECTOR ( 'NONE', #3854, 1000.000000000000000 ) ;
#7960 = CARTESIAN_POINT ( 'NONE',  ( 1.624999999999997780, 0.2000000000000000111, -2.500000000000000000 ) ) ;
#7961 = LINE ( 'NONE', #10515, #9029 ) ;
#7962 = LINE ( 'NONE', #1805, #157 ) ;
#7963 = VECTOR ( 'NONE', #9889, 1000.000000000000000 ) ;
#7964 = AXIS2_PLACEMENT_3D ( 'NONE', #47, #823, #2500 ) ;
#7965 = STYLED_ITEM ( 'NONE', ( #6700 ), #2568 ) ;
#7966 = ADVANCED_FACE ( 'NONE', ( #7627 ), #10013, .F. ) ;
#7968 = ORIENTED_EDGE ( 'NONE', *, *, #9144, .F. ) ;
#7967 = CARTESIAN_POINT ( 'NONE',  ( 0.3749999999999985567, 0.2000000000000000111, 2.099999999999980993 ) ) ;
#7969 = DIRECTION ( 'NONE',  ( -1.000000000000000000, -0.000000000000000000, 1.439820485060763520E-13 ) ) ;
#7970 = EDGE_CURVE ( 'NONE', #3338, #2847, #5893, .T. ) ;
#7971 =( LENGTH_UNIT ( ) NAMED_UNIT ( * ) SI_UNIT ( .MILLI., .METRE. ) );
#7972 = EDGE_CURVE ( 'NONE', #5590, #1111, #7399, .T. ) ;
#7973 = DIRECTION ( 'NONE',  ( 1.000000000000000000, 0.000000000000000000, -9.825582188149882355E-15 ) ) ;
#7974 = EDGE_LOOP ( 'NONE', ( #6845, #6987, #1425, #1083 ) ) ;
#7975 = DIRECTION ( 'NONE',  ( 0.000000000000000000, 0.000000000000000000, -1.000000000000000000 ) ) ;
#7976 = EDGE_CURVE ( 'NONE', #3995, #2, #2456, .T. ) ;
#7978 = FACE_OUTER_BOUND ( 'NONE', #7039, .T. ) ;
#7977 = PLANE ( 'NONE',  #1754 ) ;
#7979 = VECTOR ( 'NONE', #2395, 1000.000000000000000 ) ;
#7980 = VERTEX_POINT ( 'NONE', #4843 ) ;
#7981 = EDGE_CURVE ( 'NONE', #6178, #8547, #8234, .T. ) ;
#7982 = ORIENTED_EDGE ( 'NONE', *, *, #4574, .T. ) ;
#7983 = EDGE_CURVE ( 'NONE', #7921, #1998, #4010, .T. ) ;
#7984 = ADVANCED_FACE ( 'NONE', ( #3613 ), #3565, .T. ) ;
#7986 = ORIENTED_EDGE ( 'NONE', *, *, #1839, .F. ) ;
#7985 = DIRECTION ( 'NONE',  ( 1.000000000000000000, 0.000000000000000000, -9.893344823930226383E-15 ) ) ;
#7987 = EDGE_LOOP ( 'NONE', ( #9690, #1042, #7616, #6417 ) ) ;
#7988 = PRESENTATION_LAYER_ASSIGNMENT (  '', '', ( #9408 ) ) ;
#7989 = LINE ( 'NONE', #3760, #1631 ) ;
#7990 = CARTESIAN_POINT ( 'NONE',  ( 1.675000000000000044, 0.2000000000000000111, 1.524999999999997691 ) ) ;
#7991 = CARTESIAN_POINT ( 'NONE',  ( 1.374999999999997780, 0.2000000000000000111, -2.499999999999987566 ) ) ;
#7992 = ORIENTED_EDGE ( 'NONE', *, *, #5251, .T. ) ;
#7993 = DIRECTION ( 'NONE',  ( 2.775557561562891351E-14, 0.000000000000000000, -1.000000000000000000 ) ) ;
#7994 = LINE ( 'NONE', #8993, #2213 ) ;
#7995 = LINE ( 'NONE', #1882, #9338 ) ;
#7996 = AXIS2_PLACEMENT_3D ( 'NONE', #7365, #5531, #2193 ) ;
#7997 = ADVANCED_FACE ( 'NONE', ( #4343 ), #59, .F. ) ;
#7998 = FILL_AREA_STYLE ('',( #7776 ) ) ;
#7999 = CARTESIAN_POINT ( 'NONE',  ( -2.500000000000000000, 0.04999999999999969746, -2.500000000000000000 ) ) ;
#8000 = VECTOR ( 'NONE', #10112, 1000.000000000000000 ) ;
#8001 = ORIENTED_EDGE ( 'NONE', *, *, #2613, .T. ) ;
#8002 = VERTEX_POINT ( 'NONE', #10388 ) ;
#8003 = LINE ( 'NONE', #1276, #4972 ) ;
#8004 = VECTOR ( 'NONE', #7905, 1000.000000000000000 ) ;
#8005 = ORIENTED_EDGE ( 'NONE', *, *, #4701, .F. ) ;
#8007 = DIRECTION ( 'NONE',  ( 0.000000000000000000, 1.000000000000000000, 0.000000000000000000 ) ) ;
#8006 = CARTESIAN_POINT ( 'NONE',  ( -2.099999999999975220, 0.2000000000000000111, -1.809999999999999609 ) ) ;
#8008 = DIRECTION ( 'NONE',  ( -3.794707603699675727E-15, -0.000000000000000000, -1.000000000000000000 ) ) ;
#8009 = CARTESIAN_POINT ( 'NONE',  ( -2.099999999999975220, 0.000000000000000000, -1.809999999999999609 ) ) ;
#8010 = LINE ( 'NONE', #397, #2984 ) ;
#8011 = CARTESIAN_POINT ( 'NONE',  ( -2.000000000000000000, 0.9499999999999999556, -2.250000000000000444 ) ) ;
#8012 = VERTEX_POINT ( 'NONE', #1836 ) ;
#8013 = VECTOR ( 'NONE', #6530, 1000.000000000000000 ) ;
#8014 = ORIENTED_EDGE ( 'NONE', *, *, #5951, .T. ) ;
#8015 = ORIENTED_EDGE ( 'NONE', *, *, #2661, .F. ) ;
#8016 = DIRECTION ( 'NONE',  ( -0.000000000000000000, 0.000000000000000000, 1.000000000000000000 ) ) ;
#8017 = SURFACE_STYLE_FILL_AREA ( #4677 ) ;
#8018 = MECHANICAL_DESIGN_GEOMETRIC_PRESENTATION_REPRESENTATION (  '', ( #7667 ), #4643 ) ;
#8019 = DIRECTION ( 'NONE',  ( -0.000000000000000000, -0.000000000000000000, 1.000000000000000000 ) ) ;
#8020 = CARTESIAN_POINT ( 'NONE',  ( 0.8750000000000025535, 0.04999999999999999584, 2.499999999999975575 ) ) ;
#8021 = LINE ( 'NONE', #10630, #5105 ) ;
#8023 = ORIENTED_EDGE ( 'NONE', *, *, #2525, .F. ) ;
#8022 = CARTESIAN_POINT ( 'NONE',  ( -1.624999999999997558, 0.2000000000000000111, 2.500000000000002220 ) ) ;
#8024 = CARTESIAN_POINT ( 'NONE',  ( 2.499999999999962252, 0.2000000000000000111, -1.125000000000001332 ) ) ;
#8025 = SURFACE_SIDE_STYLE ('',( #6312 ) ) ;
#8026 = FACE_OUTER_BOUND ( 'NONE', #8317, .T. ) ;
#8027 = PLANE ( 'NONE',  #4779 ) ;
#8029 = FACE_OUTER_BOUND ( 'NONE', #1481, .T. ) ;
#8028 = PLANE ( 'NONE',  #5826 ) ;
#8030 = EDGE_CURVE ( 'NONE', #2667, #6211, #6962, .T. ) ;
#8031 = ORIENTED_EDGE ( 'NONE', *, *, #1476, .F. ) ;
#8032 = ORIENTED_EDGE ( 'NONE', *, *, #723, .F. ) ;
#8033 = ADVANCED_FACE ( 'NONE', ( #6803 ), #7841, .T. ) ;
#8034 = EDGE_CURVE ( 'NONE', #1647, #10975, #7682, .T. ) ;
#8035 = VERTEX_POINT ( 'NONE', #1007 ) ;
#8036 = VERTEX_POINT ( 'NONE', #1957 ) ;
#8037 = CARTESIAN_POINT ( 'NONE',  ( 1.374999999999998668, 0.2000000000000000111, 2.099999999999969891 ) ) ;
#8038 = CARTESIAN_POINT ( 'NONE',  ( 0.1250000000000025258, 0.2000000000000000111, 2.499999999999973799 ) ) ;
#8039 = ADVANCED_FACE ( 'NONE', ( #3449 ), #1789, .T. ) ;
#8040 = CARTESIAN_POINT ( 'NONE',  ( -2.099999999999974776, 0.000000000000000000, 1.810000000000000053 ) ) ;
#8041 = ORIENTED_EDGE ( 'NONE', *, *, #506, .T. ) ;
#8042 = EDGE_CURVE ( 'NONE', #5563, #10807, #7728, .T. ) ;
#8043 = LINE ( 'NONE', #9760, #9038 ) ;
#8044 = ADVANCED_FACE ( 'NONE', ( #8574 ), #9453, .T. ) ;
#8045 = LINE ( 'NONE', #380, #7192 ) ;
#8046 = CARTESIAN_POINT ( 'NONE',  ( -2.499999999999962252, 0.2000000000000000111, 1.125000000000003109 ) ) ;
#8047 = DIRECTION ( 'NONE',  ( -0.7071067811865451302, 0.000000000000000000, 0.7071067811865500152 ) ) ;
#8048 = ORIENTED_EDGE ( 'NONE', *, *, #6427, .F. ) ;
#8049 = LINE ( 'NONE', #438, #4576 ) ;
#8050 = DIRECTION ( 'NONE',  ( 9.961107459710570410E-15, -0.000000000000000000, 1.000000000000000000 ) ) ;
#8051 = ORIENTED_EDGE ( 'NONE', *, *, #9286, .T. ) ;
#8053 =( NAMED_UNIT ( * ) SI_UNIT ( $, .STERADIAN. ) SOLID_ANGLE_UNIT ( ) );
#8052 = DIRECTION ( 'NONE',  ( -9.757819552369536751E-15, 0.000000000000000000, -1.000000000000000000 ) ) ;
#8054 = DIRECTION ( 'NONE',  ( 1.084202172485504276E-14, 0.000000000000000000, 1.000000000000000000 ) ) ;
#8055 = DIRECTION ( 'NONE',  ( -1.214306433183764966E-14, 0.000000000000000000, -1.000000000000000000 ) ) ;
#8056 = EDGE_CURVE ( 'NONE', #4135, #8770, #6908, .T. ) ;
#8057 = CARTESIAN_POINT ( 'NONE',  ( 1.625000000000001110, 0.2000000000000000111, 2.100000000000000533 ) ) ;
#8058 = CARTESIAN_POINT ( 'NONE',  ( -2.164999999999975167, 0.2000000000000000111, -1.875000000000000222 ) ) ;
#8059 = EDGE_LOOP ( 'NONE', ( #5679, #1974, #8236, #2488 ) ) ;
#8060 = CARTESIAN_POINT ( 'NONE',  ( -1.675000000000000044, 0.000000000000000000, 1.524999999999998135 ) ) ;
#8061 = EDGE_LOOP ( 'NONE', ( #6384, #3633, #10526, #645 ) ) ;
#8062 = ORIENTED_EDGE ( 'NONE', *, *, #223, .T. ) ;
#8063 = VERTEX_POINT ( 'NONE', #5221 ) ;
#8064 = DIRECTION ( 'NONE',  ( 0.000000000000000000, -1.000000000000000000, 0.000000000000000000 ) ) ;
#8065 = DIRECTION ( 'NONE',  ( -1.439820485060763520E-13, 0.000000000000000000, -1.000000000000000000 ) ) ;
#8066 = LINE ( 'NONE', #3913, #2452 ) ;
#8067 = LINE ( 'NONE', #576, #128 ) ;
#8068 = VECTOR ( 'NONE', #6226, 1000.000000000000000 ) ;
#8070 = ORIENTED_EDGE ( 'NONE', *, *, #910, .T. ) ;
#8069 = CARTESIAN_POINT ( 'NONE',  ( 1.874999999999999778, 0.05000000000000000278, -2.165000000000000036 ) ) ;
#8071 = AXIS2_PLACEMENT_3D ( 'NONE', #2647, #8597, #7916 ) ;
#8072 = CARTESIAN_POINT ( 'NONE',  ( 2.100000000000016076, 0.2000000000000000111, -0.1249999999999999167 ) ) ;
#8073 = DIRECTION ( 'NONE',  ( -0.000000000000000000, -1.000000000000000000, -0.000000000000000000 ) ) ;
#8074 = DIRECTION ( 'NONE',  ( -1.439820485060763520E-13, 0.000000000000000000, -1.000000000000000000 ) ) ;
#8075 = CARTESIAN_POINT ( 'NONE',  ( 1.625000000000001554, 0.2000000000000000111, -2.100000000000000089 ) ) ;
#8077 = CARTESIAN_POINT ( 'NONE',  ( -2.499999999999972911, 0.2000000000000000111, 0.1250000000000031364 ) ) ;
#8076 = CARTESIAN_POINT ( 'NONE',  ( -1.624999999999997558, 0.2000000000000000111, 2.500000000000002220 ) ) ;
#8078 = VECTOR ( 'NONE', #5369, 1000.000000000000000 ) ;
#8079 = ORIENTED_EDGE ( 'NONE', *, *, #5918, .F. ) ;
#8080 = VECTOR ( 'NONE', #2093, 1000.000000000000000 ) ;
#8081 = EDGE_LOOP ( 'NONE', ( #7992, #7461, #372, #2775 ) ) ;
#8083 = VERTEX_POINT ( 'NONE', #6059 ) ;
#8082 = LINE ( 'NONE', #3931, #4800 ) ;
#8084 = ORIENTED_EDGE ( 'NONE', *, *, #9121, .F. ) ;
#8085 = DIRECTION ( 'NONE',  ( 0.000000000000000000, 0.000000000000000000, 1.000000000000000000 ) ) ;
#8086 = CARTESIAN_POINT ( 'NONE',  ( -2.500000000000046185, 0.000000000000000000, -1.875000000000000000 ) ) ;
#8087 = FACE_OUTER_BOUND ( 'NONE', #2400, .T. ) ;
#8088 = PLANE ( 'NONE',  #10090 ) ;
#8089 = VECTOR ( 'NONE', #893, 1000.000000000000000 ) ;
#8090 = ORIENTED_EDGE ( 'NONE', *, *, #8869, .T. ) ;
#8091 = DIRECTION ( 'NONE',  ( -0.7071067811865474617, 0.000000000000000000, -0.7071067811865474617 ) ) ;
#8092 = EDGE_CURVE ( 'NONE', #6086, #10407, #10177, .T. ) ;
#8093 = DIRECTION ( 'NONE',  ( -0.000000000000000000, -1.000000000000000000, -0.000000000000000000 ) ) ;
#8094 = EDGE_LOOP ( 'NONE', ( #9448, #4618, #71, #3886 ) ) ;
#8095 = DIRECTION ( 'NONE',  ( 1.000000000000000000, 0.000000000000000000, 2.775557561562891351E-14 ) ) ;
#8096 = VECTOR ( 'NONE', #9835, 1000.000000000000000 ) ;
#8097 = VECTOR ( 'NONE', #9383, 1000.000000000000000 ) ;
#8098 = CARTESIAN_POINT ( 'NONE',  ( -1.125000000000000888, 0.2000000000000000111, -2.100000000000004530 ) ) ;
#8099 = LINE ( 'NONE', #9165, #19 ) ;
#8100 = ADVANCED_FACE ( 'NONE', ( #7790 ), #8749, .T. ) ;
#8101 = EDGE_CURVE ( 'NONE', #293, #1221, #176, .T. ) ;
#8102 = ORIENTED_EDGE ( 'NONE', *, *, #4306, .F. ) ;
#8103 = PLANE ( 'NONE',  #8488 ) ;
#8104 = CARTESIAN_POINT ( 'NONE',  ( -1.624999999999997558, 0.04999999999999999584, 2.500000000000002220 ) ) ;
#8105 = ORIENTED_EDGE ( 'NONE', *, *, #3770, .F. ) ;
#8107 = LINE ( 'NONE', #6461, #6929 ) ;
#8106 = DIRECTION ( 'NONE',  ( -3.930232875260377980E-15, -0.000000000000000000, -1.000000000000000000 ) ) ;
#8108 = AXIS2_PLACEMENT_3D ( 'NONE', #3595, #6785, #10159 ) ;
#8109 = COLOUR_RGB ( '',0.7921568627450980005, 0.8196078431372548767, 0.9333333333333333481 ) ;
#8110 = DIRECTION ( 'NONE',  ( -0.000000000000000000, -1.000000000000000000, -0.000000000000000000 ) ) ;
#8111 = PLANE ( 'NONE',  #1915 ) ;
#8112 = LINE ( 'NONE', #4058, #628 ) ;
#8113 = EDGE_CURVE ( 'NONE', #8319, #2083, #2724, .T. ) ;
#8114 = ORIENTED_EDGE ( 'NONE', *, *, #7218, .T. ) ;
#8115 = ADVANCED_FACE ( 'NONE', ( #1895 ), #1119, .F. ) ;
#8116 = CARTESIAN_POINT ( 'NONE',  ( -2.500000000000000000, 1.000000000000000000, -2.500000000000000000 ) ) ;
#8117 =( GEOMETRIC_REPRESENTATION_CONTEXT ( 3 ) GLOBAL_UNCERTAINTY_ASSIGNED_CONTEXT ( ( #7271 ) ) GLOBAL_UNIT_ASSIGNED_CONTEXT ( ( #3971, #4584, #8972 ) ) REPRESENTATION_CONTEXT ( 'NONE', 'WORKASPACE' ) );
#8118 = AXIS2_PLACEMENT_3D ( 'NONE', #3221, #6736, #2385 ) ;
#8119 = EDGE_CURVE ( 'NONE', #4428, #10223, #7227, .T. ) ;
#8120 = ORIENTED_EDGE ( 'NONE', *, *, #2535, .F. ) ;
#8121 = VERTEX_POINT ( 'NONE', #5551 ) ;
#8122 = ORIENTED_EDGE ( 'NONE', *, *, #5803, .F. ) ;
#8123 = CARTESIAN_POINT ( 'NONE',  ( 2.500000000000000000, 0.04999999999999969746, 2.500000000000000000 ) ) ;
#8124 = AXIS2_PLACEMENT_3D ( 'NONE', #9133, #623, #7513 ) ;
#8125 = SURFACE_SIDE_STYLE ('',( #3909 ) ) ;
#8126 = LINE ( 'NONE', #3957, #1387 ) ;
#8127 = EDGE_CURVE ( 'NONE', #2348, #614, #4783, .T. ) ;
#8128 = DIRECTION ( 'NONE',  ( -1.000000000000000000, 0.000000000000000000, 1.439820485060763520E-13 ) ) ;
#8129 = ORIENTED_EDGE ( 'NONE', *, *, #840, .T. ) ;
#8130 = CARTESIAN_POINT ( 'NONE',  ( -0.3749999999999975020, 0.2000000000000000111, 2.499999999999978684 ) ) ;
#8131 = VECTOR ( 'NONE', #58, 1000.000000000000000 ) ;
#8132 = VECTOR ( 'NONE', #9464, 1000.000000000000000 ) ;
#8134 = VERTEX_POINT ( 'NONE', #4555 ) ;
#8133 = CARTESIAN_POINT ( 'NONE',  ( -2.499999999999962252, 0.000000000000000000, 1.125000000000003109 ) ) ;
#8135 = VECTOR ( 'NONE', #10191, 1000.000000000000000 ) ;
#8136 = CARTESIAN_POINT ( 'NONE',  ( 0.1250000000000017208, 0.000000000000000000, -2.099999999999984102 ) ) ;
#8137 = CARTESIAN_POINT ( 'NONE',  ( -2.500000000000000000, 0.04999999999999969746, -2.500000000000000000 ) ) ;
#8138 = CARTESIAN_POINT ( 'NONE',  ( 1.809999999999999831, 0.2000000000000000111, -2.100000000000000089 ) ) ;
#8139 = VECTOR ( 'NONE', #7689, 1000.000000000000000 ) ;
#8140 = CARTESIAN_POINT ( 'NONE',  ( 1.874999999999999778, 0.000000000000000000, -2.165000000000000036 ) ) ;
#8141 = FACE_OUTER_BOUND ( 'NONE', #3986, .T. ) ;
#8142 = VECTOR ( 'NONE', #10490, 1000.000000000000000 ) ;
#8144 = DIRECTION ( 'NONE',  ( 1.000000000000000000, 0.000000000000000000, 2.949029909160572061E-14 ) ) ;
#8143 = DIRECTION ( 'NONE',  ( -1.040834085586083310E-14, -0.000000000000000000, -1.000000000000000000 ) ) ;
#8145 = ORIENTED_EDGE ( 'NONE', *, *, #10964, .F. ) ;
#8146 = VECTOR ( 'NONE', #3747, 1000.000000000000000 ) ;
#8147 = ORIENTED_EDGE ( 'NONE', *, *, #9060, .T. ) ;
#8148 = VECTOR ( 'NONE', #4747, 1000.000000000000000 ) ;
#8150 = VERTEX_POINT ( 'NONE', #2894 ) ;
#8149 = DIRECTION ( 'NONE',  ( -1.040834085586083310E-14, -0.000000000000000000, -1.000000000000000000 ) ) ;
#8151 = VERTEX_POINT ( 'NONE', #6239 ) ;
#8152 = CARTESIAN_POINT ( 'NONE',  ( -3.023623018627554066E-13, 0.05000000000000000278, -2.099999999999965894 ) ) ;
#8153 = DIRECTION ( 'NONE',  ( -3.794707603699675727E-15, 0.000000000000000000, -1.000000000000000000 ) ) ;
#8154 = STYLED_ITEM ( 'NONE', ( #2236 ), #2507 ) ;
#8155 = VERTEX_POINT ( 'NONE', #10453 ) ;
#8156 = PLANE ( 'NONE',  #9565 ) ;
#8157 = CARTESIAN_POINT ( 'NONE',  ( 1.809999999999999165, 0.2000000000000000111, 2.100000000000000977 ) ) ;
#8158 = UNCERTAINTY_MEASURE_WITH_UNIT (LENGTH_MEASURE( 1.000000000000000082E-05 ), #7319, 'distance_accuracy_value', 'NONE');
#8159 = ORIENTED_EDGE ( 'NONE', *, *, #4437, .F. ) ;
#8160 = CARTESIAN_POINT ( 'NONE',  ( -2.500000000000042633, 0.2000000000000000111, -1.625000000000000222 ) ) ;
#8161 = VECTOR ( 'NONE', #9500, 1000.000000000000000 ) ;
#8162 =( GEOMETRIC_REPRESENTATION_CONTEXT ( 3 ) GLOBAL_UNCERTAINTY_ASSIGNED_CONTEXT ( ( #10040 ) ) GLOBAL_UNIT_ASSIGNED_CONTEXT ( ( #9295, #8457, #1786 ) ) REPRESENTATION_CONTEXT ( 'NONE', 'WORKASPACE' ) );
#8163 = DIRECTION ( 'NONE',  ( -1.000000000000000000, 0.000000000000000000, 3.930232875260377980E-15 ) ) ;
#8164 = DIRECTION ( 'NONE',  ( 1.000000000000000000, 0.000000000000000000, -3.930232875260377980E-15 ) ) ;
#8165 = DIRECTION ( 'NONE',  ( -3.794707603699675727E-15, -0.000000000000000000, -1.000000000000000000 ) ) ;
#8166 = CARTESIAN_POINT ( 'NONE',  ( 2.499999999999956923, 0.2000000000000000111, -1.625000000000001332 ) ) ;
#8167 = EDGE_LOOP ( 'NONE', ( #7291, #3370, #10477, #7619 ) ) ;
#8169 = LINE ( 'NONE', #8901, #8882 ) ;
#8168 = CARTESIAN_POINT ( 'NONE',  ( -2.499999999999954703, 0.2000000000000000111, 1.875000000000002887 ) ) ;
#8170 = DIRECTION ( 'NONE',  ( 0.000000000000000000, 1.000000000000000000, 0.000000000000000000 ) ) ;
#8171 = STYLED_ITEM ( 'NONE', ( #5252 ), #9962 ) ;
#8172 = DIRECTION ( 'NONE',  ( -0.000000000000000000, -1.000000000000000000, -0.000000000000000000 ) ) ;
#8173 = LINE ( 'NONE', #561, #7025 ) ;
#8174 = EDGE_CURVE ( 'NONE', #4970, #4199, #7946, .T. ) ;
#8175 = EDGE_CURVE ( 'NONE', #1810, #6949, #1331, .T. ) ;
#8176 = ORIENTED_EDGE ( 'NONE', *, *, #2209, .F. ) ;
#8177 = VECTOR ( 'NONE', #8050, 1000.000000000000000 ) ;
#8178 = LINE ( 'NONE', #5669, #7595 ) ;
#8179 = EDGE_CURVE ( 'NONE', #5570, #2204, #4616, .T. ) ;
#8180 = AXIS2_PLACEMENT_3D ( 'NONE', #9979, #9209, #4973 ) ;
#8181 = ORIENTED_EDGE ( 'NONE', *, *, #3142, .T. ) ;
#8182 = ORIENTED_EDGE ( 'NONE', *, *, #5386, .T. ) ;
#8183 = VERTEX_POINT ( 'NONE', #3665 ) ;
#8184 = EDGE_CURVE ( 'NONE', #9102, #2034, #9661, .T. ) ;
#8185 = FACE_OUTER_BOUND ( 'NONE', #8527, .T. ) ;
#8186 = CARTESIAN_POINT ( 'NONE',  ( -0.3749999999999981681, 0.04999999999999969746, 2.500000000000000000 ) ) ;
#8187 = EDGE_CURVE ( 'NONE', #9434, #2114, #6409, .T. ) ;
#8188 = CARTESIAN_POINT ( 'NONE',  ( -2.499999999999964917, 0.2000000000000000111, 0.8750000000000031086 ) ) ;
#8189 = DIRECTION ( 'NONE',  ( -0.000000000000000000, 1.000000000000000000, 0.000000000000000000 ) ) ;
#8190 = ORIENTED_EDGE ( 'NONE', *, *, #2362, .F. ) ;
#8191 = EDGE_CURVE ( 'NONE', #9399, #4829, #2938, .T. ) ;
#8192 = CARTESIAN_POINT ( 'NONE',  ( -2.499999999999956923, 0.2000000000000000111, 1.625000000000003109 ) ) ;
#8193 = AXIS2_PLACEMENT_3D ( 'NONE', #5978, #2433, #9381 ) ;
#8194 = ADVANCED_FACE ( 'NONE', ( #4723 ), #2052, .T. ) ;
#8196 = ORIENTED_EDGE ( 'NONE', *, *, #8990, .T. ) ;
#8195 = LINE ( 'NONE', #2017, #6599 ) ;
#8197 = LINE ( 'NONE', #8920, #1936 ) ;
#8198 = SURFACE_STYLE_USAGE ( .BOTH. , #5465 ) ;
#8199 = DIRECTION ( 'NONE',  ( -1.000000000000000000, 0.000000000000000000, -0.000000000000000000 ) ) ;
#8200 = CARTESIAN_POINT ( 'NONE',  ( 0.3749999999999993339, 0.04999999999999999584, -2.100000000000020073 ) ) ;
#8201 = CARTESIAN_POINT ( 'NONE',  ( -2.099999999999973888, 0.05000000000000000278, 2.185751579730747909E-14 ) ) ;
#8203 = FACE_OUTER_BOUND ( 'NONE', #2144, .T. ) ;
#8202 = DIRECTION ( 'NONE',  ( 1.000000000000000000, 0.000000000000000000, -1.029992063861228897E-14 ) ) ;
#8204 = ADVANCED_FACE ( 'NONE', ( #5439 ), #8111, .T. ) ;
#8205 = ORIENTED_EDGE ( 'NONE', *, *, #6952, .F. ) ;
#8206 = ORIENTED_EDGE ( 'NONE', *, *, #9602, .T. ) ;
#8207 = ORIENTED_EDGE ( 'NONE', *, *, #1845, .F. ) ;
#8208 = ORIENTED_EDGE ( 'NONE', *, *, #7288, .F. ) ;
#8209 = FILL_AREA_STYLE ('',( #4818 ) ) ;
#8210 = LINE ( 'NONE', #9983, #5111 ) ;
#8211 = ORIENTED_EDGE ( 'NONE', *, *, #3622, .T. ) ;
#8212 = PLANE ( 'NONE',  #9391 ) ;
#8213 = DIRECTION ( 'NONE',  ( 1.084202172485504276E-14, 0.000000000000000000, 1.000000000000000000 ) ) ;
#8214 = EDGE_LOOP ( 'NONE', ( #2028, #7265, #3233, #951 ) ) ;
#8215 = CARTESIAN_POINT ( 'NONE',  ( -1.809999999999999609, 0.2000000000000000111, 2.100000000000001865 ) ) ;
#8216 = CARTESIAN_POINT ( 'NONE',  ( 0.1250000000000009159, 0.2000000000000000111, 2.100000000000016964 ) ) ;
#8217 = ORIENTED_EDGE ( 'NONE', *, *, #2055, .F. ) ;
#8218 = DIRECTION ( 'NONE',  ( -3.794707603699675727E-15, 0.000000000000000000, -1.000000000000000000 ) ) ;
#8219 = PLANE ( 'NONE',  #185 ) ;
#8220 = ORIENTED_EDGE ( 'NONE', *, *, #8386, .T. ) ;
#8222 = CARTESIAN_POINT ( 'NONE',  ( 0.000000000000000000, 0.000000000000000000, 0.000000000000000000 ) ) ;
#8221 = CARTESIAN_POINT ( 'NONE',  ( 2.499999999999969802, 0.000000000000000000, -1.375000000000001332 ) ) ;
#8223 = DIRECTION ( 'NONE',  ( 0.000000000000000000, -0.000000000000000000, 1.000000000000000000 ) ) ;
#8224 = LINE ( 'NONE', #560, #7084 ) ;
#8225 = CARTESIAN_POINT ( 'NONE',  ( -2.099999999999982769, 0.2000000000000000111, -0.8750000000000012212 ) ) ;
#8226 = ORIENTED_EDGE ( 'NONE', *, *, #6120, .F. ) ;
#8227 = CARTESIAN_POINT ( 'NONE',  ( -1.625000000000000888, 0.2000000000000000111, -2.099999999999999645 ) ) ;
#8228 = VERTEX_POINT ( 'NONE', #2218 ) ;
#8229 = EDGE_LOOP ( 'NONE', ( #8590, #2523, #5049, #3035 ) ) ;
#8230 = VERTEX_POINT ( 'NONE', #5388 ) ;
#8231 = DIRECTION ( 'NONE',  ( -1.000000000000000000, 0.000000000000000000, -2.949029909160572061E-14 ) ) ;
#8232 = DIRECTION ( 'NONE',  ( -1.000000000000000000, -0.000000000000000000, 1.439820485060763520E-13 ) ) ;
#8233 = FACE_OUTER_BOUND ( 'NONE', #4138, .T. ) ;
#8234 = LINE ( 'NONE', #9297, #862 ) ;
#8235 = ADVANCED_FACE ( 'NONE', ( #2845 ), #9619, .F. ) ;
#8236 = ORIENTED_EDGE ( 'NONE', *, *, #4710, .F. ) ;
#8237 = DIRECTION ( 'NONE',  ( 9.757819552369538328E-15, 0.000000000000000000, 1.000000000000000000 ) ) ;
#8238 = EDGE_CURVE ( 'NONE', #9162, #7289, #503, .T. ) ;
#8239 = ADVANCED_FACE ( 'NONE', ( #3894 ), #6463, .T. ) ;
#8241 = ORIENTED_EDGE ( 'NONE', *, *, #6138, .T. ) ;
#8240 = CARTESIAN_POINT ( 'NONE',  ( -2.499999999999985789, 0.000000000000000000, -1.124999999999996891 ) ) ;
#8242 = EDGE_CURVE ( 'NONE', #5889, #334, #9828, .T. ) ;
#8243 = EDGE_CURVE ( 'NONE', #10646, #8134, #8010, .T. ) ;
#8244 = LINE ( 'NONE', #10636, #9912 ) ;
#8245 = DIRECTION ( 'NONE',  ( -0.000000000000000000, 0.000000000000000000, 1.000000000000000000 ) ) ;
#8246 = PLANE ( 'NONE',  #3172 ) ;
#8247 = DIRECTION ( 'NONE',  ( -0.000000000000000000, 1.000000000000000000, -0.000000000000000000 ) ) ;
#8248 = EDGE_CURVE ( 'NONE', #2726, #9574, #5602, .T. ) ;
#8249 = LINE ( 'NONE', #7520, #9738 ) ;
#8251 = LINE ( 'NONE', #1589, #4703 ) ;
#8250 = FACE_OUTER_BOUND ( 'NONE', #5964, .T. ) ;
#8252 = ORIENTED_EDGE ( 'NONE', *, *, #621, .F. ) ;
#8253 = ORIENTED_EDGE ( 'NONE', *, *, #5643, .T. ) ;
#8254 = VECTOR ( 'NONE', #305, 1000.000000000000000 ) ;
#8255 = EDGE_CURVE ( 'NONE', #278, #4960, #10721, .T. ) ;
#8257 = ORIENTED_EDGE ( 'NONE', *, *, #7016, .T. ) ;
#8256 = DIRECTION ( 'NONE',  ( -0.000000000000000000, -1.000000000000000000, -0.000000000000000000 ) ) ;
#8258 = VERTEX_POINT ( 'NONE', #6626 ) ;
#8259 = EDGE_CURVE ( 'NONE', #476, #9318, #1813, .T. ) ;
#8260 = PLANE ( 'NONE',  #4238 ) ;
#8261 = EDGE_LOOP ( 'NONE', ( #9664, #8786, #4227, #8837 ) ) ;
#8262 = CARTESIAN_POINT ( 'NONE',  ( 2.100000000000005418, 0.2000000000000000111, -1.125000000000000000 ) ) ;
#8263 = AXIS2_PLACEMENT_3D ( 'NONE', #7791, #8792, #1230 ) ;
#8264 = FACE_OUTER_BOUND ( 'NONE', #5364, .T. ) ;
#8265 = EDGE_CURVE ( 'NONE', #5248, #2220, #667, .T. ) ;
#8266 = UNCERTAINTY_MEASURE_WITH_UNIT (LENGTH_MEASURE( 1.000000000000000082E-05 ), #8689, 'distance_accuracy_value', 'NONE');
#8267 = ORIENTED_EDGE ( 'NONE', *, *, #3552, .F. ) ;
#8268 = LINE ( 'NONE', #656, #5638 ) ;
#8269 = VECTOR ( 'NONE', #9762, 1000.000000000000000 ) ;
#8270 = CARTESIAN_POINT ( 'NONE',  ( 1.675000000000000044, 0.2000000000000000111, 1.524999999999997691 ) ) ;
#8271 = DIRECTION ( 'NONE',  ( 1.000000000000000000, 0.000000000000000000, -1.084202172485504276E-14 ) ) ;
#8272 = LINE ( 'NONE', #10599, #2627 ) ;
#8273 = LINE ( 'NONE', #4874, #10837 ) ;
#8274 = ORIENTED_EDGE ( 'NONE', *, *, #7767, .F. ) ;
#8276 = PLANE ( 'NONE',  #8657 ) ;
#8275 = LINE ( 'NONE', #9995, #4942 ) ;
#8277 = PLANE ( 'NONE',  #7012 ) ;
#8278 = DIRECTION ( 'NONE',  ( 0.000000000000000000, -1.000000000000000000, 0.000000000000000000 ) ) ;
#8279 = DIRECTION ( 'NONE',  ( -1.000000000000000000, 0.000000000000000000, 1.035655806553459206E-14 ) ) ;
#8280 = PRESENTATION_LAYER_ASSIGNMENT (  '', '', ( #7914 ) ) ;
#8281 = ORIENTED_EDGE ( 'NONE', *, *, #1058, .F. ) ;
#8282 = CARTESIAN_POINT ( 'NONE',  ( -2.099999999999959677, 0.2000000000000000111, 1.374999999999999112 ) ) ;
#8283 = ORIENTED_EDGE ( 'NONE', *, *, #416, .T. ) ;
#8284 = ORIENTED_EDGE ( 'NONE', *, *, #655, .T. ) ;
#8285 = ORIENTED_EDGE ( 'NONE', *, *, #10631, .T. ) ;
#8286 = PRESENTATION_LAYER_ASSIGNMENT (  '', '', ( #2068 ) ) ;
#8287 = PLANE ( 'NONE',  #4387 ) ;
#8288 = FACE_OUTER_BOUND ( 'NONE', #1980, .T. ) ;
#8289 = FACE_OUTER_BOUND ( 'NONE', #5268, .T. ) ;
#8290 = PLANE ( 'NONE',  #7945 ) ;
#8291 = ORIENTED_EDGE ( 'NONE', *, *, #6948, .T. ) ;
#8292 = DIRECTION ( 'NONE',  ( 9.757819552369536751E-15, 0.000000000000000000, 1.000000000000000000 ) ) ;
#8293 = VECTOR ( 'NONE', #9253, 1000.000000000000000 ) ;
#8295 = ORIENTED_EDGE ( 'NONE', *, *, #9933, .T. ) ;
#8294 = FACE_OUTER_BOUND ( 'NONE', #6081, .T. ) ;
#8296 = VECTOR ( 'NONE', #4125, 1000.000000000000000 ) ;
#8297 = EDGE_CURVE ( 'NONE', #6151, #9409, #8224, .T. ) ;
#8298 = EDGE_CURVE ( 'NONE', #6440, #251, #10834, .T. ) ;
#8299 = PLANE ( 'NONE',  #2758 ) ;
#8300 = AXIS2_PLACEMENT_3D ( 'NONE', #2617, #9562, #10226 ) ;
#8301 = CARTESIAN_POINT ( 'NONE',  ( 2.499999999999967581, 0.2000000000000000111, -0.6250000000000015543 ) ) ;
#8302 = PRESENTATION_STYLE_ASSIGNMENT (( #690 ) ) ;
#8303 = CARTESIAN_POINT ( 'NONE',  ( -1.375000000000002220, 0.2000000000000000111, -2.499999999999968914 ) ) ;
#8304 = VECTOR ( 'NONE', #10011, 1000.000000000000000 ) ;
#8305 = PLANE ( 'NONE',  #6875 ) ;
#8306 = DIRECTION ( 'NONE',  ( 0.000000000000000000, -1.000000000000000000, 0.000000000000000000 ) ) ;
#8308 = DIRECTION ( 'NONE',  ( 0.000000000000000000, -1.000000000000000000, 0.000000000000000000 ) ) ;
#8307 = DIRECTION ( 'NONE',  ( 1.000000000000000000, 0.000000000000000000, 2.949029909160572061E-14 ) ) ;
#8309 = VECTOR ( 'NONE', #2563, 1000.000000000000000 ) ;
#8310 = AXIS2_PLACEMENT_3D ( 'NONE', #7168, #9556, #10496 ) ;
#8311 = ORIENTED_EDGE ( 'NONE', *, *, #5394, .T. ) ;
#8312 = ORIENTED_EDGE ( 'NONE', *, *, #4252, .F. ) ;
#8313 = EDGE_CURVE ( 'NONE', #10099, #293, #33, .T. ) ;
#8314 = ADVANCED_FACE ( 'NONE', ( #1499 ), #1448, .T. ) ;
#8315 = VECTOR ( 'NONE', #3038, 1000.000000000000000 ) ;
#8317 = EDGE_LOOP ( 'NONE', ( #4195, #1535, #106, #9534 ) ) ;
#8316 = DIRECTION ( 'NONE',  ( 1.000000000000000000, -0.000000000000000000, -3.794707603699675727E-15 ) ) ;
#8318 = EDGE_CURVE ( 'NONE', #567, #2751, #7386, .T. ) ;
#8319 = VERTEX_POINT ( 'NONE', #5713 ) ;
#8320 = ADVANCED_FACE ( 'NONE', ( #7334 ), #3999, .F. ) ;
#8321 = AXIS2_PLACEMENT_3D ( 'NONE', #9589, #4589, #3587 ) ;
#8322 = VECTOR ( 'NONE', #2333, 1000.000000000000114 ) ;
#8323 = DIRECTION ( 'NONE',  ( 1.439820485060763520E-13, -0.000000000000000000, 1.000000000000000000 ) ) ;
#8324 = CARTESIAN_POINT ( 'NONE',  ( 0.000000000000000000, 0.2000000000000000111, 0.000000000000000000 ) ) ;
#8325 = EDGE_CURVE ( 'NONE', #9498, #1173, #7656, .T. ) ;
#8326 = VERTEX_POINT ( 'NONE', #5913 ) ;
#8327 = PLANE ( 'NONE',  #5129 ) ;
#8328 = EDGE_CURVE ( 'NONE', #1, #10869, #2094, .T. ) ;
#8329 = CARTESIAN_POINT ( 'NONE',  ( 0.3750000000000024980, 0.2000000000000000111, 2.499999999999980904 ) ) ;
#8330 = VECTOR ( 'NONE', #10182, 1000.000000000000000 ) ;
#8331 = EDGE_CURVE ( 'NONE', #1359, #4264, #3423, .T. ) ;
#8332 = ORIENTED_EDGE ( 'NONE', *, *, #7764, .F. ) ;
#8333 = AXIS2_PLACEMENT_3D ( 'NONE', #3247, #10136, #7521 ) ;
#8334 = EDGE_LOOP ( 'NONE', ( #484, #10701, #2929, #8552 ) ) ;
#8335 = EDGE_CURVE ( 'NONE', #1889, #1210, #10150, .T. ) ;
#8336 = AXIS2_PLACEMENT_3D ( 'NONE', #1823, #7993, #1939 ) ;
#8337 = PLANE ( 'NONE',  #7077 ) ;
#8338 = FACE_OUTER_BOUND ( 'NONE', #2274, .T. ) ;
#8339 = ORIENTED_EDGE ( 'NONE', *, *, #5668, .F. ) ;
#8340 = DIRECTION ( 'NONE',  ( 3.794707603699675727E-15, -0.000000000000000000, 1.000000000000000000 ) ) ;
#8341 = DIRECTION ( 'NONE',  ( 1.000000000000000000, 0.000000000000000000, -1.002887009549091444E-14 ) ) ;
#8342 = VERTEX_POINT ( 'NONE', #1699 ) ;
#8344 = PLANE ( 'NONE',  #10244 ) ;
#8343 = PLANE ( 'NONE',  #2985 ) ;
#8345 = LINE ( 'NONE', #9285, #10200 ) ;
#8346 = LINE ( 'NONE', #8508, #8089 ) ;
#8347 = COLOUR_RGB ( '',0.7921568627450980005, 0.8196078431372548767, 0.9333333333333333481 ) ;
#8348 = ORIENTED_EDGE ( 'NONE', *, *, #1461, .T. ) ;
#8349 = CARTESIAN_POINT ( 'NONE',  ( -2.500000000000000000, 0.04999999999999969746, 2.500000000000000000 ) ) ;
#8350 = VERTEX_POINT ( 'NONE', #2280 ) ;
#8351 = EDGE_LOOP ( 'NONE', ( #2475, #1766, #9236, #5887 ) ) ;
#8352 = ORIENTED_EDGE ( 'NONE', *, *, #4246, .T. ) ;
#8353 = PLANE ( 'NONE',  #10949 ) ;
#8354 =( GEOMETRIC_REPRESENTATION_CONTEXT ( 3 ) GLOBAL_UNCERTAINTY_ASSIGNED_CONTEXT ( ( #2487 ) ) GLOBAL_UNIT_ASSIGNED_CONTEXT ( ( #1446, #8842, #8053 ) ) REPRESENTATION_CONTEXT ( 'NONE', 'WORKASPACE' ) );
#8355 = DIRECTION ( 'NONE',  ( 3.794707603699675727E-15, 0.000000000000000000, 1.000000000000000000 ) ) ;
#8356 = DIRECTION ( 'NONE',  ( 2.949029909160572061E-14, 0.000000000000000000, -1.000000000000000000 ) ) ;
#8357 = CARTESIAN_POINT ( 'NONE',  ( -2.099999999999969891, 0.2000000000000000111, 0.3749999999999990563 ) ) ;
#8358 = ORIENTED_EDGE ( 'NONE', *, *, #3503, .F. ) ;
#8359 = CARTESIAN_POINT ( 'NONE',  ( -1.374999999999999112, 0.2000000000000000111, 2.100000000000032951 ) ) ;
#8360 = MECHANICAL_DESIGN_GEOMETRIC_PRESENTATION_REPRESENTATION (  '', ( #727 ), #6425 ) ;
#8361 = ORIENTED_EDGE ( 'NONE', *, *, #3482, .T. ) ;
#8362 = CARTESIAN_POINT ( 'NONE',  ( -2.499999999999967581, 0.2000000000000000111, 0.6250000000000031086 ) ) ;
#8363 = DIRECTION ( 'NONE',  ( 0.000000000000000000, -0.000000000000000000, 1.000000000000000000 ) ) ;
#8364 = CARTESIAN_POINT ( 'NONE',  ( -2.099999999999959677, 0.2000000000000000111, 1.374999999999999112 ) ) ;
#8365 = VECTOR ( 'NONE', #6125, 1000.000000000000000 ) ;
#8366 = LINE ( 'NONE', #5901, #1020 ) ;
#8367 = CARTESIAN_POINT ( 'NONE',  ( 2.165000000000000036, 0.000000000000000000, -1.874999999999998002 ) ) ;
#8369 = DIRECTION ( 'NONE',  ( -9.757819552369538328E-15, 0.000000000000000000, -1.000000000000000000 ) ) ;
#8368 = DIRECTION ( 'NONE',  ( -1.000000000000000000, 0.000000000000000000, 1.439820485060763520E-13 ) ) ;
#8370 = ORIENTED_EDGE ( 'NONE', *, *, #10952, .F. ) ;
#8371 = VERTEX_POINT ( 'NONE', #4266 ) ;
#8372 = VECTOR ( 'NONE', #5651, 1000.000000000000000 ) ;
#8373 = ORIENTED_EDGE ( 'NONE', *, *, #4790, .F. ) ;
#8374 = ORIENTED_EDGE ( 'NONE', *, *, #4511, .T. ) ;
#8375 = SURFACE_STYLE_USAGE ( .BOTH. , #2528 ) ;
#8376 = CARTESIAN_POINT ( 'NONE',  ( 1.874999999999999778, 0.2000000000000000111, -2.165000000000000036 ) ) ;
#8377 = ORIENTED_EDGE ( 'NONE', *, *, #2343, .T. ) ;
#8378 = DIRECTION ( 'NONE',  ( -0.000000000000000000, 1.000000000000000000, 0.000000000000000000 ) ) ;
#8379 = CARTESIAN_POINT ( 'NONE',  ( 1.524999999999999023, 0.04999999999999999584, -1.675000000000001377 ) ) ;
#8380 = UNCERTAINTY_MEASURE_WITH_UNIT (LENGTH_MEASURE( 1.000000000000000082E-05 ), #5621, 'distance_accuracy_value', 'NONE');
#8381 = EDGE_CURVE ( 'NONE', #2194, #7418, #5662, .T. ) ;
#8382 = ORIENTED_EDGE ( 'NONE', *, *, #10956, .F. ) ;
#8383 = EDGE_CURVE ( 'NONE', #5781, #2349, #2646, .T. ) ;
#8384 = ORIENTED_EDGE ( 'NONE', *, *, #2882, .T. ) ;
#8385 = DIRECTION ( 'NONE',  ( 0.7071067811865475727, -0.000000000000000000, 0.7071067811865475727 ) ) ;
#8386 = EDGE_CURVE ( 'NONE', #2847, #117, #5971, .T. ) ;
#8387 = LINE ( 'NONE', #1550, #2860 ) ;
#8388 = ADVANCED_FACE ( 'NONE', ( #8550 ), #930, .F. ) ;
#8389 = CARTESIAN_POINT ( 'NONE',  ( -1.374999999999999112, 0.2000000000000000111, 2.100000000000032951 ) ) ;
#8390 = DIRECTION ( 'NONE',  ( -2.344220913482196012E-15, 0.000000000000000000, -1.000000000000000000 ) ) ;
#8391 = PLANE ( 'NONE',  #3738 ) ;
#8392 = EDGE_CURVE ( 'NONE', #3305, #10033, #9429, .T. ) ;
#8393 = VERTEX_POINT ( 'NONE', #7036 ) ;
#8394 = ADVANCED_FACE ( 'NONE', ( #6084 ), #7977, .F. ) ;
#8396 = LINE ( 'NONE', #7670, #1727 ) ;
#8395 = LINE ( 'NONE', #8503, #7787 ) ;
#8397 = CARTESIAN_POINT ( 'NONE',  ( -1.374999999999998446, 0.2000000000000000111, -2.099999999999968558 ) ) ;
#8398 = DIRECTION ( 'NONE',  ( 1.040834085586084257E-14, 0.000000000000000000, 1.000000000000000000 ) ) ;
#8399 = ORIENTED_EDGE ( 'NONE', *, *, #8524, .T. ) ;
#8400 = LINE ( 'NONE', #830, #4759 ) ;
#8401 = ORIENTED_EDGE ( 'NONE', *, *, #8884, .T. ) ;
#8402 = ORIENTED_EDGE ( 'NONE', *, *, #8042, .F. ) ;
#8403 = VERTEX_POINT ( 'NONE', #1032 ) ;
#8404 = DIRECTION ( 'NONE',  ( -0.000000000000000000, -1.000000000000000000, -0.000000000000000000 ) ) ;
#8405 = DIRECTION ( 'NONE',  ( -9.961107459710568832E-15, 0.000000000000000000, -1.000000000000000000 ) ) ;
#8406 = DIRECTION ( 'NONE',  ( -8.439195288535886079E-14, 0.000000000000000000, 1.000000000000000000 ) ) ;
#8407 = ORIENTED_EDGE ( 'NONE', *, *, #8591, .T. ) ;
#8408 = DIRECTION ( 'NONE',  ( 0.000000000000000000, 1.000000000000000000, 0.000000000000000000 ) ) ;
#8409 = VERTEX_POINT ( 'NONE', #5411 ) ;
#8410 = LINE ( 'NONE', #8985, #7577 ) ;
#8411 = SURFACE_SIDE_STYLE ('',( #10237 ) ) ;
#8412 = FILL_AREA_STYLE ('',( #9250 ) ) ;
#8413 = CARTESIAN_POINT ( 'NONE',  ( 2.500000000000000888, 0.2000000000000000111, 1.624999999999998668 ) ) ;
#8414 = PLANE ( 'NONE',  #7941 ) ;
#8415 = CARTESIAN_POINT ( 'NONE',  ( 1.874999999999999112, 0.2000000000000000111, 2.165000000000000480 ) ) ;
#8417 = CARTESIAN_POINT ( 'NONE',  ( 2.499999999999993783, 0.000000000000000000, 1.874999999999998668 ) ) ;
#8416 = LINE ( 'NONE', #1526, #7794 ) ;
#8418 = VERTEX_POINT ( 'NONE', #8818 ) ;
#8419 = VERTEX_POINT ( 'NONE', #6260 ) ;
#8421 = ORIENTED_EDGE ( 'NONE', *, *, #9803, .F. ) ;
#8420 = DIRECTION ( 'NONE',  ( 0.000000000000000000, -0.000000000000000000, 1.000000000000000000 ) ) ;
#8422 = ORIENTED_EDGE ( 'NONE', *, *, #1317, .F. ) ;
#8423 =( NAMED_UNIT ( * ) PLANE_ANGLE_UNIT ( ) SI_UNIT ( $, .RADIAN. ) );
#8424 = CARTESIAN_POINT ( 'NONE',  ( -2.500000000000000000, 0.04999999999999969746, 1.125000000000000888 ) ) ;
#8425 = ORIENTED_EDGE ( 'NONE', *, *, #8255, .T. ) ;
#8426 = DIRECTION ( 'NONE',  ( -1.439820485060763520E-13, 0.000000000000000000, -1.000000000000000000 ) ) ;
#8427 = CARTESIAN_POINT ( 'NONE',  ( 2.100000000000031619, 0.04999999999999999584, 1.375000000000000222 ) ) ;
#8428 = ORIENTED_EDGE ( 'NONE', *, *, #10692, .F. ) ;
#8429 = VECTOR ( 'NONE', #6499, 1000.000000000000000 ) ;
#8430 = ORIENTED_EDGE ( 'NONE', *, *, #10202, .F. ) ;
#8431 = LINE ( 'NONE', #1765, #4270 ) ;
#8432 = EDGE_LOOP ( 'NONE', ( #213, #9456, #3444, #3440 ) ) ;
#8433 = CARTESIAN_POINT ( 'NONE',  ( 1.125000000000000888, 0.2000000000000000111, 2.100000000000006306 ) ) ;
#8434 = FACE_OUTER_BOUND ( 'NONE', #4288, .T. ) ;
#8435 = EDGE_CURVE ( 'NONE', #600, #9927, #4524, .T. ) ;
#8436 = CARTESIAN_POINT ( 'NONE',  ( -2.499999999999972911, 0.000000000000000000, 0.1250000000000031364 ) ) ;
#8437 = CARTESIAN_POINT ( 'NONE',  ( -2.099999999999973888, 0.05000000000000000278, 2.185751579730747909E-14 ) ) ;
#8438 = CIRCLE ( 'NONE', #7200, 0.1499999999999999667 ) ;
#8439 = EDGE_LOOP ( 'NONE', ( #1277, #9482, #1416, #5473 ) ) ;
#8441 = DIRECTION ( 'NONE',  ( 3.794707603699675727E-15, 0.000000000000000000, 1.000000000000000000 ) ) ;
#8440 = PLANE ( 'NONE',  #3527 ) ;
#8442 = LINE ( 'NONE', #10996, #5230 ) ;
#8443 = CARTESIAN_POINT ( 'NONE',  ( 2.099999999999996980, 0.05000000000000000278, -4.922863918312604210E-15 ) ) ;
#8444 = EDGE_CURVE ( 'NONE', #266, #10993, #8596, .T. ) ;
#8445 = VECTOR ( 'NONE', #477, 1000.000000000000000 ) ;
#8446 = EDGE_LOOP ( 'NONE', ( #6768, #9931, #2914, #2587 ) ) ;
#8447 = VECTOR ( 'NONE', #4439, 1000.000000000000000 ) ;
#8448 = EDGE_CURVE ( 'NONE', #7743, #8371, #360, .T. ) ;
#8449 = EDGE_CURVE ( 'NONE', #2034, #10809, #304, .T. ) ;
#8450 = DIRECTION ( 'NONE',  ( 0.000000000000000000, -1.000000000000000000, 0.000000000000000000 ) ) ;
#8451 = ORIENTED_EDGE ( 'NONE', *, *, #10347, .T. ) ;
#8452 = ORIENTED_EDGE ( 'NONE', *, *, #8533, .F. ) ;
#8453 = ORIENTED_EDGE ( 'NONE', *, *, #8331, .F. ) ;
#8454 = ORIENTED_EDGE ( 'NONE', *, *, #6427, .T. ) ;
#8455 = PLANE ( 'NONE',  #5444 ) ;
#8456 = AXIS2_PLACEMENT_3D ( 'NONE', #10512, #3956, #3735 ) ;
#8457 =( NAMED_UNIT ( * ) PLANE_ANGLE_UNIT ( ) SI_UNIT ( $, .RADIAN. ) );
#8458 =( GEOMETRIC_REPRESENTATION_CONTEXT ( 3 ) GLOBAL_UNCERTAINTY_ASSIGNED_CONTEXT ( ( #35 ) ) GLOBAL_UNIT_ASSIGNED_CONTEXT ( ( #6940, #9485, #5206 ) ) REPRESENTATION_CONTEXT ( 'NONE', 'WORKASPACE' ) );
#8459 = FACE_BOUND ( 'NONE', #2928, .T. ) ;
#8460 = LINE ( 'NONE', #740, #4575 ) ;
#8461 = ADVANCED_FACE ( 'NONE', ( #2749 ), #10416, .F. ) ;
#8462 = ORIENTED_EDGE ( 'NONE', *, *, #8671, .T. ) ;
#8463 = DIRECTION ( 'NONE',  ( -5.825563911862536913E-15, 0.000000000000000000, -1.000000000000000000 ) ) ;
#8464 = EDGE_CURVE ( 'NONE', #7132, #1359, #2909, .T. ) ;
#8465 = ADVANCED_FACE ( 'NONE', ( #7915 ), #6205, .T. ) ;
#8466 = EDGE_LOOP ( 'NONE', ( #9561, #8332, #250, #4529 ) ) ;
#8467 = LINE ( 'NONE', #10130, #2249 ) ;
#8468 = PLANE ( 'NONE',  #2835 ) ;
#8469 =( LENGTH_UNIT ( ) NAMED_UNIT ( * ) SI_UNIT ( .MILLI., .METRE. ) );
#8470 = FACE_OUTER_BOUND ( 'NONE', #1134, .T. ) ;
#8471 = CARTESIAN_POINT ( 'NONE',  ( -0.6250000000000014433, 0.2000000000000000111, 2.099999999999991207 ) ) ;
#8472 = DIRECTION ( 'NONE',  ( 0.000000000000000000, -1.000000000000000000, 0.000000000000000000 ) ) ;
#8473 = VECTOR ( 'NONE', #7634, 1000.000000000000000 ) ;
#8474 = STYLED_ITEM ( 'NONE', ( #5518 ), #6352 ) ;
#8475 = DIRECTION ( 'NONE',  ( 0.000000000000000000, -0.000000000000000000, 1.000000000000000000 ) ) ;
#8476 = VECTOR ( 'NONE', #4251, 1000.000000000000000 ) ;
#8477 = ORIENTED_EDGE ( 'NONE', *, *, #585, .F. ) ;
#8478 = ORIENTED_EDGE ( 'NONE', *, *, #3623, .T. ) ;
#8479 = EDGE_LOOP ( 'NONE', ( #3784, #5422, #7367, #8129 ) ) ;
#8480 = ORIENTED_EDGE ( 'NONE', *, *, #4511, .F. ) ;
#8481 = AXIS2_PLACEMENT_3D ( 'NONE', #7333, #9118, #9008 ) ;
#8482 = AXIS2_PLACEMENT_3D ( 'NONE', #4233, #7510, #4170 ) ;
#8483 = FACE_OUTER_BOUND ( 'NONE', #7598, .T. ) ;
#8484 = CARTESIAN_POINT ( 'NONE',  ( 0.1249999999999977796, 0.2000000000000000111, -2.499999999999984457 ) ) ;
#8485 = AXIS2_PLACEMENT_3D ( 'NONE', #1131, #8536, #1804 ) ;
#8486 = VERTEX_POINT ( 'NONE', #6315 ) ;
#8487 = CARTESIAN_POINT ( 'NONE',  ( -1.125000000000000888, 0.2000000000000000111, -2.100000000000004530 ) ) ;
#8488 = AXIS2_PLACEMENT_3D ( 'NONE', #4776, #7279, #4827 ) ;
#8490 = FACE_OUTER_BOUND ( 'NONE', #1040, .T. ) ;
#8489 = CARTESIAN_POINT ( 'NONE',  ( -1.675000000000000044, 0.2000000000000000111, 1.524999999999998135 ) ) ;
#8491 = ORIENTED_EDGE ( 'NONE', *, *, #5812, .F. ) ;
#8492 = AXIS2_PLACEMENT_3D ( 'NONE', #8324, #10754, #4978 ) ;
#8493 = ORIENTED_EDGE ( 'NONE', *, *, #8991, .T. ) ;
#8494 = VECTOR ( 'NONE', #843, 1000.000000000000000 ) ;
#8495 = AXIS2_PLACEMENT_3D ( 'NONE', #5167, #1620, #1563 ) ;
#8496 = ORIENTED_EDGE ( 'NONE', *, *, #2057, .T. ) ;
#8497 = DIRECTION ( 'NONE',  ( 1.084202172485504276E-14, -0.000000000000000000, 1.000000000000000000 ) ) ;
#8498 = FACE_OUTER_BOUND ( 'NONE', #5596, .T. ) ;
#8499 = LINE ( 'NONE', #5754, #1706 ) ;
#8500 = CARTESIAN_POINT ( 'NONE',  ( 0.000000000000000000, 0.2000000000000000111, 0.000000000000000000 ) ) ;
#8501 = AXIS2_PLACEMENT_3D ( 'NONE', #6921, #9356, #18 ) ;
#8502 = ORIENTED_EDGE ( 'NONE', *, *, #5530, .F. ) ;
#8504 = LINE ( 'NONE', #890, #3137 ) ;
#8503 = CARTESIAN_POINT ( 'NONE',  ( -0.1250000000000022204, 0.2000000000000000111, -2.499999999999972022 ) ) ;
#8505 = FACE_OUTER_BOUND ( 'NONE', #51, .T. ) ;
#8506 = VECTOR ( 'NONE', #4833, 1000.000000000000000 ) ;
#8507 = AXIS2_PLACEMENT_3D ( 'NONE', #8487, #8426, #9157 ) ;
#8508 = CARTESIAN_POINT ( 'NONE',  ( 0.3749999999999977796, 0.000000000000000000, -2.499999999999976907 ) ) ;
#8509 = ORIENTED_EDGE ( 'NONE', *, *, #6430, .F. ) ;
#8510 = DIRECTION ( 'NONE',  ( -0.000000000000000000, -1.000000000000000000, -0.000000000000000000 ) ) ;
#8511 = EDGE_CURVE ( 'NONE', #8933, #4066, #1861, .T. ) ;
#8512 = LINE ( 'NONE', #6898, #191 ) ;
#8513 = EDGE_LOOP ( 'NONE', ( #7662, #5447, #741, #6170 ) ) ;
#8514 = VERTEX_POINT ( 'NONE', #10360 ) ;
#8515 = ORIENTED_EDGE ( 'NONE', *, *, #1459, .T. ) ;
#8516 = LINE ( 'NONE', #2840, #5144 ) ;
#8517 = LINE ( 'NONE', #1571, #1600 ) ;
#8518 = CIRCLE ( 'NONE', #4606, 0.2500000000000000000 ) ;
#8519 = LINE ( 'NONE', #6690, #8840 ) ;
#8520 = ADVANCED_FACE ( 'NONE', ( #5305 ), #9476, .F. ) ;
#8521 = CARTESIAN_POINT ( 'NONE',  ( 0.000000000000000000, 0.2000000000000000111, 0.000000000000000000 ) ) ;
#8522 = EDGE_LOOP ( 'NONE', ( #4458, #8722, #5944, #10186 ) ) ;
#8523 = EDGE_CURVE ( 'NONE', #4916, #744, #197, .T. ) ;
#8524 = EDGE_CURVE ( 'NONE', #4829, #7156, #7750, .T. ) ;
#8525 = ADVANCED_FACE ( 'NONE', ( #8649 ), #2811, .F. ) ;
#8526 = STYLED_ITEM ( 'NONE', ( #10565 ), #2685 ) ;
#8527 = EDGE_LOOP ( 'NONE', ( #1632, #10712, #7475, #5216 ) ) ;
#8528 = EDGE_CURVE ( 'NONE', #5811, #5026, #5362, .T. ) ;
#8529 = DIRECTION ( 'NONE',  ( 1.000000000000000000, -0.000000000000000000, -3.794707603699675727E-15 ) ) ;
#8530 = EDGE_CURVE ( 'NONE', #1891, #5479, #6985, .T. ) ;
#8531 =( NAMED_UNIT ( * ) SI_UNIT ( $, .STERADIAN. ) SOLID_ANGLE_UNIT ( ) );
#8532 = CARTESIAN_POINT ( 'NONE',  ( -2.000000000000000000, 1.000000000000000000, -2.000000000000000000 ) ) ;
#8533 = EDGE_CURVE ( 'NONE', #476, #1, #3126, .T. ) ;
#8534 = PLANE ( 'NONE',  #3502 ) ;
#8535 = EDGE_CURVE ( 'NONE', #10286, #836, #5471, .T. ) ;
#8536 = DIRECTION ( 'NONE',  ( -3.794707603699675727E-15, 0.000000000000000000, -1.000000000000000000 ) ) ;
#8537 = FACE_OUTER_BOUND ( 'NONE', #5631, .T. ) ;
#8538 = VECTOR ( 'NONE', #9322, 1000.000000000000000 ) ;
#8539 = ORIENTED_EDGE ( 'NONE', *, *, #4379, .F. ) ;
#8540 = VECTOR ( 'NONE', #5878, 1000.000000000000000 ) ;
#8542 = ORIENTED_EDGE ( 'NONE', *, *, #8660, .F. ) ;
#8541 = DIRECTION ( 'NONE',  ( 1.439820485060763520E-13, -0.000000000000000000, 1.000000000000000000 ) ) ;
#8543 = ORIENTED_EDGE ( 'NONE', *, *, #506, .F. ) ;
#8544 = VECTOR ( 'NONE', #351, 1000.000000000000000 ) ;
#8545 = DIRECTION ( 'NONE',  ( 1.040834085586083468E-14, -0.000000000000000000, 1.000000000000000000 ) ) ;
#8546 = CARTESIAN_POINT ( 'NONE',  ( -2.499999999999962252, 0.000000000000000000, 1.125000000000003109 ) ) ;
#8547 = VERTEX_POINT ( 'NONE', #8875 ) ;
#8548 = EDGE_CURVE ( 'NONE', #6516, #5700, #4811, .T. ) ;
#8549 = LINE ( 'NONE', #9475, #4416 ) ;
#8551 = LINE ( 'NONE', #931, #8970 ) ;
#8550 = FACE_OUTER_BOUND ( 'NONE', #2129, .T. ) ;
#8552 = ORIENTED_EDGE ( 'NONE', *, *, #6771, .T. ) ;
#8553 = VECTOR ( 'NONE', #5817, 1000.000000000000000 ) ;
#8554 = VERTEX_POINT ( 'NONE', #2187 ) ;
#8555 = SURFACE_SIDE_STYLE ('',( #2378 ) ) ;
#8556 = ORIENTED_EDGE ( 'NONE', *, *, #7304, .F. ) ;
#8557 = CARTESIAN_POINT ( 'NONE',  ( 2.099999999999969447, 0.000000000000000000, -1.374999999999997558 ) ) ;
#8558 = DIRECTION ( 'NONE',  ( -1.000000000000000000, -0.000000000000000000, 1.084202172485504118E-14 ) ) ;
#8559 = CARTESIAN_POINT ( 'NONE',  ( 1.625000000000002442, 0.2000000000000000111, 2.499999999999957367 ) ) ;
#8560 = LINE ( 'NONE', #2708, #857 ) ;
#8561 = VERTEX_POINT ( 'NONE', #9748 ) ;
#8563 = CARTESIAN_POINT ( 'NONE',  ( 2.165000000000000924, 0.000000000000000000, 1.875000000000000666 ) ) ;
#8562 = DIRECTION ( 'NONE',  ( 1.084202172485504276E-14, -0.000000000000000000, 1.000000000000000000 ) ) ;
#8564 = PLANE ( 'NONE',  #978 ) ;
#8565 = CARTESIAN_POINT ( 'NONE',  ( 2.499999999999962252, 0.000000000000000000, -1.125000000000001332 ) ) ;
#8566 = ORIENTED_EDGE ( 'NONE', *, *, #1050, .F. ) ;
#8567 = CARTESIAN_POINT ( 'NONE',  ( -0.6250000000000022204, 0.2000000000000000111, -2.499999999999966693 ) ) ;
#8568 = CARTESIAN_POINT ( 'NONE',  ( -2.499999999999985789, 0.2000000000000000111, -1.124999999999996891 ) ) ;
#8569 = ORIENTED_EDGE ( 'NONE', *, *, #10476, .T. ) ;
#8570 = ORIENTED_EDGE ( 'NONE', *, *, #3373, .T. ) ;
#8571 = ORIENTED_EDGE ( 'NONE', *, *, #4025, .F. ) ;
#8572 = CARTESIAN_POINT ( 'NONE',  ( 0.6249999999999978906, 0.2000000000000000111, -2.499999999999989786 ) ) ;
#8573 = DIRECTION ( 'NONE',  ( -0.000000000000000000, -1.000000000000000000, -0.000000000000000000 ) ) ;
#8574 = FACE_OUTER_BOUND ( 'NONE', #8334, .T. ) ;
#8575 = ORIENTED_EDGE ( 'NONE', *, *, #27, .F. ) ;
#8576 = ORIENTED_EDGE ( 'NONE', *, *, #8924, .F. ) ;
#8577 = CARTESIAN_POINT ( 'NONE',  ( 0.1250000000000017208, 0.2000000000000000111, -2.099999999999984102 ) ) ;
#8578 = DIRECTION ( 'NONE',  ( -9.757819552369536751E-15, 0.000000000000000000, -1.000000000000000000 ) ) ;
#8579 = EDGE_CURVE ( 'NONE', #6300, #5479, #634, .T. ) ;
#8580 = FACE_OUTER_BOUND ( 'NONE', #8821, .T. ) ;
#8581 = ADVANCED_FACE ( 'NONE', ( #5627 ), #8028, .T. ) ;
#8582 = DIRECTION ( 'NONE',  ( -2.168404344970728034E-15, 0.000000000000000000, -1.000000000000000000 ) ) ;
#8583 = DIRECTION ( 'NONE',  ( 0.000000000000000000, -1.000000000000000000, 0.000000000000000000 ) ) ;
#8584 = CARTESIAN_POINT ( 'NONE',  ( -1.374999999999998224, 0.04999999999999969746, 2.500000000000000000 ) ) ;
#8585 = CARTESIAN_POINT ( 'NONE',  ( -1.675000000000000044, 0.2000000000000000111, 1.524999999999998135 ) ) ;
#8586 = EDGE_CURVE ( 'NONE', #4792, #2171, #3027, .T. ) ;
#8587 = EDGE_CURVE ( 'NONE', #4757, #4135, #5690, .T. ) ;
#8588 = EDGE_CURVE ( 'NONE', #9844, #8728, #7412, .T. ) ;
#8590 = ORIENTED_EDGE ( 'NONE', *, *, #8660, .T. ) ;
#8589 = PRESENTATION_STYLE_ASSIGNMENT (( #1806 ) ) ;
#8591 = EDGE_CURVE ( 'NONE', #9101, #7452, #7257, .T. ) ;
#8592 = DIRECTION ( 'NONE',  ( -1.000000000000000000, 0.000000000000000000, 3.794707603699675727E-15 ) ) ;
#8593 = FACE_OUTER_BOUND ( 'NONE', #8439, .T. ) ;
#8594 = VERTEX_POINT ( 'NONE', #10578 ) ;
#8595 = CARTESIAN_POINT ( 'NONE',  ( 0.3749999999999977796, 0.2000000000000000111, -2.499999999999976907 ) ) ;
#8597 = DIRECTION ( 'NONE',  ( 0.000000000000000000, 1.000000000000000000, 0.000000000000000000 ) ) ;
#8596 = LINE ( 'NONE', #9684, #6738 ) ;
#8598 = ORIENTED_EDGE ( 'NONE', *, *, #2192, .T. ) ;
#8599 = ORIENTED_EDGE ( 'NONE', *, *, #641, .T. ) ;
#8600 = EDGE_CURVE ( 'NONE', #4507, #3748, #7357, .T. ) ;
#8601 = EDGE_CURVE ( 'NONE', #2190, #8228, #6437, .T. ) ;
#8602 = SURFACE_STYLE_FILL_AREA ( #202 ) ;
#8603 = ORIENTED_EDGE ( 'NONE', *, *, #1997, .F. ) ;
#8604 = DIRECTION ( 'NONE',  ( -0.000000000000000000, -1.000000000000000000, -0.000000000000000000 ) ) ;
#8605 = CARTESIAN_POINT ( 'NONE',  ( -2.099999999999962341, 0.2000000000000000111, 1.124999999999998890 ) ) ;
#8606 = DIRECTION ( 'NONE',  ( -0.7071067811865474617, 0.000000000000000000, -0.7071067811865474617 ) ) ;
#8607 = DIRECTION ( 'NONE',  ( 1.000000000000000000, -0.000000000000000000, -3.794707603699675727E-15 ) ) ;
#8608 = VERTEX_POINT ( 'NONE', #2076 ) ;
#8610 = LINE ( 'NONE', #7825, #5445 ) ;
#8609 = CARTESIAN_POINT ( 'NONE',  ( -2.499999999999977796, 0.2000000000000000111, -0.3749999999999968914 ) ) ;
#8611 = ADVANCED_FACE ( 'NONE', ( #10743 ), #1474, .T. ) ;
#8612 = CARTESIAN_POINT ( 'NONE',  ( 1.374999999999999334, 0.2000000000000000111, -2.100000000000030731 ) ) ;
#8613 = CARTESIAN_POINT ( 'NONE',  ( -2.499999999999962252, 0.2000000000000000111, 1.125000000000003109 ) ) ;
#8614 = ORIENTED_EDGE ( 'NONE', *, *, #3570, .T. ) ;
#8615 = CARTESIAN_POINT ( 'NONE',  ( 2.499999999999985345, 0.2000000000000000111, 0.1249999999999985151 ) ) ;
#8616 = VECTOR ( 'NONE', #1434, 1000.000000000000000 ) ;
#8617 = CARTESIAN_POINT ( 'NONE',  ( -2.099999999999982769, 0.000000000000000000, -0.8750000000000012212 ) ) ;
#8618 = ORIENTED_EDGE ( 'NONE', *, *, #5993, .F. ) ;
#8619 = VERTEX_POINT ( 'NONE', #6382 ) ;
#8620 = ORIENTED_EDGE ( 'NONE', *, *, #1603, .F. ) ;
#8621 = DIRECTION ( 'NONE',  ( 0.000000000000000000, 1.000000000000000000, 0.000000000000000000 ) ) ;
#8622 = SURFACE_STYLE_USAGE ( .BOTH. , #7884 ) ;
#8623 = DIRECTION ( 'NONE',  ( -0.000000000000000000, -1.000000000000000000, -0.000000000000000000 ) ) ;
#8624 = DIRECTION ( 'NONE',  ( 0.000000000000000000, 0.000000000000000000, -1.000000000000000000 ) ) ;
#8625 = CARTESIAN_POINT ( 'NONE',  ( -2.499999999999983125, 0.2000000000000000111, -0.8749999999999968914 ) ) ;
#8626 = ORIENTED_EDGE ( 'NONE', *, *, #8947, .F. ) ;
#8627 = VECTOR ( 'NONE', #3028, 1000.000000000000000 ) ;
#8628 = ORIENTED_EDGE ( 'NONE', *, *, #3429, .T. ) ;
#8629 = AXIS2_PLACEMENT_3D ( 'NONE', #8890, #2154, #3940 ) ;
#8630 = DIRECTION ( 'NONE',  ( -1.000000000000000000, 0.000000000000000000, 3.794707603699675727E-15 ) ) ;
#8631 = CARTESIAN_POINT ( 'NONE',  ( 1.375000000000002442, 0.2000000000000000111, 2.499999999999970246 ) ) ;
#8632 = DIRECTION ( 'NONE',  ( 1.000000000000000000, 0.000000000000000000, -1.457167719820531843E-13 ) ) ;
#8633 = EDGE_CURVE ( 'NONE', #6139, #8899, #4857, .T. ) ;
#8634 = LINE ( 'NONE', #9462, #10443 ) ;
#8635 = DIRECTION ( 'NONE',  ( 2.949029909160572061E-14, 0.000000000000000000, -1.000000000000000000 ) ) ;
#8636 = CARTESIAN_POINT ( 'NONE',  ( -2.499999999999959588, 0.2000000000000000111, 1.375000000000003109 ) ) ;
#8637 = LINE ( 'NONE', #9417, #692 ) ;
#8638 = VECTOR ( 'NONE', #9019, 1000.000000000000000 ) ;
#8639 = CLOSED_SHELL ( 'NONE', ( #5868, #238, #5188, #525, #6478, #3898, #5725, #10487, #8735, #7415, #6066, #8314, #5189, #440, #8388, #10758, #7997, #9134, #7553, #10691, #8239, #7984, #3015, #8194, #6488, #2831, #4629, #8100, #5238, #10827, #4312, #6966, #6965, #6555, #10896, #290, #2476, #15, #9952, #4705, #6123, #642, #4243, #5036, #5513, #1240, #3074, #4161, #9138, #4981, #9088, #863, #9667, #3139, #10760, #7582, #8731, #6968, #9716, #6278, #7424, #1303, #3014, #3147, #9342, #9858, #2413, #2292, #4789, #3756, #7024, #9789, #10139, #5528, #8742, #5916, #6152, #5339, #1663, #6615, #1938, #4038, #2344, #5930, #9746, #10002, #10537, #10551, #4448, #3020, #2341, #6632, #7029, #2730, #5718, #5375, #3752, #9726, #8996, #6769, #3675, #9269, #6274, #1253, #4177, #5854, #2679, #4801, #7837, #8465, #6767, #1811, #9466, #10544, #7898, #1734, #5120, #7348, #1515, #7448, #4159, #8044, #2588, #7143, #1729, #7297, #10814, #9340, #6208, #3766, #6335, #8204, #4298, #10205, #8865, #6823, #3917, #8611, #6213, #4454, #3496, #4645, #10153, #2397, #10511, #6445, #625, #5588, #1300, #3960, #2338, #7901, #509, #2466 ) ) ;
#8640 = VECTOR ( 'NONE', #354, 1000.000000000000000 ) ;
#8642 = ORIENTED_EDGE ( 'NONE', *, *, #5243, .T. ) ;
#8641 =( NAMED_UNIT ( * ) SI_UNIT ( $, .STERADIAN. ) SOLID_ANGLE_UNIT ( ) );
#8643 = CARTESIAN_POINT ( 'NONE',  ( 2.100000000000010747, 0.2000000000000000111, -0.6249999999999998890 ) ) ;
#8644 = VECTOR ( 'NONE', #4181, 1000.000000000000000 ) ;
#8645 = FACE_OUTER_BOUND ( 'NONE', #1930, .T. ) ;
#8646 = CARTESIAN_POINT ( 'NONE',  ( 0.000000000000000000, 0.2000000000000000111, 0.000000000000000000 ) ) ;
#8647 = VERTEX_POINT ( 'NONE', #8076 ) ;
#8648 = CARTESIAN_POINT ( 'NONE',  ( -0.3749999999999991118, 0.2000000000000000111, 2.100000000000021849 ) ) ;
#8650 = LINE ( 'NONE', #10417, #2221 ) ;
#8649 = FACE_OUTER_BOUND ( 'NONE', #5505, .T. ) ;
#8651 = ADVANCED_FACE ( 'NONE', ( #8250 ), #3859, .T. ) ;
#8652 = EDGE_CURVE ( 'NONE', #3610, #7600, #10804, .T. ) ;
#8653 = EDGE_LOOP ( 'NONE', ( #6177, #4242, #1668, #306 ) ) ;
#8654 = VERTEX_POINT ( 'NONE', #4748 ) ;
#8655 = EDGE_CURVE ( 'NONE', #10809, #3933, #3193, .T. ) ;
#8656 = VECTOR ( 'NONE', #9093, 1000.000000000000000 ) ;
#8657 = AXIS2_PLACEMENT_3D ( 'NONE', #9947, #1714, #2334 ) ;
#8658 = VERTEX_POINT ( 'NONE', #3075 ) ;
#8659 = VERTEX_POINT ( 'NONE', #2243 ) ;
#8660 = EDGE_CURVE ( 'NONE', #5200, #7314, #10907, .T. ) ;
#8661 = CARTESIAN_POINT ( 'NONE',  ( 2.100000000000010747, 0.2000000000000000111, -0.6249999999999998890 ) ) ;
#8662 = VECTOR ( 'NONE', #962, 1000.000000000000000 ) ;
#8663 = CARTESIAN_POINT ( 'NONE',  ( -1.624999999999997558, 0.2000000000000000111, 2.500000000000002220 ) ) ;
#8664 = VECTOR ( 'NONE', #613, 1000.000000000000000 ) ;
#8665 = CARTESIAN_POINT ( 'NONE',  ( 0.000000000000000000, 0.000000000000000000, 0.000000000000000000 ) ) ;
#8666 = EDGE_CURVE ( 'NONE', #4725, #4047, #1588, .T. ) ;
#8667 = DIRECTION ( 'NONE',  ( -3.930232875260377980E-15, -0.000000000000000000, -1.000000000000000000 ) ) ;
#8668 = EDGE_LOOP ( 'NONE', ( #7708, #3171, #5178, #2509 ) ) ;
#8670 = CARTESIAN_POINT ( 'NONE',  ( -1.874999999999998890, 0.2000000000000000111, -2.164999999999999591 ) ) ;
#8669 = FACE_OUTER_BOUND ( 'NONE', #3590, .T. ) ;
#8671 = EDGE_CURVE ( 'NONE', #2430, #3130, #4133, .T. ) ;
#8672 = CARTESIAN_POINT ( 'NONE',  ( -2.499999999999988454, 0.2000000000000000111, -1.374999999999996891 ) ) ;
#8673 = CIRCLE ( 'NONE', #10962, 0.1499999999999999667 ) ;
#8674 = ADVANCED_FACE ( 'NONE', ( #8537 ), #5960, .F. ) ;
#8675 = LINE ( 'NONE', #9651, #7208 ) ;
#8676 = VECTOR ( 'NONE', #5678, 1000.000000000000000 ) ;
#8677 = MECHANICAL_DESIGN_GEOMETRIC_PRESENTATION_REPRESENTATION (  '', ( #3513 ), #2976 ) ;
#8678 = ORIENTED_EDGE ( 'NONE', *, *, #2064, .F. ) ;
#8679 = DIRECTION ( 'NONE',  ( 9.893344823930226383E-15, -0.000000000000000000, 1.000000000000000000 ) ) ;
#8680 = AXIS2_PLACEMENT_3D ( 'NONE', #6928, #4313, #1757 ) ;
#8681 = CARTESIAN_POINT ( 'NONE',  ( 0.3749999999999977796, 0.2000000000000000111, -2.499999999999976907 ) ) ;
#8682 = ORIENTED_EDGE ( 'NONE', *, *, #10197, .T. ) ;
#8683 = ORIENTED_EDGE ( 'NONE', *, *, #3559, .F. ) ;
#8684 = ORIENTED_EDGE ( 'NONE', *, *, #4460, .F. ) ;
#8685 = LINE ( 'NONE', #1114, #8161 ) ;
#8686 = VECTOR ( 'NONE', #413, 1000.000000000000000 ) ;
#8687 = EDGE_LOOP ( 'NONE', ( #9479, #8958, #3308, #8477 ) ) ;
#8688 = VECTOR ( 'NONE', #4435, 1000.000000000000000 ) ;
#8689 =( LENGTH_UNIT ( ) NAMED_UNIT ( * ) SI_UNIT ( .MILLI., .METRE. ) );
#8690 = DIRECTION ( 'NONE',  ( 0.000000000000000000, -0.000000000000000000, 1.000000000000000000 ) ) ;
#8691 = DIRECTION ( 'NONE',  ( 0.000000000000000000, 0.000000000000000000, -1.000000000000000000 ) ) ;
#8692 = DIRECTION ( 'NONE',  ( 1.000000000000000000, -0.000000000000000000, -0.000000000000000000 ) ) ;
#8693 = ORIENTED_EDGE ( 'NONE', *, *, #6140, .T. ) ;
#8694 = VECTOR ( 'NONE', #4299, 1000.000000000000000 ) ;
#8695 = AXIS2_PLACEMENT_3D ( 'NONE', #2808, #6204, #8767 ) ;
#8696 = ORIENTED_EDGE ( 'NONE', *, *, #1246, .F. ) ;
#8697 = CARTESIAN_POINT ( 'NONE',  ( 0.3749999999999977796, 0.000000000000000000, -2.499999999999976907 ) ) ;
#8698 = CIRCLE ( 'NONE', #3897, 0.2500000000000000000 ) ;
#8699 = CARTESIAN_POINT ( 'NONE',  ( 1.525000000000000133, 0.2000000000000000111, 1.524999999999998801 ) ) ;
#8700 = CARTESIAN_POINT ( 'NONE',  ( 1.625000000000001110, 0.000000000000000000, 2.100000000000000533 ) ) ;
#8701 = LINE ( 'NONE', #8759, #9221 ) ;
#8702 = LINE ( 'NONE', #6859, #4062 ) ;
#8703 = PRODUCT ( 'RTL8201F-VB-CG', 'RTL8201F-VB-CG', '', ( #1307 ) ) ;
#8704 = VECTOR ( 'NONE', #7679, 1000.000000000000000 ) ;
#8705 = VECTOR ( 'NONE', #6523, 1000.000000000000000 ) ;
#8707 = ORIENTED_EDGE ( 'NONE', *, *, #10338, .T. ) ;
#8706 = CARTESIAN_POINT ( 'NONE',  ( -0.6249999999999975575, 0.04999999999999999584, 2.499999999999991562 ) ) ;
#8708 = CYLINDRICAL_SURFACE ( 'NONE', #111, 0.2500000000000000000 ) ;
#8709 = CARTESIAN_POINT ( 'NONE',  ( 1.625000000000001554, 0.2000000000000000111, -2.100000000000000089 ) ) ;
#8710 = CARTESIAN_POINT ( 'NONE',  ( 0.1250000000000009159, 0.2000000000000000111, 2.100000000000016964 ) ) ;
#8711 = STYLED_ITEM ( 'NONE', ( #7263 ), #9991 ) ;
#8712 = ORIENTED_EDGE ( 'NONE', *, *, #7846, .F. ) ;
#8713 = DIRECTION ( 'NONE',  ( -1.000000000000000000, -0.000000000000000000, 1.439820485060763520E-13 ) ) ;
#8715 = CARTESIAN_POINT ( 'NONE',  ( -0.6250000000000022204, 0.000000000000000000, -2.499999999999966693 ) ) ;
#8714 = DIRECTION ( 'NONE',  ( 0.7071067811865474617, 0.000000000000000000, -0.7071067811865474617 ) ) ;
#8716 = ORIENTED_EDGE ( 'NONE', *, *, #426, .F. ) ;
#8717 = AXIS2_PLACEMENT_3D ( 'NONE', #2212, #10717, #3096 ) ;
#8718 = ORIENTED_EDGE ( 'NONE', *, *, #1180, .T. ) ;
#8719 = PRESENTATION_LAYER_ASSIGNMENT (  '', '', ( #6946 ) ) ;
#8721 = ORIENTED_EDGE ( 'NONE', *, *, #7766, .T. ) ;
#8720 = PRESENTATION_STYLE_ASSIGNMENT (( #8822 ) ) ;
#8722 = ORIENTED_EDGE ( 'NONE', *, *, #4632, .F. ) ;
#8723 = DIRECTION ( 'NONE',  ( -9.893344823930226383E-15, 0.000000000000000000, -1.000000000000000000 ) ) ;
#8724 = EDGE_CURVE ( 'NONE', #7865, #2703, #9360, .T. ) ;
#8725 = CARTESIAN_POINT ( 'NONE',  ( -2.499999999999975131, 0.000000000000000000, -0.1249999999999968636 ) ) ;
#8726 = DIRECTION ( 'NONE',  ( -0.000000000000000000, 1.000000000000000000, 0.000000000000000000 ) ) ;
#8727 = FACE_OUTER_BOUND ( 'NONE', #1869, .T. ) ;
#8728 = VERTEX_POINT ( 'NONE', #5793 ) ;
#8730 = CARTESIAN_POINT ( 'NONE',  ( 0.000000000000000000, 0.000000000000000000, 0.000000000000000000 ) ) ;
#8729 = CARTESIAN_POINT ( 'NONE',  ( -0.6249999999999975575, 0.2000000000000000111, 2.499999999999991562 ) ) ;
#8731 = ADVANCED_FACE ( 'NONE', ( #4302 ), #9974, .T. ) ;
#8732 = DIRECTION ( 'NONE',  ( 1.000000000000000000, 0.000000000000000000, 2.949029909160572061E-14 ) ) ;
#8733 = VECTOR ( 'NONE', #1949, 1000.000000000000000 ) ;
#8734 = CARTESIAN_POINT ( 'NONE',  ( -1.124999999999997558, 0.2000000000000000111, 2.499999999999996447 ) ) ;
#8735 = ADVANCED_FACE ( 'NONE', ( #5072 ), #10185, .T. ) ;
#8736 = ORIENTED_EDGE ( 'NONE', *, *, #6430, .T. ) ;
#8737 = EDGE_CURVE ( 'NONE', #9032, #7835, #3458, .T. ) ;
#8738 = DIRECTION ( 'NONE',  ( -1.000000000000000000, 0.000000000000000000, 1.002887009549091286E-14 ) ) ;
#8739 = ADVANCED_FACE ( 'NONE', ( #5018 ), #751, .F. ) ;
#8740 = DIRECTION ( 'NONE',  ( -0.000000000000000000, -1.000000000000000000, -0.000000000000000000 ) ) ;
#8741 = PRESENTATION_LAYER_ASSIGNMENT (  '', '', ( #7667 ) ) ;
#8742 = ADVANCED_FACE ( 'NONE', ( #2472 ), #7642, .T. ) ;
#8743 = EDGE_LOOP ( 'NONE', ( #4228, #10970, #4304, #3177 ) ) ;
#8744 = ORIENTED_EDGE ( 'NONE', *, *, #7707, .F. ) ;
#8745 = ORIENTED_EDGE ( 'NONE', *, *, #5249, .F. ) ;
#8746 = LINE ( 'NONE', #1323, #3209 ) ;
#8747 = VERTEX_POINT ( 'NONE', #9146 ) ;
#8748 = CARTESIAN_POINT ( 'NONE',  ( 0.1250000000000025258, 0.2000000000000000111, 2.499999999999973799 ) ) ;
#8749 = PLANE ( 'NONE',  #2624 ) ;
#8750 = CARTESIAN_POINT ( 'NONE',  ( 1.675000000000000044, 0.2000000000000000111, 1.524999999999997691 ) ) ;
#8751 = ORIENTED_EDGE ( 'NONE', *, *, #10491, .F. ) ;
#8752 = PRODUCT_DEFINITION_FORMATION_WITH_SPECIFIED_SOURCE ( 'ANY', '', #8703, .NOT_KNOWN. ) ;
#8753 = ORIENTED_EDGE ( 'NONE', *, *, #9806, .T. ) ;
#8754 = EDGE_CURVE ( 'NONE', #4532, #8514, #9255, .T. ) ;
#8755 = ORIENTED_EDGE ( 'NONE', *, *, #9868, .T. ) ;
#8756 = ORIENTED_EDGE ( 'NONE', *, *, #3352, .T. ) ;
#8757 = CARTESIAN_POINT ( 'NONE',  ( -0.3749999999999975020, 0.2000000000000000111, 2.499999999999978684 ) ) ;
#8758 = LINE ( 'NONE', #5352, #5624 ) ;
#8759 = CARTESIAN_POINT ( 'NONE',  ( 2.100000000000031619, 0.2000000000000000111, 1.375000000000000222 ) ) ;
#8760 = CARTESIAN_POINT ( 'NONE',  ( 2.499999999999962252, 0.2000000000000000111, -1.125000000000001332 ) ) ;
#8762 = ORIENTED_EDGE ( 'NONE', *, *, #5035, .F. ) ;
#8761 = FACE_OUTER_BOUND ( 'NONE', #5253, .T. ) ;
#8763 = CARTESIAN_POINT ( 'NONE',  ( 1.125000000000001554, 0.000000000000000000, -2.099999999999994760 ) ) ;
#8764 = FILL_AREA_STYLE ('',( #4470 ) ) ;
#8765 = DIRECTION ( 'NONE',  ( -1.029992063861229055E-14, 0.000000000000000000, -1.000000000000000000 ) ) ;
#8766 = EDGE_LOOP ( 'NONE', ( #7259, #8959, #10329, #1601 ) ) ;
#8767 = DIRECTION ( 'NONE',  ( -1.000000000000000000, 0.000000000000000000, 1.029992063861229055E-14 ) ) ;
#8769 = FACE_OUTER_BOUND ( 'NONE', #2773, .T. ) ;
#8768 = DIRECTION ( 'NONE',  ( -0.000000000000000000, -1.000000000000000000, -0.000000000000000000 ) ) ;
#8770 = VERTEX_POINT ( 'NONE', #861 ) ;
#8771 = ORIENTED_EDGE ( 'NONE', *, *, #2736, .T. ) ;
#8773 = ORIENTED_EDGE ( 'NONE', *, *, #7981, .T. ) ;
#8772 = CARTESIAN_POINT ( 'NONE',  ( 1.625000000000001554, 0.2000000000000000111, -2.100000000000000089 ) ) ;
#8774 = ORIENTED_EDGE ( 'NONE', *, *, #9336, .F. ) ;
#8775 = DIRECTION ( 'NONE',  ( 2.344220913482196012E-15, 0.000000000000000000, 1.000000000000000000 ) ) ;
#8776 = LINE ( 'NONE', #7158, #1340 ) ;
#8777 = LINE ( 'NONE', #9645, #9348 ) ;
#8778 = CARTESIAN_POINT ( 'NONE',  ( -0.3749999999999975020, 0.2000000000000000111, 2.499999999999978684 ) ) ;
#8779 = ORIENTED_EDGE ( 'NONE', *, *, #294, .T. ) ;
#8781 = LINE ( 'NONE', #1989, #4206 ) ;
#8780 = DIRECTION ( 'NONE',  ( -9.757819552369536751E-15, 0.000000000000000000, -1.000000000000000000 ) ) ;
#8782 = DIRECTION ( 'NONE',  ( -1.000000000000000000, 0.000000000000000000, 1.040834085586083468E-14 ) ) ;
#8783 = FACE_BOUND ( 'NONE', #782, .T. ) ;
#8784 = LINE ( 'NONE', #1157, #1216 ) ;
#8785 = DIRECTION ( 'NONE',  ( -1.000000000000000000, 0.000000000000000000, -2.949029909160572061E-14 ) ) ;
#8786 = ORIENTED_EDGE ( 'NONE', *, *, #4901, .T. ) ;
#8787 = VERTEX_POINT ( 'NONE', #5738 ) ;
#8788 = LINE ( 'NONE', #5497, #6232 ) ;
#8789 = ORIENTED_EDGE ( 'NONE', *, *, #6025, .F. ) ;
#8790 = DIRECTION ( 'NONE',  ( 0.000000000000000000, -0.000000000000000000, -1.000000000000000000 ) ) ;
#8791 = CARTESIAN_POINT ( 'NONE',  ( 2.499999999999972911, 0.2000000000000000111, -0.1250000000000014988 ) ) ;
#8792 = DIRECTION ( 'NONE',  ( 0.000000000000000000, -1.000000000000000000, 0.000000000000000000 ) ) ;
#8793 = ORIENTED_EDGE ( 'NONE', *, *, #3703, .F. ) ;
#8794 = EDGE_CURVE ( 'NONE', #10735, #9434, #22, .T. ) ;
#8795 = EDGE_CURVE ( 'NONE', #9393, #6126, #8416, .T. ) ;
#8796 = ORIENTED_EDGE ( 'NONE', *, *, #732, .F. ) ;
#8797 = VECTOR ( 'NONE', #8732, 1000.000000000000000 ) ;
#8798 = EDGE_CURVE ( 'NONE', #293, #2608, #2573, .T. ) ;
#8799 = ORIENTED_EDGE ( 'NONE', *, *, #3416, .F. ) ;
#8800 = EDGE_LOOP ( 'NONE', ( #1456, #1302, #3809, #1428 ) ) ;
#8801 = LINE ( 'NONE', #8577, #100 ) ;
#8802 = CARTESIAN_POINT ( 'NONE',  ( 0.6250000000000009992, 0.2000000000000000111, 2.100000000000011635 ) ) ;
#8803 = EDGE_CURVE ( 'NONE', #10612, #6604, #7579, .T. ) ;
#8804 = VECTOR ( 'NONE', #10744, 1000.000000000000000 ) ;
#8805 = DIRECTION ( 'NONE',  ( -0.000000000000000000, 1.000000000000000000, 0.000000000000000000 ) ) ;
#8806 = CARTESIAN_POINT ( 'NONE',  ( -1.874999999999997558, 0.04999999999999999584, 2.499999999999994671 ) ) ;
#8807 = LINE ( 'NONE', #5294, #7070 ) ;
#8808 = EDGE_CURVE ( 'NONE', #1344, #2171, #10966, .T. ) ;
#8809 = VECTOR ( 'NONE', #9607, 1000.000000000000000 ) ;
#8811 = VERTEX_POINT ( 'NONE', #6764 ) ;
#8810 = LINE ( 'NONE', #6476, #2322 ) ;
#8812 = LINE ( 'NONE', #1188, #5255 ) ;
#8813 = CARTESIAN_POINT ( 'NONE',  ( -1.874999999999997558, 0.000000000000000000, 2.499999999999994671 ) ) ;
#8814 = CARTESIAN_POINT ( 'NONE',  ( 2.499999999999972911, 0.2000000000000000111, -0.1250000000000014988 ) ) ;
#8815 = ORIENTED_EDGE ( 'NONE', *, *, #1399, .F. ) ;
#8816 = PLANE ( 'NONE',  #8695 ) ;
#8817 = AXIS2_PLACEMENT_3D ( 'NONE', #9992, #1552, #6786 ) ;
#8819 = DIRECTION ( 'NONE',  ( -9.757819552369536751E-15, 0.000000000000000000, -1.000000000000000000 ) ) ;
#8818 = CARTESIAN_POINT ( 'NONE',  ( -0.1249999999999974881, 0.2000000000000000111, 2.499999999999986233 ) ) ;
#8820 = VERTEX_POINT ( 'NONE', #9307 ) ;
#8821 = EDGE_LOOP ( 'NONE', ( #7927, #366, #7420, #10813 ) ) ;
#8823 = ORIENTED_EDGE ( 'NONE', *, *, #6114, .F. ) ;
#8822 = SURFACE_STYLE_USAGE ( .BOTH. , #84 ) ;
#8824 = CLOSED_SHELL ( 'NONE', ( #10149, #5125, #5583, #5267, #6620, #7489 ) ) ;
#8825 = EDGE_LOOP ( 'NONE', ( #537, #3334, #7043, #7237 ) ) ;
#8826 = STYLED_ITEM ( 'NONE', ( #3690 ), #6275 ) ;
#8827 = CARTESIAN_POINT ( 'NONE',  ( 2.100000000000020961, 0.04999999999999999584, 0.3750000000000000555 ) ) ;
#8828 = CARTESIAN_POINT ( 'NONE',  ( -0.8749999999999990008, 0.2000000000000000111, 2.100000000000027178 ) ) ;
#8829 = CARTESIAN_POINT ( 'NONE',  ( 0.1249999999999977796, 0.2000000000000000111, -2.499999999999984457 ) ) ;
#8830 = ORIENTED_EDGE ( 'NONE', *, *, #1524, .T. ) ;
#8831 = PLANE ( 'NONE',  #5827 ) ;
#8832 = LINE ( 'NONE', #6557, #5406 ) ;
#8833 = CARTESIAN_POINT ( 'NONE',  ( 1.874999999999997780, 0.2000000000000000111, -2.499999999999992895 ) ) ;
#8834 = VECTOR ( 'NONE', #4854, 1000.000000000000000 ) ;
#8835 = LINE ( 'NONE', #7376, #5118 ) ;
#8836 = PLANE ( 'NONE',  #3930 ) ;
#8837 = ORIENTED_EDGE ( 'NONE', *, *, #2403, .T. ) ;
#8838 = ORIENTED_EDGE ( 'NONE', *, *, #698, .T. ) ;
#8839 = CARTESIAN_POINT ( 'NONE',  ( -2.099999999999985434, 0.2000000000000000111, -1.125000000000000888 ) ) ;
#8840 = VECTOR ( 'NONE', #8405, 1000.000000000000000 ) ;
#8841 = VERTEX_POINT ( 'NONE', #6251 ) ;
#8842 =( NAMED_UNIT ( * ) PLANE_ANGLE_UNIT ( ) SI_UNIT ( $, .RADIAN. ) );
#8843 = CARTESIAN_POINT ( 'NONE',  ( 2.165000000000000480, 0.05000000000000000278, 1.875000000000000222 ) ) ;
#8844 = CARTESIAN_POINT ( 'NONE',  ( -2.499999999999977796, 0.2000000000000000111, -0.3749999999999968914 ) ) ;
#8845 = AXIS2_PLACEMENT_3D ( 'NONE', #3958, #9628, #8128 ) ;
#8846 = DIRECTION ( 'NONE',  ( -2.949029909160572061E-14, 0.000000000000000000, 1.000000000000000000 ) ) ;
#8847 = AXIS2_PLACEMENT_3D ( 'NONE', #2390, #7233, #6466 ) ;
#8848 = CARTESIAN_POINT ( 'NONE',  ( 1.524999999999999023, 0.2000000000000000111, 1.674999999999998712 ) ) ;
#8849 = ORIENTED_EDGE ( 'NONE', *, *, #7362, .T. ) ;
#8850 = EDGE_CURVE ( 'NONE', #7389, #10218, #1849, .T. ) ;
#8851 = AXIS2_PLACEMENT_3D ( 'NONE', #6610, #9049, #3255 ) ;
#8852 = VECTOR ( 'NONE', #875, 1000.000000000000000 ) ;
#8853 = ORIENTED_EDGE ( 'NONE', *, *, #494, .T. ) ;
#8854 = AXIS2_PLACEMENT_3D ( 'NONE', #3604, #1948, #7934 ) ;
#8855 = ORIENTED_EDGE ( 'NONE', *, *, #5234, .T. ) ;
#8856 = CARTESIAN_POINT ( 'NONE',  ( -2.500000000000000000, 0.04999999999999969746, 2.500000000000000000 ) ) ;
#8857 = EDGE_CURVE ( 'NONE', #10366, #7151, #10306, .T. ) ;
#8858 = VECTOR ( 'NONE', #531, 1000.000000000000000 ) ;
#8859 = CARTESIAN_POINT ( 'NONE',  ( -0.1250000000000022204, 0.2000000000000000111, -2.499999999999972022 ) ) ;
#8860 = DIRECTION ( 'NONE',  ( -1.000000000000000000, 0.000000000000000000, -2.949029909160572061E-14 ) ) ;
#8861 = EDGE_CURVE ( 'NONE', #10000, #5083, #2636, .T. ) ;
#8862 = CARTESIAN_POINT ( 'NONE',  ( 0.8749999999999978906, 0.2000000000000000111, -2.499999999999982236 ) ) ;
#8863 = VECTOR ( 'NONE', #10082, 1000.000000000000000 ) ;
#8864 = AXIS2_PLACEMENT_3D ( 'NONE', #2920, #7768, #3599 ) ;
#8865 = ADVANCED_FACE ( 'NONE', ( #6023 ), #7852, .T. ) ;
#8866 = EDGE_CURVE ( 'NONE', #4272, #8036, #8702, .T. ) ;
#8868 = VERTEX_POINT ( 'NONE', #6075 ) ;
#8867 = CARTESIAN_POINT ( 'NONE',  ( -2.165000000000000036, 0.000000000000000000, 1.874999999999999556 ) ) ;
#8869 = EDGE_CURVE ( 'NONE', #135, #544, #8637, .T. ) ;
#8870 = ADVANCED_FACE ( 'NONE', ( #2016 ), #3579, .F. ) ;
#8871 = DIRECTION ( 'NONE',  ( -1.000000000000000000, 0.000000000000000000, 3.930232875260377980E-15 ) ) ;
#8872 = CARTESIAN_POINT ( 'NONE',  ( 2.100000000000016076, 0.2000000000000000111, -0.1249999999999999167 ) ) ;
#8873 = DIRECTION ( 'NONE',  ( 1.000000000000000000, -0.000000000000000000, -1.439820485060763520E-13 ) ) ;
#8874 = LINE ( 'NONE', #3026, #524 ) ;
#8876 = CARTESIAN_POINT ( 'NONE',  ( -1.624999999999997558, 0.000000000000000000, 2.500000000000002220 ) ) ;
#8875 = CARTESIAN_POINT ( 'NONE',  ( -0.8749999999999983347, 0.000000000000000000, -2.099999999999973888 ) ) ;
#8877 = ORIENTED_EDGE ( 'NONE', *, *, #7432, .F. ) ;
#8878 = EDGE_LOOP ( 'NONE', ( #2302, #9180, #8491, #3339 ) ) ;
#8880 = ORIENTED_EDGE ( 'NONE', *, *, #7843, .T. ) ;
#8879 = CARTESIAN_POINT ( 'NONE',  ( -2.500000000000046185, 0.2000000000000000111, -1.875000000000000000 ) ) ;
#8881 = ORIENTED_EDGE ( 'NONE', *, *, #6227, .F. ) ;
#8882 = VECTOR ( 'NONE', #1279, 1000.000000000000000 ) ;
#8883 = LINE ( 'NONE', #375, #4738 ) ;
#8884 = EDGE_CURVE ( 'NONE', #7808, #9498, #963, .T. ) ;
#8885 =( NAMED_UNIT ( * ) PLANE_ANGLE_UNIT ( ) SI_UNIT ( $, .RADIAN. ) );
#8886 = DIRECTION ( 'NONE',  ( 1.000000000000000000, 0.000000000000000000, -1.084202172485504276E-14 ) ) ;
#8887 = ORIENTED_EDGE ( 'NONE', *, *, #2209, .T. ) ;
#8888 = FACE_OUTER_BOUND ( 'NONE', #9802, .T. ) ;
#8889 = CARTESIAN_POINT ( 'NONE',  ( 2.499999999999972911, 0.2000000000000000111, -0.1250000000000014988 ) ) ;
#8890 = CARTESIAN_POINT ( 'NONE',  ( 0.000000000000000000, 0.05000000000000000278, 0.000000000000000000 ) ) ;
#8891 = STYLED_ITEM ( 'NONE', ( #3591 ), #9978 ) ;
#8892 = PRESENTATION_STYLE_ASSIGNMENT (( #5541 ) ) ;
#8893 = CARTESIAN_POINT ( 'NONE',  ( 1.374999999999997780, 0.2000000000000000111, -2.499999999999987566 ) ) ;
#8894 = ORIENTED_EDGE ( 'NONE', *, *, #10266, .T. ) ;
#8895 = ORIENTED_EDGE ( 'NONE', *, *, #8857, .T. ) ;
#8896 = CARTESIAN_POINT ( 'NONE',  ( -2.099999999999957012, 0.2000000000000000111, 1.624999999999998890 ) ) ;
#8897 = CARTESIAN_POINT ( 'NONE',  ( -0.8749999999999990008, 0.2000000000000000111, 2.100000000000027178 ) ) ;
#8898 = VECTOR ( 'NONE', #6843, 1000.000000000000000 ) ;
#8899 = VERTEX_POINT ( 'NONE', #1019 ) ;
#8901 = CARTESIAN_POINT ( 'NONE',  ( -0.8749999999999975575, 0.2000000000000000111, 2.499999999999984013 ) ) ;
#8900 = SURFACE_SIDE_STYLE ('',( #6342 ) ) ;
#8902 = LINE ( 'NONE', #1280, #10102 ) ;
#8903 = CARTESIAN_POINT ( 'NONE',  ( -2.099999999999974776, 0.2000000000000000111, 1.810000000000000053 ) ) ;
#8904 = DIRECTION ( 'NONE',  ( 2.344220913482196012E-15, 0.000000000000000000, 1.000000000000000000 ) ) ;
#8905 = DIRECTION ( 'NONE',  ( 0.000000000000000000, -1.000000000000000000, 0.000000000000000000 ) ) ;
#8906 = ORIENTED_EDGE ( 'NONE', *, *, #6297, .T. ) ;
#8907 = AXIS2_PLACEMENT_3D ( 'NONE', #6953, #1159, #4608 ) ;
#8908 = DIRECTION ( 'NONE',  ( 1.439820485060763520E-13, -0.000000000000000000, 1.000000000000000000 ) ) ;
#8909 = VERTEX_POINT ( 'NONE', #3627 ) ;
#8910 = ORIENTED_EDGE ( 'NONE', *, *, #3618, .T. ) ;
#8911 = ORIENTED_EDGE ( 'NONE', *, *, #8242, .T. ) ;
#8912 = CARTESIAN_POINT ( 'NONE',  ( -2.000000000000000000, 0.9499999999999999556, -2.000000000000000000 ) ) ;
#8913 = CARTESIAN_POINT ( 'NONE',  ( -0.1250000000000006939, 0.2000000000000000111, -2.100000000000015188 ) ) ;
#8914 = CARTESIAN_POINT ( 'NONE',  ( 1.525000000000000133, 0.04999999999999999584, -1.525000000000001465 ) ) ;
#8915 = DIRECTION ( 'NONE',  ( 0.000000000000000000, 1.000000000000000000, -0.000000000000000000 ) ) ;
#8917 = ORIENTED_EDGE ( 'NONE', *, *, #5045, .T. ) ;
#8916 = CARTESIAN_POINT ( 'NONE',  ( -0.6250000000000006661, 0.2000000000000000111, -2.100000000000009859 ) ) ;
#8918 = EDGE_CURVE ( 'NONE', #3, #1197, #5187, .T. ) ;
#8919 = EDGE_CURVE ( 'NONE', #6016, #342, #7962, .T. ) ;
#8920 = CARTESIAN_POINT ( 'NONE',  ( -2.499999999999975131, 0.2000000000000000111, -0.1249999999999968636 ) ) ;
#8921 = CARTESIAN_POINT ( 'NONE',  ( 2.165000000000000924, 0.2000000000000000111, 1.875000000000000666 ) ) ;
#8922 = LINE ( 'NONE', #411, #9218 ) ;
#8923 = CARTESIAN_POINT ( 'NONE',  ( -0.3750000000000022204, 0.04999999999999999584, -2.499999999999979128 ) ) ;
#8924 = EDGE_CURVE ( 'NONE', #1, #784, #1080, .T. ) ;
#8926 = LINE ( 'NONE', #4640, #10737 ) ;
#8925 = CARTESIAN_POINT ( 'NONE',  ( -2.499999999999975131, 0.2000000000000000111, -0.1249999999999968636 ) ) ;
#8927 = ORIENTED_EDGE ( 'NONE', *, *, #3131, .F. ) ;
#8928 = EDGE_CURVE ( 'NONE', #8747, #4531, #8807, .T. ) ;
#8929 = VERTEX_POINT ( 'NONE', #4354 ) ;
#8930 = EDGE_CURVE ( 'NONE', #1702, #2839, #7802, .T. ) ;
#8931 = EDGE_CURVE ( 'NONE', #9861, #4296, #288, .T. ) ;
#8933 = VERTEX_POINT ( 'NONE', #3520 ) ;
#8932 = LINE ( 'NONE', #3033, #4619 ) ;
#8934 = EDGE_LOOP ( 'NONE', ( #4816, #1562, #1367, #2479 ) ) ;
#8935 = CARTESIAN_POINT ( 'NONE',  ( 2.500000000000000888, 0.2000000000000000111, 1.624999999999998668 ) ) ;
#8936 = PRESENTATION_STYLE_ASSIGNMENT (( #8986 ) ) ;
#8937 = FACE_OUTER_BOUND ( 'NONE', #10251, .T. ) ;
#8938 = ORIENTED_EDGE ( 'NONE', *, *, #8511, .F. ) ;
#8939 = DIRECTION ( 'NONE',  ( -9.611305745276845088E-14, 0.000000000000000000, 1.000000000000000000 ) ) ;
#8940 = DIRECTION ( 'NONE',  ( -0.7071067811865474617, 0.000000000000000000, 0.7071067811865474617 ) ) ;
#8941 = ADVANCED_FACE ( 'NONE', ( #1905 ), #237, .F. ) ;
#8942 = FACE_OUTER_BOUND ( 'NONE', #5480, .T. ) ;
#8943 = EDGE_CURVE ( 'NONE', #7834, #744, #5354, .T. ) ;
#8944 = DIRECTION ( 'NONE',  ( -0.000000000000000000, 0.000000000000000000, 1.000000000000000000 ) ) ;
#8945 = ORIENTED_EDGE ( 'NONE', *, *, #10222, .T. ) ;
#8946 = CARTESIAN_POINT ( 'NONE',  ( -0.3749999999999975020, 0.000000000000000000, 2.499999999999978684 ) ) ;
#8947 = EDGE_CURVE ( 'NONE', #7731, #4671, #4515, .T. ) ;
#8948 = LINE ( 'NONE', #9114, #9074 ) ;
#8949 = EDGE_LOOP ( 'NONE', ( #10418, #9856, #7871, #5201 ) ) ;
#8951 = CARTESIAN_POINT ( 'NONE',  ( -2.499999999999970246, 0.04999999999999999584, 0.3750000000000031641 ) ) ;
#8950 = DIRECTION ( 'NONE',  ( 1.000000000000000000, -0.000000000000000000, -3.930232875260377980E-15 ) ) ;
#8952 = LINE ( 'NONE', #3727, #519 ) ;
#8953 = FACE_OUTER_BOUND ( 'NONE', #10122, .T. ) ;
#8954 = DIRECTION ( 'NONE',  ( -1.000000000000000000, 0.000000000000000000, 1.002887009549091286E-14 ) ) ;
#8955 = DIRECTION ( 'NONE',  ( 1.000000000000000000, 0.000000000000000000, -9.757819552369538328E-15 ) ) ;
#8956 = ORIENTED_EDGE ( 'NONE', *, *, #6279, .T. ) ;
#8957 = LINE ( 'NONE', #10724, #9191 ) ;
#8958 = ORIENTED_EDGE ( 'NONE', *, *, #165, .F. ) ;
#8959 = ORIENTED_EDGE ( 'NONE', *, *, #6634, .F. ) ;
#8960 = ORIENTED_EDGE ( 'NONE', *, *, #2680, .F. ) ;
#8961 = CYLINDRICAL_SURFACE ( 'NONE', #6332, 0.2500000000000000000 ) ;
#8962 = SURFACE_STYLE_USAGE ( .BOTH. , #8125 ) ;
#8963 = PLANE ( 'NONE',  #4573 ) ;
#8964 = CARTESIAN_POINT ( 'NONE',  ( -2.099999999999975220, 0.2000000000000000111, -1.809999999999999609 ) ) ;
#8965 = ORIENTED_EDGE ( 'NONE', *, *, #4150, .T. ) ;
#8966 = DIRECTION ( 'NONE',  ( 0.000000000000000000, 0.000000000000000000, 1.000000000000000000 ) ) ;
#8967 = VECTOR ( 'NONE', #1544, 1000.000000000000000 ) ;
#8969 = ORIENTED_EDGE ( 'NONE', *, *, #3274, .T. ) ;
#8968 = DIRECTION ( 'NONE',  ( -1.000000000000000000, 0.000000000000000000, 1.029992063861229055E-14 ) ) ;
#8970 = VECTOR ( 'NONE', #10579, 1000.000000000000000 ) ;
#8971 = FACE_OUTER_BOUND ( 'NONE', #2807, .T. ) ;
#8972 =( NAMED_UNIT ( * ) SI_UNIT ( $, .STERADIAN. ) SOLID_ANGLE_UNIT ( ) );
#8973 = DIRECTION ( 'NONE',  ( -1.439820485060763520E-13, 0.000000000000000000, -1.000000000000000000 ) ) ;
#8974 = CARTESIAN_POINT ( 'NONE',  ( 0.3749999999999993339, 0.000000000000000000, -2.100000000000020073 ) ) ;
#8975 = DIRECTION ( 'NONE',  ( 0.000000000000000000, 1.000000000000000000, 0.000000000000000000 ) ) ;
#8977 = DIRECTION ( 'NONE',  ( 0.000000000000000000, -1.000000000000000000, 0.000000000000000000 ) ) ;
#8976 = DIRECTION ( 'NONE',  ( 1.040834085586084257E-14, 0.000000000000000000, 1.000000000000000000 ) ) ;
#8978 = VECTOR ( 'NONE', #181, 1000.000000000000000 ) ;
#8979 = ORIENTED_EDGE ( 'NONE', *, *, #6114, .T. ) ;
#8980 = VECTOR ( 'NONE', #6627, 1000.000000000000000 ) ;
#8981 = VERTEX_POINT ( 'NONE', #2856 ) ;
#8983 = ORIENTED_EDGE ( 'NONE', *, *, #5723, .F. ) ;
#8982 = CARTESIAN_POINT ( 'NONE',  ( 1.874999999999997780, 0.2000000000000000111, -2.499999999999992895 ) ) ;
#8984 = VERTEX_POINT ( 'NONE', #523 ) ;
#8985 = CARTESIAN_POINT ( 'NONE',  ( 2.499999999999962252, 0.2000000000000000111, -1.125000000000001332 ) ) ;
#8986 = SURFACE_STYLE_USAGE ( .BOTH. , #9757 ) ;
#8987 = CARTESIAN_POINT ( 'NONE',  ( 1.625000000000002442, 0.2000000000000000111, 2.499999999999957367 ) ) ;
#8988 = AXIS2_PLACEMENT_3D ( 'NONE', #10753, #6324, #423 ) ;
#8989 = ORIENTED_EDGE ( 'NONE', *, *, #6001, .F. ) ;
#8990 = EDGE_CURVE ( 'NONE', #832, #7792, #1292, .T. ) ;
#8991 = EDGE_CURVE ( 'NONE', #9343, #2178, #5615, .T. ) ;
#8992 = DIRECTION ( 'NONE',  ( 0.7071067811865474617, 0.000000000000000000, -0.7071067811865474617 ) ) ;
#8993 = CARTESIAN_POINT ( 'NONE',  ( -2.099999999999962341, 0.2000000000000000111, 1.124999999999998890 ) ) ;
#8994 = VERTEX_POINT ( 'NONE', #460 ) ;
#8995 = LINE ( 'NONE', #9700, #8080 ) ;
#8996 = ADVANCED_FACE ( 'NONE', ( #406 ), #6475, .F. ) ;
#8997 = ADVANCED_FACE ( 'NONE', ( #4627 ), #6527, .F. ) ;
#8998 = COLOUR_RGB ( '',0.7921568627450980005, 0.8196078431372548767, 0.9333333333333333481 ) ;
#8999 = CARTESIAN_POINT ( 'NONE',  ( 2.165000000000000924, 0.2000000000000000111, 1.875000000000000666 ) ) ;
#9000 = ORIENTED_EDGE ( 'NONE', *, *, #7353, .F. ) ;
#9001 = PLANE ( 'NONE',  #10787 ) ;
#9002 = LINE ( 'NONE', #391, #7645 ) ;
#9003 = EDGE_CURVE ( 'NONE', #8770, #8012, #9906, .T. ) ;
#9004 = ORIENTED_EDGE ( 'NONE', *, *, #9208, .F. ) ;
#9006 = PLANE ( 'NONE',  #6028 ) ;
#9005 = LINE ( 'NONE', #3946, #8322 ) ;
#9007 = VECTOR ( 'NONE', #3541, 1000.000000000000000 ) ;
#9008 = DIRECTION ( 'NONE',  ( -1.000000000000000000, 0.000000000000000000, 5.825563911862536913E-15 ) ) ;
#9009 = VECTOR ( 'NONE', #258, 1000.000000000000000 ) ;
#9010 = DIRECTION ( 'NONE',  ( -1.000000000000000000, 0.000000000000000000, 9.757819552369538328E-15 ) ) ;
#9011 = FACE_OUTER_BOUND ( 'NONE', #7987, .T. ) ;
#9012 = ORIENTED_EDGE ( 'NONE', *, *, #9616, .T. ) ;
#9013 = CARTESIAN_POINT ( 'NONE',  ( 0.1250000000000025258, 0.000000000000000000, 2.499999999999973799 ) ) ;
#9014 = EDGE_CURVE ( 'NONE', #4272, #6642, #8067, .T. ) ;
#9015 = VECTOR ( 'NONE', #2602, 1000.000000000000000 ) ;
#9016 = VECTOR ( 'NONE', #10062, 1000.000000000000000 ) ;
#9017 = ORIENTED_EDGE ( 'NONE', *, *, #4912, .F. ) ;
#9018 = ORIENTED_EDGE ( 'NONE', *, *, #8328, .F. ) ;
#9019 = DIRECTION ( 'NONE',  ( 1.000000000000000000, 0.000000000000000000, 0.000000000000000000 ) ) ;
#9020 = AXIS2_PLACEMENT_3D ( 'NONE', #5293, #6923, #6188 ) ;
#9021 = AXIS2_PLACEMENT_3D ( 'NONE', #6570, #5707, #4873 ) ;
#9022 = CARTESIAN_POINT ( 'NONE',  ( 2.499999999999977796, 0.000000000000000000, 0.3749999999999985012 ) ) ;
#9023 = DIRECTION ( 'NONE',  ( -0.000000000000000000, -1.000000000000000000, -0.000000000000000000 ) ) ;
#9024 = VECTOR ( 'NONE', #9450, 1000.000000000000000 ) ;
#9025 = LINE ( 'NONE', #459, #2084 ) ;
#9026 = ORIENTED_EDGE ( 'NONE', *, *, #1450, .F. ) ;
#9027 = DIRECTION ( 'NONE',  ( 1.000000000000000000, 0.000000000000000000, -1.002887009549091444E-14 ) ) ;
#9028 = VECTOR ( 'NONE', #6553, 1000.000000000000000 ) ;
#9029 = VECTOR ( 'NONE', #2066, 1000.000000000000000 ) ;
#9030 = AXIS2_PLACEMENT_3D ( 'NONE', #8615, #8679, #6162 ) ;
#9032 = VERTEX_POINT ( 'NONE', #3115 ) ;
#9031 = DIRECTION ( 'NONE',  ( 1.000000000000000000, -0.000000000000000000, -1.439820485060763520E-13 ) ) ;
#9033 = FACE_OUTER_BOUND ( 'NONE', #6805, .T. ) ;
#9034 = LINE ( 'NONE', #3190, #2987 ) ;
#9035 = VECTOR ( 'NONE', #6932, 1000.000000000000000 ) ;
#9036 = DIRECTION ( 'NONE',  ( 0.000000000000000000, -1.000000000000000000, 0.000000000000000000 ) ) ;
#9037 = CARTESIAN_POINT ( 'NONE',  ( 0.000000000000000000, 0.2000000000000000111, 0.000000000000000000 ) ) ;
#9038 = VECTOR ( 'NONE', #8939, 1000.000000000000000 ) ;
#9040 = LINE ( 'NONE', #4812, #5062 ) ;
#9039 = DIRECTION ( 'NONE',  ( 7.477256361968998944E-17, -0.000000000000000000, 1.000000000000000000 ) ) ;
#9041 = ORIENTED_EDGE ( 'NONE', *, *, #3899, .F. ) ;
#9042 = VECTOR ( 'NONE', #3071, 1000.000000000000000 ) ;
#9043 = ORIENTED_EDGE ( 'NONE', *, *, #9204, .T. ) ;
#9044 = VECTOR ( 'NONE', #1421, 1000.000000000000000 ) ;
#9046 = VERTEX_POINT ( 'NONE', #7243 ) ;
#9045 = FACE_OUTER_BOUND ( 'NONE', #3200, .T. ) ;
#9047 = ORIENTED_EDGE ( 'NONE', *, *, #7896, .F. ) ;
#9048 = DIRECTION ( 'NONE',  ( -1.000000000000000000, 0.000000000000000000, 1.439820485060763520E-13 ) ) ;
#9049 = DIRECTION ( 'NONE',  ( -0.000000000000000000, 1.000000000000000000, 0.000000000000000000 ) ) ;
#9050 = VECTOR ( 'NONE', #9846, 1000.000000000000000 ) ;
#9051 = VERTEX_POINT ( 'NONE', #2298 ) ;
#9052 = FACE_OUTER_BOUND ( 'NONE', #6468, .T. ) ;
#9053 = LINE ( 'NONE', #7164, #10904 ) ;
#9054 = UNCERTAINTY_MEASURE_WITH_UNIT (LENGTH_MEASURE( 1.000000000000000082E-05 ), #4987, 'distance_accuracy_value', 'NONE');
#9055 = ORIENTED_EDGE ( 'NONE', *, *, #6359, .F. ) ;
#9056 = STYLED_ITEM ( 'NONE', ( #2778 ), #2771 ) ;
#9057 = ADVANCED_FACE ( 'NONE', ( #10570 ), #2067, .F. ) ;
#9058 = PLANE ( 'NONE',  #9778 ) ;
#9059 = DIRECTION ( 'NONE',  ( 1.040834085586085046E-14, 0.000000000000000000, 1.000000000000000000 ) ) ;
#9060 = EDGE_CURVE ( 'NONE', #8151, #1337, #8021, .T. ) ;
#9061 = DIRECTION ( 'NONE',  ( 0.000000000000000000, -1.000000000000000000, 0.000000000000000000 ) ) ;
#9062 = PLANE ( 'NONE',  #2320 ) ;
#9063 = ORIENTED_EDGE ( 'NONE', *, *, #6960, .F. ) ;
#9065 = CARTESIAN_POINT ( 'NONE',  ( 1.809999999999999165, 0.2000000000000000111, 2.100000000000000977 ) ) ;
#9064 = CARTESIAN_POINT ( 'NONE',  ( -0.6249999999999975575, 0.2000000000000000111, 2.499999999999991562 ) ) ;
#9066 = PLANE ( 'NONE',  #1199 ) ;
#9067 = STYLED_ITEM ( 'NONE', ( #8720 ), #9942 ) ;
#9068 = CARTESIAN_POINT ( 'NONE',  ( -2.500000000000000000, 0.04999999999999969746, -2.500000000000000000 ) ) ;
#9069 = PLANE ( 'NONE',  #9855 ) ;
#9070 = EDGE_CURVE ( 'NONE', #6642, #9833, #9735, .T. ) ;
#9071 = ADVANCED_FACE ( 'NONE', ( #1412 ), #5511, .F. ) ;
#9072 = ORIENTED_EDGE ( 'NONE', *, *, #1795, .F. ) ;
#9073 = EDGE_CURVE ( 'NONE', #784, #9318, #6424, .T. ) ;
#9074 = VECTOR ( 'NONE', #2497, 1000.000000000000000 ) ;
#9075 = EDGE_CURVE ( 'NONE', #8868, #8409, #10516, .T. ) ;
#9076 = CARTESIAN_POINT ( 'NONE',  ( 1.374999999999997780, 0.000000000000000000, -2.499999999999987566 ) ) ;
#9077 = VECTOR ( 'NONE', #5298, 1000.000000000000000 ) ;
#9078 = ADVANCED_FACE ( 'NONE', ( #10732 ), #9086, .F. ) ;
#9079 = ORIENTED_EDGE ( 'NONE', *, *, #4445, .F. ) ;
#9080 = ORIENTED_EDGE ( 'NONE', *, *, #8383, .T. ) ;
#9081 = VERTEX_POINT ( 'NONE', #6306 ) ;
#9082 = CARTESIAN_POINT ( 'NONE',  ( 1.625000000000001110, 0.000000000000000000, 2.100000000000000533 ) ) ;
#9083 = DIRECTION ( 'NONE',  ( -1.040834085586083310E-14, -0.000000000000000000, -1.000000000000000000 ) ) ;
#9084 = LINE ( 'NONE', #1628, #7245 ) ;
#9085 = VERTEX_POINT ( 'NONE', #8192 ) ;
#9086 = PLANE ( 'NONE',  #317 ) ;
#9087 = VECTOR ( 'NONE', #3321, 1000.000000000000000 ) ;
#9088 = ADVANCED_FACE ( 'NONE', ( #5561 ), #3963, .T. ) ;
#9089 = ADVANCED_FACE ( 'NONE', ( #4845 ), #5455, .F. ) ;
#9091 = ORIENTED_EDGE ( 'NONE', *, *, #10346, .F. ) ;
#9090 = DIRECTION ( 'NONE',  ( -0.000000000000000000, -1.000000000000000000, -0.000000000000000000 ) ) ;
#9092 = CARTESIAN_POINT ( 'NONE',  ( -2.500000000000042633, 0.000000000000000000, -1.625000000000000222 ) ) ;
#9093 = DIRECTION ( 'NONE',  ( 0.000000000000000000, -1.000000000000000000, 0.000000000000000000 ) ) ;
#9094 = LINE ( 'NONE', #9971, #688 ) ;
#9095 = DIRECTION ( 'NONE',  ( 9.757819552369538328E-15, -0.000000000000000000, 1.000000000000000000 ) ) ;
#9096 = CARTESIAN_POINT ( 'NONE',  ( -0.1249999999999974881, 0.2000000000000000111, 2.499999999999986233 ) ) ;
#9098 = LINE ( 'NONE', #4188, #264 ) ;
#9097 = DIRECTION ( 'NONE',  ( -1.000000000000000000, -0.000000000000000000, 1.035655806553459049E-14 ) ) ;
#9099 = ORIENTED_EDGE ( 'NONE', *, *, #431, .T. ) ;
#9100 = ORIENTED_EDGE ( 'NONE', *, *, #3356, .F. ) ;
#9101 = VERTEX_POINT ( 'NONE', #7565 ) ;
#9102 = VERTEX_POINT ( 'NONE', #10128 ) ;
#9103 = LINE ( 'NONE', #4089, #10234 ) ;
#9104 = CARTESIAN_POINT ( 'NONE',  ( 2.100000000000000089, 0.2000000000000000111, -1.625000000000000000 ) ) ;
#9105 = EDGE_LOOP ( 'NONE', ( #7382, #851, #4820, #3029 ) ) ;
#9106 = DIRECTION ( 'NONE',  ( 9.757819552369538328E-15, 0.000000000000000000, 1.000000000000000000 ) ) ;
#9107 = LINE ( 'NONE', #7430, #8967 ) ;
#9108 = ORIENTED_EDGE ( 'NONE', *, *, #9459, .T. ) ;
#9109 = SURFACE_STYLE_USAGE ( .BOTH. , #3553 ) ;
#9110 = DIRECTION ( 'NONE',  ( 0.000000000000000000, -1.000000000000000000, 0.000000000000000000 ) ) ;
#9111 = ORIENTED_EDGE ( 'NONE', *, *, #5003, .F. ) ;
#9112 = DIRECTION ( 'NONE',  ( -1.000000000000000000, 0.000000000000000000, 3.862470239480026854E-15 ) ) ;
#9113 = EDGE_CURVE ( 'NONE', #9538, #9234, #4237, .T. ) ;
#9114 = CARTESIAN_POINT ( 'NONE',  ( 0.8749999999999993339, 0.2000000000000000111, -2.100000000000025402 ) ) ;
#9115 = ORIENTED_EDGE ( 'NONE', *, *, #5572, .T. ) ;
#9117 = CARTESIAN_POINT ( 'NONE',  ( -2.499999999999980460, 0.2000000000000000111, -0.6249999999999968914 ) ) ;
#9116 = DIRECTION ( 'NONE',  ( -3.997995511040729896E-15, 0.000000000000000000, -1.000000000000000000 ) ) ;
#9118 = DIRECTION ( 'NONE',  ( -5.825563911862536913E-15, 0.000000000000000000, -1.000000000000000000 ) ) ;
#9119 = CARTESIAN_POINT ( 'NONE',  ( 2.100000000000000089, 0.2000000000000000111, -1.809999999999998055 ) ) ;
#9120 = DIRECTION ( 'NONE',  ( 1.000000000000000000, 0.000000000000000000, -9.757819552369538328E-15 ) ) ;
#9121 = EDGE_CURVE ( 'NONE', #5506, #4547, #790, .T. ) ;
#9122 = ORIENTED_EDGE ( 'NONE', *, *, #2692, .F. ) ;
#9123 = PLANE ( 'NONE',  #5449 ) ;
#9124 = ORIENTED_EDGE ( 'NONE', *, *, #8243, .T. ) ;
#9125 = VERTEX_POINT ( 'NONE', #4958 ) ;
#9126 = DIRECTION ( 'NONE',  ( 1.084202172485504276E-14, -0.000000000000000000, 1.000000000000000000 ) ) ;
#9127 = CARTESIAN_POINT ( 'NONE',  ( -2.499999999999962252, 0.2000000000000000111, 1.125000000000003109 ) ) ;
#9128 = CARTESIAN_POINT ( 'NONE',  ( -2.099999999999962341, 0.2000000000000000111, 1.124999999999998890 ) ) ;
#9129 = EDGE_CURVE ( 'NONE', #2368, #6744, #10895, .T. ) ;
#9130 = EDGE_CURVE ( 'NONE', #3748, #7812, #4174, .T. ) ;
#9131 = DIRECTION ( 'NONE',  ( 0.000000000000000000, -1.000000000000000000, 0.000000000000000000 ) ) ;
#9132 = ORIENTED_EDGE ( 'NONE', *, *, #3081, .T. ) ;
#9133 = CARTESIAN_POINT ( 'NONE',  ( -2.000000000000000000, 0.9499999999999999556, -2.000000000000000000 ) ) ;
#9134 = ADVANCED_FACE ( 'NONE', ( #10849 ), #10016, .T. ) ;
#9135 = EDGE_CURVE ( 'NONE', #9766, #7526, #10792, .T. ) ;
#9137 = ORIENTED_EDGE ( 'NONE', *, *, #7983, .T. ) ;
#9136 = CARTESIAN_POINT ( 'NONE',  ( -2.499999999999972911, 0.2000000000000000111, 0.1250000000000031364 ) ) ;
#9138 = ADVANCED_FACE ( 'NONE', ( #3185 ), #6592, .T. ) ;
#9139 = EDGE_CURVE ( 'NONE', #1009, #312, #5729, .T. ) ;
#9140 = SURFACE_STYLE_FILL_AREA ( #581 ) ;
#9141 = CARTESIAN_POINT ( 'NONE',  ( -2.500000000000000000, 0.04999999999999969746, 2.500000000000000000 ) ) ;
#9142 = LINE ( 'NONE', #3972, #9042 ) ;
#9143 = CARTESIAN_POINT ( 'NONE',  ( 0.8749999999999978906, 0.2000000000000000111, -2.499999999999982236 ) ) ;
#9144 = EDGE_CURVE ( 'NONE', #7980, #5894, #5283, .T. ) ;
#9145 = CARTESIAN_POINT ( 'NONE',  ( -2.099999999999962341, 0.000000000000000000, 1.124999999999998890 ) ) ;
#9147 = DIRECTION ( 'NONE',  ( 2.775557561562891351E-14, 0.000000000000000000, -1.000000000000000000 ) ) ;
#9146 = CARTESIAN_POINT ( 'NONE',  ( -1.374999999999999112, 0.04999999999999999584, 2.100000000000032951 ) ) ;
#9148 = ORIENTED_EDGE ( 'NONE', *, *, #8600, .F. ) ;
#9149 = ORIENTED_EDGE ( 'NONE', *, *, #5855, .T. ) ;
#9150 = VECTOR ( 'NONE', #4422, 1000.000000000000000 ) ;
#9152 = ORIENTED_EDGE ( 'NONE', *, *, #2263, .F. ) ;
#9151 = PLANE ( 'NONE',  #3211 ) ;
#9153 = ORIENTED_EDGE ( 'NONE', *, *, #4321, .T. ) ;
#9154 = CARTESIAN_POINT ( 'NONE',  ( 2.100000000000026290, 0.2000000000000000111, 0.8750000000000001110 ) ) ;
#9155 = DIRECTION ( 'NONE',  ( 1.000000000000000000, -0.000000000000000000, -1.439820485060763520E-13 ) ) ;
#9156 = ORIENTED_EDGE ( 'NONE', *, *, #10004, .T. ) ;
#9157 = DIRECTION ( 'NONE',  ( -1.000000000000000000, 0.000000000000000000, 1.439820485060763520E-13 ) ) ;
#9158 = VECTOR ( 'NONE', #5440, 1000.000000000000000 ) ;
#9159 = LINE ( 'NONE', #4143, #2742 ) ;
#9160 = UNCERTAINTY_MEASURE_WITH_UNIT (LENGTH_MEASURE( 1.000000000000000082E-05 ), #16, 'distance_accuracy_value', 'NONE');
#9161 = ORIENTED_EDGE ( 'NONE', *, *, #7829, .T. ) ;
#9162 = VERTEX_POINT ( 'NONE', #10948 ) ;
#9163 =( LENGTH_UNIT ( ) NAMED_UNIT ( * ) SI_UNIT ( .MILLI., .METRE. ) );
#9164 = VECTOR ( 'NONE', #10328, 1000.000000000000000 ) ;
#9165 = CARTESIAN_POINT ( 'NONE',  ( -2.499999999999983125, 0.000000000000000000, -0.8749999999999968914 ) ) ;
#9166 = CARTESIAN_POINT ( 'NONE',  ( -2.099999999999977884, 0.2000000000000000111, -0.3750000000000012212 ) ) ;
#9167 = PLANE ( 'NONE',  #281 ) ;
#9168 = CARTESIAN_POINT ( 'NONE',  ( -2.099999999999972555, 0.2000000000000000111, 0.1249999999999988065 ) ) ;
#9169 = ORIENTED_EDGE ( 'NONE', *, *, #2696, .T. ) ;
#9171 = PLANE ( 'NONE',  #9887 ) ;
#9170 = LINE ( 'NONE', #9064, #2251 ) ;
#9172 = LINE ( 'NONE', #1666, #2570 ) ;
#9173 = CARTESIAN_POINT ( 'NONE',  ( -2.099999999999988098, 0.2000000000000000111, -1.375000000000001332 ) ) ;
#9174 = VECTOR ( 'NONE', #44, 1000.000000000000000 ) ;
#9175 = EDGE_LOOP ( 'NONE', ( #10393, #8374, #3702, #1689, #7078, #6321, #4728, #5382, #352, #3055, #4509, #2677, #7065, #3104, #208, #2480, #1286, #6964, #10394, #9640, #5461, #6591, #8684, #9012, #6554, #9592, #2405, #9080, #6485, #3058, #10909, #898, #8683, #5344, #4494, #4145, #3435, #8779, #6756, #9298, #1198, #8620, #9575, #9722, #6034, #7694, #6353, #4631, #2591, #4756, #8285, #3276, #4294, #5033, #10580, #2311, #3404, #9635, #10390, #2580, #7524, #8796, #9439, #55, #5335, #7171, #6210, #8267, #7677, #966, #3175, #9478, #9782, #8274, #3161, #178, #9539, #1127, #1161, #4887, #6583, #8196, #7184, #3034, #5608, #7369, #2359, #9854, #1897, #5766, #2025, #3366, #8793, #2462, #7506, #8421, #5171, #9555, #899, #3396, #9481, #4289, #522, #9668, #7048, #3039, #2919, #7530, #10042, #2189, #556, #6386, #10073, #8159, #2391, #9152, #6876, #2868, #7455, #4813, #4236, #1373, #3313, #7292, #2756, #5260, #10376, #6143, #4472, #7879, #6584, #10657, #3260, #4167, #5020, #8712, #716, #4166, #240, #4736 ) ) ;
#9176 = DIRECTION ( 'NONE',  ( -0.000000000000000000, -1.000000000000000000, -0.000000000000000000 ) ) ;
#9177 = ORIENTED_EDGE ( 'NONE', *, *, #4241, .T. ) ;
#9178 = AXIS2_PLACEMENT_3D ( 'NONE', #2146, #10650, #6148 ) ;
#9179 = VERTEX_POINT ( 'NONE', #8359 ) ;
#9180 = ORIENTED_EDGE ( 'NONE', *, *, #2611, .F. ) ;
#9181 = PRESENTATION_LAYER_ASSIGNMENT (  '', '', ( #4383 ) ) ;
#9182 = DIRECTION ( 'NONE',  ( 1.040834085586083468E-14, 0.000000000000000000, 1.000000000000000000 ) ) ;
#9183 = DIRECTION ( 'NONE',  ( 0.000000000000000000, -0.000000000000000000, 1.000000000000000000 ) ) ;
#9184 = CARTESIAN_POINT ( 'NONE',  ( -2.099999999999990763, 0.2000000000000000111, -1.625000000000001110 ) ) ;
#9185 = ORIENTED_EDGE ( 'NONE', *, *, #10349, .F. ) ;
#9186 = DIRECTION ( 'NONE',  ( 0.000000000000000000, -1.000000000000000000, 0.000000000000000000 ) ) ;
#9187 = VECTOR ( 'NONE', #9633, 1000.000000000000000 ) ;
#9188 = VECTOR ( 'NONE', #7050, 1000.000000000000000 ) ;
#9189 = EDGE_CURVE ( 'NONE', #7729, #868, #1510, .T. ) ;
#9190 = ORIENTED_EDGE ( 'NONE', *, *, #1867, .F. ) ;
#9191 = VECTOR ( 'NONE', #9892, 1000.000000000000000 ) ;
#9192 = DIRECTION ( 'NONE',  ( -1.421904488505580887E-16, 0.000000000000000000, -1.000000000000000000 ) ) ;
#9193 = EDGE_CURVE ( 'NONE', #3839, #2283, #846, .T. ) ;
#9194 = PLANE ( 'NONE',  #9885 ) ;
#9195 = DIRECTION ( 'NONE',  ( 0.000000000000000000, -1.000000000000000000, 0.000000000000000000 ) ) ;
#9196 = VECTOR ( 'NONE', #7885, 1000.000000000000000 ) ;
#9197 = DIRECTION ( 'NONE',  ( -1.000000000000000000, 0.000000000000000000, -2.949029909160572061E-14 ) ) ;
#9198 = CARTESIAN_POINT ( 'NONE',  ( 0.000000000000000000, 0.000000000000000000, 0.000000000000000000 ) ) ;
#9200 = DIRECTION ( 'NONE',  ( 0.000000000000000000, 1.000000000000000000, -0.000000000000000000 ) ) ;
#9199 = DIRECTION ( 'NONE',  ( -3.794707603699675727E-15, -0.000000000000000000, -1.000000000000000000 ) ) ;
#9201 = VECTOR ( 'NONE', #4569, 1000.000000000000000 ) ;
#9202 = AXIS2_PLACEMENT_3D ( 'NONE', #5214, #9494, #263 ) ;
#9203 = EDGE_LOOP ( 'NONE', ( #3059, #9532, #508, #10445 ) ) ;
#9204 = EDGE_CURVE ( 'NONE', #8654, #2349, #4073, .T. ) ;
#9205 = ORIENTED_EDGE ( 'NONE', *, *, #9206, .T. ) ;
#9206 = EDGE_CURVE ( 'NONE', #8228, #10889, #7462, .T. ) ;
#9207 = ADVANCED_FACE ( 'NONE', ( #2458 ), #5842, .F. ) ;
#9208 = EDGE_CURVE ( 'NONE', #10993, #7743, #5655, .T. ) ;
#9210 = EDGE_LOOP ( 'NONE', ( #9981, #7891, #5942, #6916 ) ) ;
#9209 = DIRECTION ( 'NONE',  ( 1.000000000000000000, 0.000000000000000000, -1.439820485060763520E-13 ) ) ;
#9211 = ORIENTED_EDGE ( 'NONE', *, *, #6227, .T. ) ;
#9212 = VECTOR ( 'NONE', #3468, 1000.000000000000000 ) ;
#9213 = VECTOR ( 'NONE', #3267, 1000.000000000000000 ) ;
#9214 = DIRECTION ( 'NONE',  ( -9.757819552369538328E-15, 0.000000000000000000, -1.000000000000000000 ) ) ;
#9215 = EDGE_LOOP ( 'NONE', ( #5635, #806, #169, #6467 ) ) ;
#9216 = CARTESIAN_POINT ( 'NONE',  ( 0.000000000000000000, 0.2000000000000000111, 0.000000000000000000 ) ) ;
#9217 = DIRECTION ( 'NONE',  ( 0.000000000000000000, -1.000000000000000000, 0.000000000000000000 ) ) ;
#9218 = VECTOR ( 'NONE', #7857, 1000.000000000000000 ) ;
#9219 = ORIENTED_EDGE ( 'NONE', *, *, #637, .F. ) ;
#9220 = ORIENTED_EDGE ( 'NONE', *, *, #2357, .F. ) ;
#9221 = VECTOR ( 'NONE', #4409, 1000.000000000000000 ) ;
#9222 = EDGE_CURVE ( 'NONE', #10612, #2847, #5597, .T. ) ;
#9223 = FACE_OUTER_BOUND ( 'NONE', #5721, .T. ) ;
#9224 = PRESENTATION_LAYER_ASSIGNMENT (  '', '', ( #7087 ) ) ;
#9225 = LINE ( 'NONE', #6828, #1802 ) ;
#9226 = ORIENTED_EDGE ( 'NONE', *, *, #8754, .T. ) ;
#9227 = CARTESIAN_POINT ( 'NONE',  ( -2.500000000000046185, 0.04999999999999999584, -1.875000000000000000 ) ) ;
#9228 = DIRECTION ( 'NONE',  ( -9.825582188149882355E-15, 0.000000000000000000, -1.000000000000000000 ) ) ;
#9229 = ORIENTED_EDGE ( 'NONE', *, *, #1383, .F. ) ;
#9231 = LINE ( 'NONE', #1497, #839 ) ;
#9230 = CARTESIAN_POINT ( 'NONE',  ( -2.499999999999964917, 0.2000000000000000111, 0.8750000000000031086 ) ) ;
#9232 = PLANE ( 'NONE',  #10024 ) ;
#9233 = CARTESIAN_POINT ( 'NONE',  ( -1.374999999999999112, 0.2000000000000000111, 2.100000000000032951 ) ) ;
#9234 = VERTEX_POINT ( 'NONE', #1275 ) ;
#9235 = DIRECTION ( 'NONE',  ( 1.000000000000000000, 0.000000000000000000, -1.002887009549091444E-14 ) ) ;
#9236 = ORIENTED_EDGE ( 'NONE', *, *, #4303, .F. ) ;
#9237 = ORIENTED_EDGE ( 'NONE', *, *, #4100, .T. ) ;
#9238 = ORIENTED_EDGE ( 'NONE', *, *, #2339, .F. ) ;
#9239 = DIRECTION ( 'NONE',  ( -0.000000000000000000, -1.000000000000000000, -0.000000000000000000 ) ) ;
#9240 = CARTESIAN_POINT ( 'NONE',  ( 0.6250000000000009992, 0.2000000000000000111, 2.100000000000011635 ) ) ;
#9241 = DIRECTION ( 'NONE',  ( 0.000000000000000000, 0.000000000000000000, -1.000000000000000000 ) ) ;
#9242 = LINE ( 'NONE', #4123, #2974 ) ;
#9243 = ORIENTED_EDGE ( 'NONE', *, *, #10560, .T. ) ;
#9244 = DIRECTION ( 'NONE',  ( 1.000000000000000000, 0.000000000000000000, 2.775557561562891351E-14 ) ) ;
#9245 = VECTOR ( 'NONE', #940, 1000.000000000000000 ) ;
#9246 = VECTOR ( 'NONE', #6264, 1000.000000000000000 ) ;
#9247 = VERTEX_POINT ( 'NONE', #604 ) ;
#9248 = CARTESIAN_POINT ( 'NONE',  ( -1.675000000000000266, 0.2000000000000000111, -1.375000000000000888 ) ) ;
#9249 = CARTESIAN_POINT ( 'NONE',  ( -1.124999999999997558, 0.2000000000000000111, 2.499999999999996447 ) ) ;
#9250 = FILL_AREA_STYLE_COLOUR ( '', #6874 ) ;
#9251 = FACE_OUTER_BOUND ( 'NONE', #7474, .T. ) ;
#9252 = AXIS2_PLACEMENT_3D ( 'NONE', #7692, #239, #9421 ) ;
#9253 = DIRECTION ( 'NONE',  ( -1.000000000000000000, 0.000000000000000000, 9.757819552369536751E-15 ) ) ;
#9254 = CARTESIAN_POINT ( 'NONE',  ( 0.1250000000000025258, 0.2000000000000000111, 2.499999999999973799 ) ) ;
#9256 = CARTESIAN_POINT ( 'NONE',  ( -1.124999999999997558, 0.2000000000000000111, 2.499999999999996447 ) ) ;
#9255 = LINE ( 'NONE', #5903, #4594 ) ;
#9257 = ORIENTED_EDGE ( 'NONE', *, *, #4842, .F. ) ;
#9258 = VERTEX_POINT ( 'NONE', #6457 ) ;
#9259 = ADVANCED_FACE ( 'NONE', ( #1440 ), #8103, .F. ) ;
#9260 = AXIS2_PLACEMENT_3D ( 'NONE', #685, #10018, #3495 ) ;
#9262 = VERTEX_POINT ( 'NONE', #8946 ) ;
#9261 = CARTESIAN_POINT ( 'NONE',  ( 0.1250000000000025258, 0.2000000000000000111, 2.499999999999973799 ) ) ;
#9263 = VERTEX_POINT ( 'NONE', #5496 ) ;
#9264 = ADVANCED_FACE ( 'NONE', ( #2158 ), #9001, .F. ) ;
#9265 = CARTESIAN_POINT ( 'NONE',  ( -2.500000000000000000, 0.04999999999999969746, 2.500000000000000000 ) ) ;
#9266 = ORIENTED_EDGE ( 'NONE', *, *, #1464, .T. ) ;
#9267 = CARTESIAN_POINT ( 'NONE',  ( 0.000000000000000000, 0.2000000000000000111, 0.000000000000000000 ) ) ;
#9268 = LINE ( 'NONE', #6613, #4519 ) ;
#9269 = ADVANCED_FACE ( 'NONE', ( #1322 ), #4661, .T. ) ;
#9270 = EDGE_CURVE ( 'NONE', #3199, #5001, #1385, .T. ) ;
#9271 = UNCERTAINTY_MEASURE_WITH_UNIT (LENGTH_MEASURE( 1.000000000000000082E-05 ), #5080, 'distance_accuracy_value', 'NONE');
#9272 = ORIENTED_EDGE ( 'NONE', *, *, #4842, .T. ) ;
#9273 = EDGE_LOOP ( 'NONE', ( #3640, #4029, #4859, #9153 ) ) ;
#9274 = CARTESIAN_POINT ( 'NONE',  ( -1.375000000000000444, 0.2000000000000000111, -1.675000000000000711 ) ) ;
#9275 = ORIENTED_EDGE ( 'NONE', *, *, #6634, .T. ) ;
#9276 = LINE ( 'NONE', #4148, #10493 ) ;
#9277 = DIRECTION ( 'NONE',  ( -1.000000000000000000, -0.000000000000000000, 1.439820485060763520E-13 ) ) ;
#9278 = CARTESIAN_POINT ( 'NONE',  ( -0.6250000000000022204, 0.2000000000000000111, -2.499999999999966693 ) ) ;
#9279 = EDGE_CURVE ( 'NONE', #2114, #1210, #8049, .T. ) ;
#9280 = CARTESIAN_POINT ( 'NONE',  ( 0.6250000000000018874, 0.04999999999999969746, 2.500000000000000000 ) ) ;
#9281 = EDGE_LOOP ( 'NONE', ( #1071, #6753, #4882, #8910 ) ) ;
#9282 = EDGE_CURVE ( 'NONE', #8393, #2348, #5544, .T. ) ;
#9284 = DIRECTION ( 'NONE',  ( -1.439820485060763520E-13, 0.000000000000000000, -1.000000000000000000 ) ) ;
#9283 = CARTESIAN_POINT ( 'NONE',  ( 1.809999999999999831, 0.04999999999999999584, -2.100000000000000089 ) ) ;
#9285 = CARTESIAN_POINT ( 'NONE',  ( 1.874999999999999112, 0.2000000000000000111, 2.165000000000000480 ) ) ;
#9286 = EDGE_CURVE ( 'NONE', #6452, #6429, #3887, .T. ) ;
#9287 = CARTESIAN_POINT ( 'NONE',  ( -2.499999999999970246, 0.2000000000000000111, 0.3750000000000031641 ) ) ;
#9288 = EDGE_LOOP ( 'NONE', ( #9924, #3868, #2554, #3699 ) ) ;
#9289 = DIRECTION ( 'NONE',  ( -1.439820485060763520E-13, 0.000000000000000000, -1.000000000000000000 ) ) ;
#9290 = ORIENTED_EDGE ( 'NONE', *, *, #1657, .F. ) ;
#9291 = ORIENTED_EDGE ( 'NONE', *, *, #2798, .T. ) ;
#9292 = ORIENTED_EDGE ( 'NONE', *, *, #3226, .F. ) ;
#9293 = EDGE_LOOP ( 'NONE', ( #1235, #10672, #6804, #8895 ) ) ;
#9294 = CARTESIAN_POINT ( 'NONE',  ( -2.499999999999954703, 0.2000000000000000111, 1.875000000000002887 ) ) ;
#9295 =( LENGTH_UNIT ( ) NAMED_UNIT ( * ) SI_UNIT ( .MILLI., .METRE. ) );
#9296 = CARTESIAN_POINT ( 'NONE',  ( 1.624999999999997780, 0.2000000000000000111, -2.500000000000000000 ) ) ;
#9297 = CARTESIAN_POINT ( 'NONE',  ( -0.8750000000000022204, 0.000000000000000000, -2.499999999999974243 ) ) ;
#9298 = ORIENTED_EDGE ( 'NONE', *, *, #1788, .F. ) ;
#9299 = DIRECTION ( 'NONE',  ( 9.757819552369538328E-15, 0.000000000000000000, 1.000000000000000000 ) ) ;
#9300 = EDGE_LOOP ( 'NONE', ( #363, #1622, #2332, #1718 ) ) ;
#9301 = CARTESIAN_POINT ( 'NONE',  ( -2.099999999999964562, 0.000000000000000000, 0.8749999999999990008 ) ) ;
#9302 = CARTESIAN_POINT ( 'NONE',  ( -2.099999999999957012, 0.2000000000000000111, 1.624999999999998890 ) ) ;
#9303 = LINE ( 'NONE', #7573, #3855 ) ;
#9304 = DIRECTION ( 'NONE',  ( 0.000000000000000000, 0.000000000000000000, 1.000000000000000000 ) ) ;
#9305 = CARTESIAN_POINT ( 'NONE',  ( -0.6250000000000014433, 0.04999999999999999584, 2.099999999999991207 ) ) ;
#9306 = DIRECTION ( 'NONE',  ( 1.000000000000000000, 0.000000000000000000, 0.000000000000000000 ) ) ;
#9307 = CARTESIAN_POINT ( 'NONE',  ( -0.3749999999999991118, 0.000000000000000000, 2.100000000000021849 ) ) ;
#9308 = VERTEX_POINT ( 'NONE', #7219 ) ;
#9309 = ORIENTED_EDGE ( 'NONE', *, *, #5138, .T. ) ;
#9311 = ORIENTED_EDGE ( 'NONE', *, *, #5035, .T. ) ;
#9310 = SURFACE_SIDE_STYLE ('',( #5906 ) ) ;
#9312 = ORIENTED_EDGE ( 'NONE', *, *, #4492, .F. ) ;
#9313 = PLANE ( 'NONE',  #8680 ) ;
#9314 = ORIENTED_EDGE ( 'NONE', *, *, #2813, .T. ) ;
#9315 = FACE_OUTER_BOUND ( 'NONE', #563, .T. ) ;
#9317 = DIRECTION ( 'NONE',  ( -0.000000000000000000, -1.000000000000000000, -0.000000000000000000 ) ) ;
#9316 = CARTESIAN_POINT ( 'NONE',  ( -2.500000000000000000, 0.04999999999999969746, 2.500000000000000000 ) ) ;
#9318 = VERTEX_POINT ( 'NONE', #10716 ) ;
#9319 = EDGE_CURVE ( 'NONE', #8134, #5001, #8272, .T. ) ;
#9320 = VECTOR ( 'NONE', #5539, 1000.000000000000000 ) ;
#9321 = ORIENTED_EDGE ( 'NONE', *, *, #2008, .F. ) ;
#9322 = DIRECTION ( 'NONE',  ( 0.000000000000000000, -1.000000000000000000, 0.000000000000000000 ) ) ;
#9323 = ORIENTED_EDGE ( 'NONE', *, *, #1532, .T. ) ;
#9324 = PLANE ( 'NONE',  #4633 ) ;
#9325 = EDGE_CURVE ( 'NONE', #1264, #8150, #10663, .T. ) ;
#9326 = DIRECTION ( 'NONE',  ( -2.949029909160572061E-14, 0.000000000000000000, 1.000000000000000000 ) ) ;
#9327 = LINE ( 'NONE', #8436, #4543 ) ;
#9328 = CARTESIAN_POINT ( 'NONE',  ( -1.374999999999997558, 0.2000000000000000111, 2.499999999999989786 ) ) ;
#9329 = AXIS2_PLACEMENT_3D ( 'NONE', #2895, #2846, #3566 ) ;
#9330 = ORIENTED_EDGE ( 'NONE', *, *, #8313, .T. ) ;
#9332 = CARTESIAN_POINT ( 'NONE',  ( 0.000000000000000000, 0.2000000000000000111, 0.000000000000000000 ) ) ;
#9331 = LINE ( 'NONE', #6676, #9213 ) ;
#9333 = LINE ( 'NONE', #6678, #6668 ) ;
#9334 = LINE ( 'NONE', #9287, #4537 ) ;
#9335 = EDGE_CURVE ( 'NONE', #600, #590, #6507, .T. ) ;
#9336 = EDGE_CURVE ( 'NONE', #5179, #6797, #553, .T. ) ;
#9337 = ORIENTED_EDGE ( 'NONE', *, *, #8325, .T. ) ;
#9338 = VECTOR ( 'NONE', #3548, 1000.000000000000000 ) ;
#9339 = PLANE ( 'NONE',  #6727 ) ;
#9340 = ADVANCED_FACE ( 'NONE', ( #10768 ), #3943, .T. ) ;
#9341 = CARTESIAN_POINT ( 'NONE',  ( -0.6250000000000022204, 0.2000000000000000111, -2.499999999999966693 ) ) ;
#9342 = ADVANCED_FACE ( 'NONE', ( #10548 ), #2270, .F. ) ;
#9343 = VERTEX_POINT ( 'NONE', #659 ) ;
#9344 = ORIENTED_EDGE ( 'NONE', *, *, #7896, .T. ) ;
#9345 = VERTEX_POINT ( 'NONE', #9013 ) ;
#9346 = LINE ( 'NONE', #4229, #3677 ) ;
#9347 = CARTESIAN_POINT ( 'NONE',  ( -1.375000000000000444, 0.2000000000000000111, -1.675000000000000711 ) ) ;
#9348 = VECTOR ( 'NONE', #149, 1000.000000000000000 ) ;
#9349 = LINE ( 'NONE', #4292, #10247 ) ;
#9350 = CARTESIAN_POINT ( 'NONE',  ( 2.500000000000000888, 0.2000000000000000111, 1.624999999999998668 ) ) ;
#9351 = VERTEX_POINT ( 'NONE', #10674 ) ;
#9352 = CLOSED_SHELL ( 'NONE', ( #10268, #7628, #2737, #10887, #4162, #10209 ) ) ;
#9353 = STYLED_ITEM ( 'NONE', ( #757 ), #6254 ) ;
#9354 = ORIENTED_EDGE ( 'NONE', *, *, #3572, .T. ) ;
#9355 = LINE ( 'NONE', #7571, #8644 ) ;
#9356 = DIRECTION ( 'NONE',  ( 0.000000000000000000, -1.000000000000000000, 0.000000000000000000 ) ) ;
#9357 = DIRECTION ( 'NONE',  ( 0.000000000000000000, -1.000000000000000000, 0.000000000000000000 ) ) ;
#9358 = LINE ( 'NONE', #1586, #10458 ) ;
#9359 = VECTOR ( 'NONE', #2048, 1000.000000000000000 ) ;
#9360 = LINE ( 'NONE', #10027, #5476 ) ;
#9361 = AXIS2_PLACEMENT_3D ( 'NONE', #9332, #5932, #5098 ) ;
#9362 = ORIENTED_EDGE ( 'NONE', *, *, #4307, .F. ) ;
#9363 = VERTEX_POINT ( 'NONE', #2168 ) ;
#9364 = ORIENTED_EDGE ( 'NONE', *, *, #4295, .F. ) ;
#9365 = VECTOR ( 'NONE', #8110, 1000.000000000000000 ) ;
#9366 = VECTOR ( 'NONE', #9083, 1000.000000000000000 ) ;
#9367 = DIRECTION ( 'NONE',  ( -0.000000000000000000, 1.000000000000000000, 0.000000000000000000 ) ) ;
#9368 = AXIS2_PLACEMENT_3D ( 'NONE', #7344, #8189, #2901 ) ;
#9369 = ORIENTED_EDGE ( 'NONE', *, *, #1370, .T. ) ;
#9370 = DIRECTION ( 'NONE',  ( 0.000000000000000000, -0.000000000000000000, 1.000000000000000000 ) ) ;
#9371 = AXIS2_PLACEMENT_3D ( 'NONE', #6339, #9112, #9707 ) ;
#9373 = CARTESIAN_POINT ( 'NONE',  ( 0.6249999999999978906, 0.2000000000000000111, -2.499999999999989786 ) ) ;
#9372 = CARTESIAN_POINT ( 'NONE',  ( -2.499999999999956923, 0.000000000000000000, 1.625000000000003109 ) ) ;
#9374 = ORIENTED_EDGE ( 'NONE', *, *, #3685, .T. ) ;
#9375 = AXIS2_PLACEMENT_3D ( 'NONE', #6271, #2825, #9758 ) ;
#9376 = ORIENTED_EDGE ( 'NONE', *, *, #2673, .T. ) ;
#9377 = AXIS2_PLACEMENT_3D ( 'NONE', #76, #6870, #10254 ) ;
#9378 = MECHANICAL_DESIGN_GEOMETRIC_PRESENTATION_REPRESENTATION (  '', ( #1748 ), #4440 ) ;
#9379 = CARTESIAN_POINT ( 'NONE',  ( -0.1250000000000022204, 0.2000000000000000111, -2.499999999999972022 ) ) ;
#9380 = ORIENTED_EDGE ( 'NONE', *, *, #8030, .F. ) ;
#9381 = DIRECTION ( 'NONE',  ( 1.000000000000000000, 0.000000000000000000, 2.949029909160572061E-14 ) ) ;
#9382 = LINE ( 'NONE', #1769, #4906 ) ;
#9383 = DIRECTION ( 'NONE',  ( 0.000000000000000000, -1.000000000000000000, 0.000000000000000000 ) ) ;
#9384 = DIRECTION ( 'NONE',  ( 0.000000000000000000, 0.000000000000000000, 1.000000000000000000 ) ) ;
#9385 = AXIS2_PLACEMENT_3D ( 'NONE', #8532, #7574, #9304 ) ;
#9386 = ORIENTED_EDGE ( 'NONE', *, *, #10692, .T. ) ;
#9388 = DIRECTION ( 'NONE',  ( 0.000000000000000000, -1.000000000000000000, 0.000000000000000000 ) ) ;
#9387 = DIRECTION ( 'NONE',  ( 0.000000000000000000, -1.000000000000000000, 0.000000000000000000 ) ) ;
#9389 = FACE_OUTER_BOUND ( 'NONE', #10971, .T. ) ;
#9390 = VECTOR ( 'NONE', #696, 1000.000000000000000 ) ;
#9391 = AXIS2_PLACEMENT_3D ( 'NONE', #2980, #4702, #10591 ) ;
#9392 = CARTESIAN_POINT ( 'NONE',  ( 0.3749999999999993339, 0.2000000000000000111, -2.100000000000020073 ) ) ;
#9393 = VERTEX_POINT ( 'NONE', #4836 ) ;
#9394 = MECHANICAL_DESIGN_GEOMETRIC_PRESENTATION_REPRESENTATION (  '', ( #7965 ), #10633 ) ;
#9395 = LINE ( 'NONE', #10282, #1394 ) ;
#9396 = EDGE_CURVE ( 'NONE', #4388, #8486, #8957, .T. ) ;
#9397 = DIRECTION ( 'NONE',  ( -0.000000000000000000, -1.000000000000000000, -0.000000000000000000 ) ) ;
#9398 = ORIENTED_EDGE ( 'NONE', *, *, #3684, .F. ) ;
#9399 = VERTEX_POINT ( 'NONE', #671 ) ;
#9400 = VERTEX_POINT ( 'NONE', #7290 ) ;
#9401 = LINE ( 'NONE', #6003, #10296 ) ;
#9402 = ADVANCED_FACE ( 'NONE', ( #3004 ), #5717, .F. ) ;
#9403 = VECTOR ( 'NONE', #6, 1000.000000000000000 ) ;
#9404 = LINE ( 'NONE', #1787, #5813 ) ;
#9405 = DIRECTION ( 'NONE',  ( -3.794707603699675727E-15, 0.000000000000000000, -1.000000000000000000 ) ) ;
#9406 = EDGE_LOOP ( 'NONE', ( #9601, #9047, #3556, #1946 ) ) ;
#9407 = EDGE_CURVE ( 'NONE', #10735, #2890, #7390, .T. ) ;
#9408 = STYLED_ITEM ( 'NONE', ( #9617 ), #2815 ) ;
#9409 = VERTEX_POINT ( 'NONE', #1502 ) ;
#9410 = CARTESIAN_POINT ( 'NONE',  ( -0.1250000000000006939, 0.04999999999999999584, -2.100000000000015188 ) ) ;
#9411 = CARTESIAN_POINT ( 'NONE',  ( -1.874999999999998890, 0.2000000000000000111, -2.164999999999999591 ) ) ;
#9412 = LINE ( 'NONE', #2934, #9359 ) ;
#9413 = CARTESIAN_POINT ( 'NONE',  ( -2.500000000000042633, 0.2000000000000000111, -1.625000000000000222 ) ) ;
#9414 = CARTESIAN_POINT ( 'NONE',  ( -2.099999999999988098, 0.000000000000000000, -1.375000000000001332 ) ) ;
#9415 = EDGE_CURVE ( 'NONE', #5919, #5732, #8178, .T. ) ;
#9416 = CARTESIAN_POINT ( 'NONE',  ( 0.6250000000000009992, 0.000000000000000000, 2.100000000000011635 ) ) ;
#9417 = CARTESIAN_POINT ( 'NONE',  ( 2.099999999999995648, 0.2000000000000000111, 1.125000000000002442 ) ) ;
#9418 = VECTOR ( 'NONE', #3261, 1000.000000000000000 ) ;
#9419 = EDGE_CURVE ( 'NONE', #6494, #6846, #3056, .T. ) ;
#9420 = VECTOR ( 'NONE', #7763, 1000.000000000000000 ) ;
#9422 = ORIENTED_EDGE ( 'NONE', *, *, #3066, .F. ) ;
#9421 = DIRECTION ( 'NONE',  ( 1.040834085586083468E-14, 0.000000000000000000, 1.000000000000000000 ) ) ;
#9423 = EDGE_CURVE ( 'NONE', #606, #7303, #4003, .T. ) ;
#9424 = VECTOR ( 'NONE', #1829, 1000.000000000000000 ) ;
#9425 = CARTESIAN_POINT ( 'NONE',  ( -2.099999999999973888, 0.05000000000000000278, 2.185751579730747909E-14 ) ) ;
#9426 = CARTESIAN_POINT ( 'NONE',  ( 1.374999999999999334, 0.2000000000000000111, -2.100000000000030731 ) ) ;
#9427 = VERTEX_POINT ( 'NONE', #8227 ) ;
#9428 = DIRECTION ( 'NONE',  ( 1.000000000000000000, 0.000000000000000000, -1.084202172485504276E-14 ) ) ;
#9430 = DIRECTION ( 'NONE',  ( 2.775557561562891351E-14, 0.000000000000000000, -1.000000000000000000 ) ) ;
#9429 = LINE ( 'NONE', #2023, #3521 ) ;
#9431 = EDGE_LOOP ( 'NONE', ( #1143, #10105, #4368, #4508 ) ) ;
#9432 = VECTOR ( 'NONE', #10045, 1000.000000000000000 ) ;
#9433 = ORIENTED_EDGE ( 'NONE', *, *, #3472, .T. ) ;
#9434 = VERTEX_POINT ( 'NONE', #1400 ) ;
#9435 = DIRECTION ( 'NONE',  ( -0.000000000000000000, -1.000000000000000000, -0.000000000000000000 ) ) ;
#9436 = CARTESIAN_POINT ( 'NONE',  ( 0.1249999999999977796, 0.000000000000000000, -2.499999999999984457 ) ) ;
#9437 = FACE_OUTER_BOUND ( 'NONE', #7199, .T. ) ;
#9438 = DIRECTION ( 'NONE',  ( -1.000000000000000000, -0.000000000000000000, 1.084202172485504118E-14 ) ) ;
#9439 = ORIENTED_EDGE ( 'NONE', *, *, #2121, .T. ) ;
#9441 = DIRECTION ( 'NONE',  ( 2.949029909160572061E-14, 0.000000000000000000, -1.000000000000000000 ) ) ;
#9440 = DIRECTION ( 'NONE',  ( -9.757819552369536751E-15, 0.000000000000000000, -1.000000000000000000 ) ) ;
#9442 = LINE ( 'NONE', #7716, #10373 ) ;
#9443 = DIRECTION ( 'NONE',  ( -1.000000000000000000, -0.000000000000000000, 1.084202172485504118E-14 ) ) ;
#9444 = EDGE_LOOP ( 'NONE', ( #6983, #2223, #8120, #5543 ) ) ;
#9445 = PLANE ( 'NONE',  #10969 ) ;
#9446 = LINE ( 'NONE', #1513, #10839 ) ;
#9447 = ORIENTED_EDGE ( 'NONE', *, *, #6831, .F. ) ;
#9448 = ORIENTED_EDGE ( 'NONE', *, *, #382, .F. ) ;
#9449 = ORIENTED_EDGE ( 'NONE', *, *, #3768, .F. ) ;
#9450 = DIRECTION ( 'NONE',  ( -0.000000000000000000, -1.000000000000000000, -0.000000000000000000 ) ) ;
#9451 = LINE ( 'NONE', #1834, #9937 ) ;
#9452 = CARTESIAN_POINT ( 'NONE',  ( -1.875000000000002220, 0.2000000000000000111, -2.499999999999953815 ) ) ;
#9453 = PLANE ( 'NONE',  #5990 ) ;
#9454 = DIRECTION ( 'NONE',  ( -0.000000000000000000, -1.000000000000000000, -0.000000000000000000 ) ) ;
#9455 = VERTEX_POINT ( 'NONE', #7453 ) ;
#9456 = ORIENTED_EDGE ( 'NONE', *, *, #38, .F. ) ;
#9457 = CARTESIAN_POINT ( 'NONE',  ( 0.8750000000000025535, 0.2000000000000000111, 2.499999999999975575 ) ) ;
#9458 = ADVANCED_FACE ( 'NONE', ( #4726 ), #564, .F. ) ;
#9459 = EDGE_CURVE ( 'NONE', #10916, #4311, #9779, .T. ) ;
#9460 = SURFACE_STYLE_USAGE ( .BOTH. , #1177 ) ;
#9461 = CARTESIAN_POINT ( 'NONE',  ( 1.524999999999999023, 0.04999999999999999584, 1.674999999999998712 ) ) ;
#9462 = CARTESIAN_POINT ( 'NONE',  ( 2.099999999999974776, 0.2000000000000000111, -0.8749999999999975575 ) ) ;
#9463 = LINE ( 'NONE', #9414, #2252 ) ;
#9464 = DIRECTION ( 'NONE',  ( -1.000000000000000000, -0.000000000000000000, 1.439820485060763520E-13 ) ) ;
#9465 = DIRECTION ( 'NONE',  ( 0.000000000000000000, -1.000000000000000000, 0.000000000000000000 ) ) ;
#9466 = ADVANCED_FACE ( 'NONE', ( #9831 ), #4791, .T. ) ;
#9467 = EDGE_CURVE ( 'NONE', #10127, #5974, #6633, .T. ) ;
#9469 = ORIENTED_EDGE ( 'NONE', *, *, #2064, .T. ) ;
#9468 = LINE ( 'NONE', #2739, #9955 ) ;
#9470 = EDGE_CURVE ( 'NONE', #8994, #10922, #3106, .T. ) ;
#9471 = CARTESIAN_POINT ( 'NONE',  ( -2.499999999999975131, 0.04999999999999999584, -0.1249999999999968636 ) ) ;
#9472 = PLANE ( 'NONE',  #3125 ) ;
#9473 = CARTESIAN_POINT ( 'NONE',  ( 2.499999999999956923, 0.2000000000000000111, -1.625000000000001332 ) ) ;
#9474 = ORIENTED_EDGE ( 'NONE', *, *, #5666, .F. ) ;
#9475 = CARTESIAN_POINT ( 'NONE',  ( 2.500000000000000000, 0.04999999999999969746, 2.500000000000000000 ) ) ;
#9477 = DIRECTION ( 'NONE',  ( -9.757819552369538328E-15, 0.000000000000000000, -1.000000000000000000 ) ) ;
#9476 = PLANE ( 'NONE',  #2820 ) ;
#9478 = ORIENTED_EDGE ( 'NONE', *, *, #6363, .T. ) ;
#9479 = ORIENTED_EDGE ( 'NONE', *, *, #494, .F. ) ;
#9481 = ORIENTED_EDGE ( 'NONE', *, *, #3705, .F. ) ;
#9480 = SURFACE_SIDE_STYLE ('',( #8602 ) ) ;
#9482 = ORIENTED_EDGE ( 'NONE', *, *, #8808, .F. ) ;
#9483 = PLANE ( 'NONE',  #10850 ) ;
#9484 = FACE_OUTER_BOUND ( 'NONE', #5073, .T. ) ;
#9485 =( NAMED_UNIT ( * ) PLANE_ANGLE_UNIT ( ) SI_UNIT ( $, .RADIAN. ) );
#9486 = DIRECTION ( 'NONE',  ( 1.000000000000000000, 0.000000000000000000, -1.029992063861228897E-14 ) ) ;
#9487 = EDGE_LOOP ( 'NONE', ( #6747, #6942, #5030, #5250 ) ) ;
#9489 = DIRECTION ( 'NONE',  ( 1.000000000000000000, 0.000000000000000000, -5.825563911862536913E-15 ) ) ;
#9488 = LINE ( 'NONE', #4603, #3882 ) ;
#9490 = VECTOR ( 'NONE', #4654, 1000.000000000000000 ) ;
#9491 = CARTESIAN_POINT ( 'NONE',  ( 0.1250000000000025258, 0.2000000000000000111, 2.499999999999973799 ) ) ;
#9492 = DIRECTION ( 'NONE',  ( 1.000000000000000000, 0.000000000000000000, -1.084202172485504276E-14 ) ) ;
#9493 = EDGE_LOOP ( 'NONE', ( #4885, #3414, #7465, #5203 ) ) ;
#9494 = DIRECTION ( 'NONE',  ( -1.000000000000000000, 0.000000000000000000, 9.893344823930226383E-15 ) ) ;
#9495 = VECTOR ( 'NONE', #4082, 1000.000000000000000 ) ;
#9496 = FACE_OUTER_BOUND ( 'NONE', #3581, .T. ) ;
#9497 = VERTEX_POINT ( 'NONE', #8116 ) ;
#9498 = VERTEX_POINT ( 'NONE', #10838 ) ;
#9499 = ORIENTED_EDGE ( 'NONE', *, *, #2605, .T. ) ;
#9500 = DIRECTION ( 'NONE',  ( -1.000000000000000000, -0.000000000000000000, 1.457167719820531843E-13 ) ) ;
#9501 = ORIENTED_EDGE ( 'NONE', *, *, #3770, .T. ) ;
#9502 = CARTESIAN_POINT ( 'NONE',  ( 0.6250000000000025535, 0.2000000000000000111, 2.499999999999968470 ) ) ;
#9503 = DIRECTION ( 'NONE',  ( 0.000000000000000000, -0.000000000000000000, 1.000000000000000000 ) ) ;
#9504 = AXIS2_PLACEMENT_3D ( 'NONE', #6269, #3806, #7109 ) ;
#9505 = DIRECTION ( 'NONE',  ( 0.000000000000000000, 0.000000000000000000, 1.000000000000000000 ) ) ;
#9506 = CARTESIAN_POINT ( 'NONE',  ( 2.499999999999990674, 0.2000000000000000111, 0.6249999999999984457 ) ) ;
#9507 = ORIENTED_EDGE ( 'NONE', *, *, #7362, .F. ) ;
#9508 = VECTOR ( 'NONE', #2983, 1000.000000000000000 ) ;
#9509 = ORIENTED_EDGE ( 'NONE', *, *, #229, .F. ) ;
#9510 = MECHANICAL_DESIGN_GEOMETRIC_PRESENTATION_REPRESENTATION (  '', ( #7914 ), #8458 ) ;
#9511 = CARTESIAN_POINT ( 'NONE',  ( -2.099999999999959677, 0.2000000000000000111, 1.374999999999999112 ) ) ;
#9512 = FILL_AREA_STYLE_COLOUR ( '', #883 ) ;
#9513 = LINE ( 'NONE', #4408, #3151 ) ;
#9514 = CARTESIAN_POINT ( 'NONE',  ( -2.099999999999969891, 0.2000000000000000111, 0.3749999999999990563 ) ) ;
#9515 = DIRECTION ( 'NONE',  ( 0.000000000000000000, -0.000000000000000000, 1.000000000000000000 ) ) ;
#9516 = CLOSED_SHELL ( 'NONE', ( #3912, #3367, #3983, #6426, #7118, #6115 ) ) ;
#9517 = MECHANICAL_DESIGN_GEOMETRIC_PRESENTATION_REPRESENTATION (  '', ( #2592 ), #2769 ) ;
#9518 = ADVANCED_FACE ( 'NONE', ( #2285 ), #9123, .F. ) ;
#9520 = VERTEX_POINT ( 'NONE', #8060 ) ;
#9519 = SURFACE_STYLE_FILL_AREA ( #9582 ) ;
#9521 = EDGE_CURVE ( 'NONE', #4621, #8547, #5554, .T. ) ;
#9522 = ADVANCED_FACE ( 'NONE', ( #3835 ), #10614, .T. ) ;
#9523 = LINE ( 'NONE', #7092, #3477 ) ;
#9524 = AXIS2_PLACEMENT_3D ( 'NONE', #2759, #885, #4274 ) ;
#9525 = DIRECTION ( 'NONE',  ( 0.000000000000000000, -0.000000000000000000, 1.000000000000000000 ) ) ;
#9526 = ORIENTED_EDGE ( 'NONE', *, *, #10505, .F. ) ;
#9527 = DIRECTION ( 'NONE',  ( 1.040834085586084257E-14, 0.000000000000000000, 1.000000000000000000 ) ) ;
#9528 = ADVANCED_FACE ( 'NONE', ( #5764 ), #2446, .F. ) ;
#9530 = LINE ( 'NONE', #2585, #6674 ) ;
#9529 = DIRECTION ( 'NONE',  ( -1.000000000000000000, 0.000000000000000000, 1.214306433183765124E-14 ) ) ;
#9531 = EDGE_CURVE ( 'NONE', #6211, #4338, #5107, .T. ) ;
#9532 = ORIENTED_EDGE ( 'NONE', *, *, #98, .F. ) ;
#9533 = EDGE_CURVE ( 'NONE', #7314, #10870, #895, .T. ) ;
#9534 = ORIENTED_EDGE ( 'NONE', *, *, #2362, .T. ) ;
#9535 = ADVANCED_FACE ( 'NONE', ( #10886 ), #3494, .F. ) ;
#9536 = VECTOR ( 'NONE', #6480, 1000.000000000000000 ) ;
#9538 = VERTEX_POINT ( 'NONE', #3273 ) ;
#9537 =( NAMED_UNIT ( * ) SI_UNIT ( $, .STERADIAN. ) SOLID_ANGLE_UNIT ( ) );
#9539 = ORIENTED_EDGE ( 'NONE', *, *, #4913, .F. ) ;
#9540 =( LENGTH_UNIT ( ) NAMED_UNIT ( * ) SI_UNIT ( .MILLI., .METRE. ) );
#9541 = AXIS2_PLACEMENT_3D ( 'NONE', #9037, #8975, #3925 ) ;
#9542 = CARTESIAN_POINT ( 'NONE',  ( -1.375000000000002220, 0.04999999999999999584, -2.499999999999968914 ) ) ;
#9543 = VECTOR ( 'NONE', #4680, 1000.000000000000000 ) ;
#9544 = PLANE ( 'NONE',  #6695 ) ;
#9545 = CARTESIAN_POINT ( 'NONE',  ( -2.499999999999959588, 0.2000000000000000111, 1.375000000000003109 ) ) ;
#9546 = ORIENTED_EDGE ( 'NONE', *, *, #7567, .T. ) ;
#9548 = LINE ( 'NONE', #2829, #9009 ) ;
#9547 = DIRECTION ( 'NONE',  ( 1.000000000000000000, -0.000000000000000000, -3.794707603699675727E-15 ) ) ;
#9549 = LINE ( 'NONE', #97, #3812 ) ;
#9550 = VECTOR ( 'NONE', #404, 1000.000000000000000 ) ;
#9551 = CARTESIAN_POINT ( 'NONE',  ( -0.8749999999999975575, 0.2000000000000000111, 2.499999999999984013 ) ) ;
#9552 = VECTOR ( 'NONE', #6752, 1000.000000000000000 ) ;
#9553 = EDGE_CURVE ( 'NONE', #10414, #7134, #1720, .T. ) ;
#9554 = AXIS2_PLACEMENT_3D ( 'NONE', #3044, #6454, #2207 ) ;
#9555 = ORIENTED_EDGE ( 'NONE', *, *, #1313, .T. ) ;
#9556 = DIRECTION ( 'NONE',  ( 0.7071067811865475727, 0.000000000000000000, -0.7071067811865475727 ) ) ;
#9557 = AXIS2_PLACEMENT_3D ( 'NONE', #7111, #9646, #6325 ) ;
#9558 = CARTESIAN_POINT ( 'NONE',  ( -1.809999999999998943, 0.2000000000000000111, -2.099999999999999645 ) ) ;
#9559 = ORIENTED_EDGE ( 'NONE', *, *, #4984, .F. ) ;
#9560 = ORIENTED_EDGE ( 'NONE', *, *, #6422, .T. ) ;
#9561 = ORIENTED_EDGE ( 'NONE', *, *, #3569, .T. ) ;
#9562 = DIRECTION ( 'NONE',  ( 0.000000000000000000, 1.000000000000000000, 0.000000000000000000 ) ) ;
#9563 = AXIS2_PLACEMENT_3D ( 'NONE', #7701, #3168, #3102 ) ;
#9564 = ORIENTED_EDGE ( 'NONE', *, *, #1187, .F. ) ;
#9565 = AXIS2_PLACEMENT_3D ( 'NONE', #2256, #1269, #5642 ) ;
#9566 = SURFACE_STYLE_USAGE ( .BOTH. , #3726 ) ;
#9567 = DIRECTION ( 'NONE',  ( -9.757819552369538328E-15, 0.000000000000000000, -1.000000000000000000 ) ) ;
#9568 = CARTESIAN_POINT ( 'NONE',  ( -0.3749999999999975020, 0.2000000000000000111, 2.499999999999978684 ) ) ;
#9569 = CARTESIAN_POINT ( 'NONE',  ( 0.6250000000000009992, 0.2000000000000000111, 2.100000000000011635 ) ) ;
#9570 = VERTEX_POINT ( 'NONE', #6841 ) ;
#9571 = AXIS2_PLACEMENT_3D ( 'NONE', #7307, #2303, #2360 ) ;
#9572 = EDGE_LOOP ( 'NONE', ( #190, #1545, #988, #10459 ) ) ;
#9573 = AXIS2_PLACEMENT_3D ( 'NONE', #9267, #2532, #9370 ) ;
#9574 = VERTEX_POINT ( 'NONE', #1778 ) ;
#9575 = ORIENTED_EDGE ( 'NONE', *, *, #5782, .T. ) ;
#9576 = FACE_OUTER_BOUND ( 'NONE', #6411, .T. ) ;
#9577 = VECTOR ( 'NONE', #4805, 1000.000000000000000 ) ;
#9578 = CARTESIAN_POINT ( 'NONE',  ( 0.000000000000000000, 0.2000000000000000111, 0.000000000000000000 ) ) ;
#9579 = DIRECTION ( 'NONE',  ( 0.000000000000000000, -1.000000000000000000, 0.000000000000000000 ) ) ;
#9580 = DIRECTION ( 'NONE',  ( 0.000000000000000000, -1.000000000000000000, 0.000000000000000000 ) ) ;
#9581 = VECTOR ( 'NONE', #2619, 1000.000000000000000 ) ;
#9583 = VERTEX_POINT ( 'NONE', #4115 ) ;
#9582 = FILL_AREA_STYLE ('',( #69 ) ) ;
#9584 = CARTESIAN_POINT ( 'NONE',  ( -2.499999999999970246, 0.2000000000000000111, 0.3750000000000031641 ) ) ;
#9585 = CARTESIAN_POINT ( 'NONE',  ( 0.8749999999999993339, 0.2000000000000000111, -2.100000000000025402 ) ) ;
#9586 = VECTOR ( 'NONE', #1304, 1000.000000000000000 ) ;
#9587 = ORIENTED_EDGE ( 'NONE', *, *, #1117, .T. ) ;
#9588 = CARTESIAN_POINT ( 'NONE',  ( -2.099999999999990763, 0.2000000000000000111, -1.625000000000001110 ) ) ;
#9590 = DIRECTION ( 'NONE',  ( -0.7071067811865499042, -0.000000000000000000, -0.7071067811865451302 ) ) ;
#9589 = CARTESIAN_POINT ( 'NONE',  ( 0.8749999999999978906, 0.2000000000000000111, -2.499999999999982236 ) ) ;
#9591 = ORIENTED_EDGE ( 'NONE', *, *, #1058, .T. ) ;
#9592 = ORIENTED_EDGE ( 'NONE', *, *, #8737, .F. ) ;
#9593 = VECTOR ( 'NONE', #7190, 1000.000000000000000 ) ;
#9594 = ORIENTED_EDGE ( 'NONE', *, *, #1250, .F. ) ;
#9595 = EDGE_CURVE ( 'NONE', #817, #778, #4946, .T. ) ;
#9596 = ORIENTED_EDGE ( 'NONE', *, *, #10823, .F. ) ;
#9597 = DIRECTION ( 'NONE',  ( 0.000000000000000000, -0.000000000000000000, 1.000000000000000000 ) ) ;
#9598 = CARTESIAN_POINT ( 'NONE',  ( 2.500000000000000000, 0.04999999999999969746, 2.500000000000000000 ) ) ;
#9599 = DIRECTION ( 'NONE',  ( 1.439820485060763520E-13, 0.000000000000000000, 1.000000000000000000 ) ) ;
#9600 = DIRECTION ( 'NONE',  ( -1.000000000000000000, 0.000000000000000000, 9.757819552369536751E-15 ) ) ;
#9601 = ORIENTED_EDGE ( 'NONE', *, *, #3696, .T. ) ;
#9602 = EDGE_CURVE ( 'NONE', #4659, #8151, #8400, .T. ) ;
#9604 = DIRECTION ( 'NONE',  ( -4.065758146821081023E-15, 0.000000000000000000, -1.000000000000000000 ) ) ;
#9603 = DIRECTION ( 'NONE',  ( 0.000000000000000000, -1.000000000000000000, 0.000000000000000000 ) ) ;
#9605 = CARTESIAN_POINT ( 'NONE',  ( 2.100000000000000533, 0.2000000000000000111, 1.625000000000002442 ) ) ;
#9606 = VECTOR ( 'NONE', #8740, 1000.000000000000000 ) ;
#9607 = DIRECTION ( 'NONE',  ( -1.000000000000000000, 0.000000000000000000, 9.893344823930224805E-15 ) ) ;
#9608 = DIRECTION ( 'NONE',  ( -1.439820485060763520E-13, 0.000000000000000000, -1.000000000000000000 ) ) ;
#9609 = EDGE_CURVE ( 'NONE', #4165, #6629, #52, .T. ) ;
#9610 = DIRECTION ( 'NONE',  ( 3.794707603699675727E-15, -0.000000000000000000, 1.000000000000000000 ) ) ;
#9611 = EDGE_CURVE ( 'NONE', #8393, #6011, #3441, .T. ) ;
#9612 = VERTEX_POINT ( 'NONE', #780 ) ;
#9613 = ORIENTED_EDGE ( 'NONE', *, *, #9719, .T. ) ;
#9614 = PLANE ( 'NONE',  #8717 ) ;
#9615 = ORIENTED_EDGE ( 'NONE', *, *, #5668, .T. ) ;
#9616 = EDGE_CURVE ( 'NONE', #8002, #419, #4163, .T. ) ;
#9617 = PRESENTATION_STYLE_ASSIGNMENT (( #3663 ) ) ;
#9618 = CARTESIAN_POINT ( 'NONE',  ( 0.3749999999999777955, 0.05000000000000000278, -3.710004308973615393E-15 ) ) ;
#9619 = PLANE ( 'NONE',  #3704 ) ;
#9620 = CARTESIAN_POINT ( 'NONE',  ( -2.499999999999959588, 0.04999999999999999584, 1.375000000000003109 ) ) ;
#9621 = VERTEX_POINT ( 'NONE', #6743 ) ;
#9622 = ORIENTED_EDGE ( 'NONE', *, *, #2247, .F. ) ;
#9623 = ORIENTED_EDGE ( 'NONE', *, *, #925, .F. ) ;
#9624 = ORIENTED_EDGE ( 'NONE', *, *, #5045, .F. ) ;
#9625 = DIRECTION ( 'NONE',  ( 0.000000000000000000, -1.000000000000000000, 0.000000000000000000 ) ) ;
#9626 = DIRECTION ( 'NONE',  ( 0.000000000000000000, -1.000000000000000000, 0.000000000000000000 ) ) ;
#9627 = FACE_OUTER_BOUND ( 'NONE', #6000, .T. ) ;
#9628 = DIRECTION ( 'NONE',  ( -1.439820485060763520E-13, 0.000000000000000000, -1.000000000000000000 ) ) ;
#9629 = DIRECTION ( 'NONE',  ( 1.000000000000000000, 0.000000000000000000, -1.457167719820531843E-13 ) ) ;
#9631 = ORIENTED_EDGE ( 'NONE', *, *, #8588, .F. ) ;
#9630 = CARTESIAN_POINT ( 'NONE',  ( -2.500000000000000000, 0.04999999999999969746, -2.500000000000000000 ) ) ;
#9632 = DIRECTION ( 'NONE',  ( -0.000000000000000000, -1.000000000000000000, -0.000000000000000000 ) ) ;
#9633 = DIRECTION ( 'NONE',  ( 9.893344823930224805E-15, 0.000000000000000000, 1.000000000000000000 ) ) ;
#9634 = CARTESIAN_POINT ( 'NONE',  ( -2.099999999999975220, 0.2000000000000000111, -1.809999999999999609 ) ) ;
#9635 = ORIENTED_EDGE ( 'NONE', *, *, #10687, .F. ) ;
#9636 = CARTESIAN_POINT ( 'NONE',  ( -1.809999999999998943, 0.2000000000000000111, -2.099999999999999645 ) ) ;
#9638 = DIRECTION ( 'NONE',  ( 1.000000000000000000, 0.000000000000000000, -0.000000000000000000 ) ) ;
#9637 = CARTESIAN_POINT ( 'NONE',  ( 2.499999999999977796, 0.2000000000000000111, 0.3749999999999985012 ) ) ;
#9639 = ORIENTED_EDGE ( 'NONE', *, *, #10736, .F. ) ;
#9640 = ORIENTED_EDGE ( 'NONE', *, *, #1920, .T. ) ;
#9642 = ORIENTED_EDGE ( 'NONE', *, *, #8238, .T. ) ;
#9641 = SURFACE_STYLE_USAGE ( .BOTH. , #2871 ) ;
#9643 = ORIENTED_EDGE ( 'NONE', *, *, #6979, .T. ) ;
#9644 = DIRECTION ( 'NONE',  ( 1.000000000000000000, 0.000000000000000000, 2.775557561562891351E-14 ) ) ;
#9645 = CARTESIAN_POINT ( 'NONE',  ( -2.100000000000127987, 0.05000000000000000278, -1.772231010592643980E-13 ) ) ;
#9646 = DIRECTION ( 'NONE',  ( 0.000000000000000000, 1.000000000000000000, 0.000000000000000000 ) ) ;
#9647 = EDGE_LOOP ( 'NONE', ( #3114, #3833, #3642, #1095 ) ) ;
#9648 = CARTESIAN_POINT ( 'NONE',  ( 1.625000000000001110, 0.04999999999999999584, 2.100000000000000533 ) ) ;
#9649 = ADVANCED_FACE ( 'NONE', ( #103 ), #731, .F. ) ;
#9650 = LINE ( 'NONE', #4822, #8616 ) ;
#9651 = CARTESIAN_POINT ( 'NONE',  ( -2.099999999999977884, 0.000000000000000000, -0.3750000000000012212 ) ) ;
#9652 = CARTESIAN_POINT ( 'NONE',  ( 3.023623018627461170E-13, 0.05000000000000000278, 2.099999999999901057 ) ) ;
#9653 = DIRECTION ( 'NONE',  ( 2.949029909160572061E-14, 0.000000000000000000, -1.000000000000000000 ) ) ;
#9654 = ORIENTED_EDGE ( 'NONE', *, *, #964, .F. ) ;
#9655 = ORIENTED_EDGE ( 'NONE', *, *, #5519, .F. ) ;
#9656 = LINE ( 'NONE', #439, #4447 ) ;
#9657 = EDGE_LOOP ( 'NONE', ( #5360, #3733, #9386, #7796 ) ) ;
#9658 = CARTESIAN_POINT ( 'NONE',  ( -2.499999999999956923, 0.000000000000000000, 1.625000000000003109 ) ) ;
#9659 = LINE ( 'NONE', #7178, #2097 ) ;
#9660 = LINE ( 'NONE', #9452, #6888 ) ;
#9661 = LINE ( 'NONE', #1166, #10084 ) ;
#9662 = LINE ( 'NONE', #1449, #7371 ) ;
#9663 = EDGE_CURVE ( 'NONE', #2194, #7633, #10120, .T. ) ;
#9664 = ORIENTED_EDGE ( 'NONE', *, *, #1792, .T. ) ;
#9665 = EDGE_CURVE ( 'NONE', #6937, #3939, #1669, .T. ) ;
#9666 = AXIS2_PLACEMENT_3D ( 'NONE', #1270, #10710, #2091 ) ;
#9667 = ADVANCED_FACE ( 'NONE', ( #4223 ), #7618, .T. ) ;
#9668 = ORIENTED_EDGE ( 'NONE', *, *, #5860, .F. ) ;
#9669 = ORIENTED_EDGE ( 'NONE', *, *, #3422, .F. ) ;
#9670 = FACE_OUTER_BOUND ( 'NONE', #7668, .T. ) ;
#9671 = VECTOR ( 'NONE', #5306, 1000.000000000000000 ) ;
#9672 = CARTESIAN_POINT ( 'NONE',  ( 0.1250000000000017208, 0.2000000000000000111, -2.099999999999984102 ) ) ;
#9673 = FACE_OUTER_BOUND ( 'NONE', #941, .T. ) ;
#9674 = DIRECTION ( 'NONE',  ( 1.000000000000000000, 0.000000000000000000, -9.757819552369538328E-15 ) ) ;
#9675 = EDGE_CURVE ( 'NONE', #2113, #6296, #9395, .T. ) ;
#9676 = VECTOR ( 'NONE', #10053, 1000.000000000000000 ) ;
#9678 = ORIENTED_EDGE ( 'NONE', *, *, #5730, .T. ) ;
#9677 = FACE_OUTER_BOUND ( 'NONE', #6356, .T. ) ;
#9679 = LINE ( 'NONE', #2071, #1541 ) ;
#9680 = CARTESIAN_POINT ( 'NONE',  ( -2.099999999999964562, 0.04999999999999999584, 0.8749999999999990008 ) ) ;
#9681 = CARTESIAN_POINT ( 'NONE',  ( -2.499999999999972911, 0.2000000000000000111, 0.1250000000000031364 ) ) ;
#9682 = CLOSED_SHELL ( 'NONE', ( #9872, #3634, #1259, #3825, #8581, #7779 ) ) ;
#9683 = VECTOR ( 'NONE', #4535, 1000.000000000000114 ) ;
#9685 = CARTESIAN_POINT ( 'NONE',  ( 1.624999999999992895, 0.05000000000000000278, -6.166399856011947023E-15 ) ) ;
#9684 = CARTESIAN_POINT ( 'NONE',  ( -2.099999999999974776, 0.2000000000000000111, 1.810000000000000053 ) ) ;
#9686 = ORIENTED_EDGE ( 'NONE', *, *, #2491, .T. ) ;
#9687 = EDGE_LOOP ( 'NONE', ( #4926, #1641, #1624, #142 ) ) ;
#9689 = EDGE_LOOP ( 'NONE', ( #3386, #8205, #5077, #5327 ) ) ;
#9688 = SURFACE_STYLE_FILL_AREA ( #6320 ) ;
#9690 = ORIENTED_EDGE ( 'NONE', *, *, #4252, .T. ) ;
#9691 =( GEOMETRIC_REPRESENTATION_CONTEXT ( 3 ) GLOBAL_UNCERTAINTY_ASSIGNED_CONTEXT ( ( #9271 ) ) GLOBAL_UNIT_ASSIGNED_CONTEXT ( ( #5080, #9982, #7480 ) ) REPRESENTATION_CONTEXT ( 'NONE', 'WORKASPACE' ) );
#9692 = DIRECTION ( 'NONE',  ( -1.000000000000000000, 0.000000000000000000, -2.949029909160572061E-14 ) ) ;
#9693 = CARTESIAN_POINT ( 'NONE',  ( -2.500000000000042633, 0.2000000000000000111, -1.625000000000000222 ) ) ;
#9694 = PLANE ( 'NONE',  #5633 ) ;
#9695 = ORIENTED_EDGE ( 'NONE', *, *, #2398, .T. ) ;
#9696 = FACE_OUTER_BOUND ( 'NONE', #5744, .T. ) ;
#9697 = DIRECTION ( 'NONE',  ( 1.000000000000000000, 0.000000000000000000, -1.084202172485504276E-14 ) ) ;
#9698 = VECTOR ( 'NONE', #7557, 1000.000000000000000 ) ;
#9699 = UNCERTAINTY_MEASURE_WITH_UNIT (LENGTH_MEASURE( 1.000000000000000082E-05 ), #618, 'distance_accuracy_value', 'NONE');
#9700 = CARTESIAN_POINT ( 'NONE',  ( -0.3750000000000022204, 0.2000000000000000111, -2.499999999999979128 ) ) ;
#9701 = AXIS2_PLACEMENT_3D ( 'NONE', #8006, #4348, #7735 ) ;
#9702 = AXIS2_PLACEMENT_3D ( 'NONE', #3600, #1824, #5323 ) ;
#9703 = VECTOR ( 'NONE', #3846, 1000.000000000000000 ) ;
#9704 = FACE_OUTER_BOUND ( 'NONE', #2626, .T. ) ;
#9705 = ORIENTED_EDGE ( 'NONE', *, *, #9396, .T. ) ;
#9706 = VERTEX_POINT ( 'NONE', #5937 ) ;
#9707 = DIRECTION ( 'NONE',  ( 3.862470239480026854E-15, 0.000000000000000000, 1.000000000000000000 ) ) ;
#9708 = LINE ( 'NONE', #3888, #10 ) ;
#9709 = AXIS2_PLACEMENT_3D ( 'NONE', #7008, #2002, #6058 ) ;
#9710 = ORIENTED_EDGE ( 'NONE', *, *, #5378, .F. ) ;
#9712 = LINE ( 'NONE', #7283, #5501 ) ;
#9711 = SURFACE_STYLE_USAGE ( .BOTH. , #8900 ) ;
#9713 = CARTESIAN_POINT ( 'NONE',  ( -0.6250000000000014433, 0.04999999999999969746, -2.500000000000000000 ) ) ;
#9714 = CARTESIAN_POINT ( 'NONE',  ( -2.099999999999985434, 0.04999999999999999584, -1.125000000000000888 ) ) ;
#9715 = AXIS2_PLACEMENT_3D ( 'NONE', #954, #3402, #8691 ) ;
#9716 = ADVANCED_FACE ( 'NONE', ( #2609 ), #9339, .T. ) ;
#9717 = DIRECTION ( 'NONE',  ( -2.344220913482196012E-15, 0.000000000000000000, 1.000000000000000000 ) ) ;
#9718 = CARTESIAN_POINT ( 'NONE',  ( 2.499999999999980016, 0.000000000000000000, -0.3750000000000014988 ) ) ;
#9719 = EDGE_CURVE ( 'NONE', #3130, #10888, #8784, .T. ) ;
#9720 = ORIENTED_EDGE ( 'NONE', *, *, #1246, .T. ) ;
#9721 = VECTOR ( 'NONE', #543, 1000.000000000000000 ) ;
#9722 = ORIENTED_EDGE ( 'NONE', *, *, #994, .F. ) ;
#9723 = AXIS2_PLACEMENT_3D ( 'NONE', #10163, #8562, #4278 ) ;
#9724 = ORIENTED_EDGE ( 'NONE', *, *, #2693, .T. ) ;
#9725 = ORIENTED_EDGE ( 'NONE', *, *, #9335, .T. ) ;
#9726 = ADVANCED_FACE ( 'NONE', ( #214 ), #7877, .T. ) ;
#9727 = CARTESIAN_POINT ( 'NONE',  ( 2.099999999999990319, 0.2000000000000000111, 0.6250000000000025535 ) ) ;
#9728 = DIRECTION ( 'NONE',  ( 0.000000000000000000, 0.000000000000000000, 1.000000000000000000 ) ) ;
#9729 = ADVANCED_FACE ( 'NONE', ( #997 ), #7000, .F. ) ;
#9730 = VECTOR ( 'NONE', #10554, 1000.000000000000000 ) ;
#9731 = DIRECTION ( 'NONE',  ( -1.000000000000000000, 0.000000000000000000, -2.949029909160572061E-14 ) ) ;
#9732 = EDGE_CURVE ( 'NONE', #7278, #9125, #1885, .T. ) ;
#9733 = EDGE_CURVE ( 'NONE', #2254, #7865, #385, .T. ) ;
#9734 = DIRECTION ( 'NONE',  ( -1.000000000000000000, 0.000000000000000000, 0.000000000000000000 ) ) ;
#9735 = LINE ( 'NONE', #8130, #5459 ) ;
#9736 = AXIS2_PLACEMENT_3D ( 'NONE', #2415, #3299, #8475 ) ;
#9737 = EDGE_CURVE ( 'NONE', #5155, #6285, #2770, .T. ) ;
#9738 = VECTOR ( 'NONE', #5902, 1000.000000000000000 ) ;
#9739 = PRESENTATION_LAYER_ASSIGNMENT (  '', '', ( #7965 ) ) ;
#9741 = EDGE_LOOP ( 'NONE', ( #5841, #8983, #9004, #6037, #6581 ) ) ;
#9740 = CARTESIAN_POINT ( 'NONE',  ( -2.499999999999988454, 0.2000000000000000111, -1.374999999999996891 ) ) ;
#9742 = ADVANCED_FACE ( 'NONE', ( #6050 ), #7057, .F. ) ;
#9743 = FACE_OUTER_BOUND ( 'NONE', #2290, .T. ) ;
#9744 = PLANE ( 'NONE',  #4560 ) ;
#9745 = LINE ( 'NONE', #5359, #7959 ) ;
#9746 = ADVANCED_FACE ( 'NONE', ( #3772 ), #1994, .T. ) ;
#9747 = PLANE ( 'NONE',  #6745 ) ;
#9749 = FACE_OUTER_BOUND ( 'NONE', #10154, .T. ) ;
#9748 = CARTESIAN_POINT ( 'NONE',  ( 2.499999999999969802, 0.2000000000000000111, -1.375000000000001332 ) ) ;
#9750 = EDGE_LOOP ( 'NONE', ( #8206, #5546, #9226, #5709 ) ) ;
#9751 = VERTEX_POINT ( 'NONE', #1828 ) ;
#9752 = ADVANCED_FACE ( 'NONE', ( #5379 ), #6100, .F. ) ;
#9754 = EDGE_LOOP ( 'NONE', ( #8220, #5152, #5832, #7122 ) ) ;
#9753 = FACE_OUTER_BOUND ( 'NONE', #2370, .T. ) ;
#9755 = EDGE_LOOP ( 'NONE', ( #5429, #10380, #5795, #8453 ) ) ;
#9756 = DIRECTION ( 'NONE',  ( 1.000000000000000000, 0.000000000000000000, 2.949029909160572061E-14 ) ) ;
#9757 = SURFACE_SIDE_STYLE ('',( #595 ) ) ;
#9758 = DIRECTION ( 'NONE',  ( -0.7071067811865474617, 0.000000000000000000, 0.7071067811865474617 ) ) ;
#9759 = VERTEX_POINT ( 'NONE', #5328 ) ;
#9760 = CARTESIAN_POINT ( 'NONE',  ( -2.099999999999800693, 0.05000000000000000278, -2.018374206507946072E-13 ) ) ;
#9761 = DIRECTION ( 'NONE',  ( -0.000000000000000000, -1.000000000000000000, -0.000000000000000000 ) ) ;
#9762 = DIRECTION ( 'NONE',  ( -0.000000000000000000, -1.000000000000000000, -0.000000000000000000 ) ) ;
#9763 = VECTOR ( 'NONE', #5310, 1000.000000000000000 ) ;
#9764 = CARTESIAN_POINT ( 'NONE',  ( 2.100000000000010747, 0.000000000000000000, -0.6249999999999998890 ) ) ;
#9765 = CARTESIAN_POINT ( 'NONE',  ( 2.100000000000000089, 0.2000000000000000111, -1.809999999999998055 ) ) ;
#9766 = VERTEX_POINT ( 'NONE', #10442 ) ;
#9767 = DIRECTION ( 'NONE',  ( 1.000000000000000000, 0.000000000000000000, -1.439820485060763520E-13 ) ) ;
#9768 = CARTESIAN_POINT ( 'NONE',  ( -1.625000000000002220, 0.2000000000000000111, -2.499999999999956035 ) ) ;
#9769 =( GEOMETRIC_REPRESENTATION_CONTEXT ( 3 ) GLOBAL_UNCERTAINTY_ASSIGNED_CONTEXT ( ( #10593 ) ) GLOBAL_UNIT_ASSIGNED_CONTEXT ( ( #10245, #4467, #8641 ) ) REPRESENTATION_CONTEXT ( 'NONE', 'WORKASPACE' ) );
#9770 = ORIENTED_EDGE ( 'NONE', *, *, #1050, .T. ) ;
#9772 = CARTESIAN_POINT ( 'NONE',  ( 1.374999999999999334, 0.2000000000000000111, -2.100000000000030731 ) ) ;
#9771 = CARTESIAN_POINT ( 'NONE',  ( 0.3749999999999977796, 0.2000000000000000111, -2.499999999999976907 ) ) ;
#9773 = LINE ( 'NONE', #5500, #9730 ) ;
#9774 = DIRECTION ( 'NONE',  ( 1.000000000000000000, -0.000000000000000000, -1.439820485060763520E-13 ) ) ;
#9775 = CARTESIAN_POINT ( 'NONE',  ( 1.625000000000001110, 0.2000000000000000111, 2.100000000000000533 ) ) ;
#9776 = FACE_OUTER_BOUND ( 'NONE', #1435, .T. ) ;
#9777 = ORIENTED_EDGE ( 'NONE', *, *, #10952, .T. ) ;
#9778 = AXIS2_PLACEMENT_3D ( 'NONE', #2988, #2268, #9820 ) ;
#9779 = LINE ( 'NONE', #2222, #10074 ) ;
#9780 = ORIENTED_EDGE ( 'NONE', *, *, #7829, .F. ) ;
#9781 = ORIENTED_EDGE ( 'NONE', *, *, #9881, .F. ) ;
#9782 = ORIENTED_EDGE ( 'NONE', *, *, #8381, .T. ) ;
#9783 = DIRECTION ( 'NONE',  ( 0.000000000000000000, 1.000000000000000000, 0.000000000000000000 ) ) ;
#9784 = LINE ( 'NONE', #9836, #4074 ) ;
#9785 = DIRECTION ( 'NONE',  ( -1.000000000000000000, 0.000000000000000000, 1.439820485060763520E-13 ) ) ;
#9786 = CARTESIAN_POINT ( 'NONE',  ( 0.6250000000000017764, 0.04999999999999999584, -2.099999999999989431 ) ) ;
#9787 = CARTESIAN_POINT ( 'NONE',  ( -0.1250000000000014710, 0.2000000000000000111, 2.099999999999985878 ) ) ;
#9788 = EDGE_CURVE ( 'NONE', #9234, #8350, #5427, .T. ) ;
#9789 = ADVANCED_FACE ( 'NONE', ( #1108 ), #9445, .T. ) ;
#9791 = EDGE_LOOP ( 'NONE', ( #2565, #7315, #4063, #5829 ) ) ;
#9790 = DIRECTION ( 'NONE',  ( 1.000000000000000000, -0.000000000000000000, 0.000000000000000000 ) ) ;
#9792 = FACE_OUTER_BOUND ( 'NONE', #7443, .T. ) ;
#9793 = CARTESIAN_POINT ( 'NONE',  ( 2.099999999999990319, 0.2000000000000000111, 0.6250000000000025535 ) ) ;
#9794 = EDGE_CURVE ( 'NONE', #3381, #4376, #2663, .T. ) ;
#9795 = FACE_OUTER_BOUND ( 'NONE', #9840, .T. ) ;
#9796 = LINE ( 'NONE', #5016, #2787 ) ;
#9797 = DIRECTION ( 'NONE',  ( 2.243176908590699067E-16, 0.000000000000000000, 1.000000000000000000 ) ) ;
#9799 = DIRECTION ( 'NONE',  ( 0.000000000000000000, -0.000000000000000000, -1.000000000000000000 ) ) ;
#9798 = CARTESIAN_POINT ( 'NONE',  ( 1.809999999999999831, 0.2000000000000000111, -2.100000000000000089 ) ) ;
#9800 = ORIENTED_EDGE ( 'NONE', *, *, #98, .T. ) ;
#9801 = EDGE_CURVE ( 'NONE', #6285, #3933, #2883, .T. ) ;
#9802 = EDGE_LOOP ( 'NONE', ( #2510, #6930, #4817, #622 ) ) ;
#9803 = EDGE_CURVE ( 'NONE', #8981, #3430, #6280, .T. ) ;
#9804 = MANIFOLD_SOLID_BREP ( 'Boss-Extrude3[31]', #8824 ) ;
#9805 = EDGE_CURVE ( 'NONE', #4960, #5349, #1437, .T. ) ;
#9806 = EDGE_CURVE ( 'NONE', #817, #6016, #8835, .T. ) ;
#9807 = ORIENTED_EDGE ( 'NONE', *, *, #2275, .T. ) ;
#9808 = ORIENTED_EDGE ( 'NONE', *, *, #5653, .T. ) ;
#9809 = CARTESIAN_POINT ( 'NONE',  ( -2.499999999999959588, 0.2000000000000000111, 1.375000000000003109 ) ) ;
#9810 = DIRECTION ( 'NONE',  ( 1.040834085586084257E-14, 0.000000000000000000, 1.000000000000000000 ) ) ;
#9811 = CARTESIAN_POINT ( 'NONE',  ( 0.1250000000000009159, 0.04999999999999999584, 2.100000000000016964 ) ) ;
#9812 = VERTEX_POINT ( 'NONE', #4771 ) ;
#9813 = CARTESIAN_POINT ( 'NONE',  ( 1.761828530288918515E-14, 0.05000000000000000278, 1.624999999999976019 ) ) ;
#9814 = CARTESIAN_POINT ( 'NONE',  ( 0.3749999999999985567, 0.2000000000000000111, 2.099999999999980993 ) ) ;
#9815 = UNCERTAINTY_MEASURE_WITH_UNIT (LENGTH_MEASURE( 1.000000000000000082E-05 ), #9819, 'distance_accuracy_value', 'NONE');
#9816 = EDGE_CURVE ( 'NONE', #4866, #3775, #10541, .T. ) ;
#9817 = ORIENTED_EDGE ( 'NONE', *, *, #6886, .T. ) ;
#9818 = LINE ( 'NONE', #8160, #4008 ) ;
#9819 =( LENGTH_UNIT ( ) NAMED_UNIT ( * ) SI_UNIT ( .MILLI., .METRE. ) );
#9820 = DIRECTION ( 'NONE',  ( 0.7071067811865451302, 0.000000000000000000, -0.7071067811865500152 ) ) ;
#9821 = EDGE_LOOP ( 'NONE', ( #9808, #4337, #2393, #5417 ) ) ;
#9822 = DIRECTION ( 'NONE',  ( 1.439820485060763520E-13, -0.000000000000000000, 1.000000000000000000 ) ) ;
#9823 = CARTESIAN_POINT ( 'NONE',  ( 2.500000000000000888, 0.04999999999999999584, 1.624999999999998668 ) ) ;
#9824 = ORIENTED_EDGE ( 'NONE', *, *, #7353, .T. ) ;
#9826 = DIRECTION ( 'NONE',  ( 1.000000000000000000, -0.000000000000000000, -1.439820485060763520E-13 ) ) ;
#9825 = LINE ( 'NONE', #5547, #1557 ) ;
#9827 = DIRECTION ( 'NONE',  ( -1.000000000000000000, 0.000000000000000000, 1.035655806553459206E-14 ) ) ;
#9828 = LINE ( 'NONE', #1229, #3166 ) ;
#9829 = CARTESIAN_POINT ( 'NONE',  ( -2.165000000000000036, 0.2000000000000000111, 1.874999999999999556 ) ) ;
#9830 = ORIENTED_EDGE ( 'NONE', *, *, #7564, .T. ) ;
#9831 = FACE_OUTER_BOUND ( 'NONE', #10357, .T. ) ;
#9832 = ORIENTED_EDGE ( 'NONE', *, *, #4850, .T. ) ;
#9833 = VERTEX_POINT ( 'NONE', #3883 ) ;
#9834 = VERTEX_POINT ( 'NONE', #1490 ) ;
#9835 = DIRECTION ( 'NONE',  ( 1.000000000000000000, 0.000000000000000000, -2.168404344970728034E-15 ) ) ;
#9836 = CARTESIAN_POINT ( 'NONE',  ( -0.1250000000000022204, 0.000000000000000000, -2.499999999999972022 ) ) ;
#9837 = PLANE ( 'NONE',  #5286 ) ;
#9838 = DIRECTION ( 'NONE',  ( 3.794707603699675727E-15, 0.000000000000000000, 1.000000000000000000 ) ) ;
#9839 = MANIFOLD_SOLID_BREP ( 'Boss-Extrude3[3]', #9352 ) ;
#9840 = EDGE_LOOP ( 'NONE', ( #9781, #3403, #10747, #7649 ) ) ;
#9841 = DIRECTION ( 'NONE',  ( 0.000000000000000000, 1.000000000000000000, 0.000000000000000000 ) ) ;
#9842 = AXIS2_PLACEMENT_3D ( 'NONE', #4039, #5914, #5086 ) ;
#9844 = VERTEX_POINT ( 'NONE', #7276 ) ;
#9843 = FACE_OUTER_BOUND ( 'NONE', #10914, .T. ) ;
#9845 = VECTOR ( 'NONE', #6438, 1000.000000000000000 ) ;
#9846 = DIRECTION ( 'NONE',  ( -0.000000000000000000, -1.000000000000000000, -0.000000000000000000 ) ) ;
#9847 =( NAMED_UNIT ( * ) PLANE_ANGLE_UNIT ( ) SI_UNIT ( $, .RADIAN. ) );
#9848 = LINE ( 'NONE', #631, #6558 ) ;
#9849 = CARTESIAN_POINT ( 'NONE',  ( 2.099999999999984990, 0.2000000000000000111, 0.1250000000000024702 ) ) ;
#9850 = FACE_OUTER_BOUND ( 'NONE', #2557, .T. ) ;
#9852 = DIRECTION ( 'NONE',  ( 0.000000000000000000, 1.000000000000000000, 0.000000000000000000 ) ) ;
#9851 = CARTESIAN_POINT ( 'NONE',  ( -2.499999999999964917, 0.2000000000000000111, 0.8750000000000031086 ) ) ;
#9853 = VECTOR ( 'NONE', #3036, 1000.000000000000000 ) ;
#9854 = ORIENTED_EDGE ( 'NONE', *, *, #4559, .F. ) ;
#9855 = AXIS2_PLACEMENT_3D ( 'NONE', #449, #668, #8955 ) ;
#9856 = ORIENTED_EDGE ( 'NONE', *, *, #8671, .F. ) ;
#9857 = EDGE_CURVE ( 'NONE', #1478, #6452, #2986, .T. ) ;
#9858 = ADVANCED_FACE ( 'NONE', ( #4824 ), #2266, .T. ) ;
#9859 = ADVANCED_FACE ( 'NONE', ( #5593 ), #550, .T. ) ;
#9861 = VERTEX_POINT ( 'NONE', #3092 ) ;
#9860 = CARTESIAN_POINT ( 'NONE',  ( 2.100000000000000533, 0.2000000000000000111, 1.625000000000002442 ) ) ;
#9862 = ORIENTED_EDGE ( 'NONE', *, *, #2329, .T. ) ;
#9863 = FACE_OUTER_BOUND ( 'NONE', #7974, .T. ) ;
#9864 = EDGE_CURVE ( 'NONE', #7236, #267, #5649, .T. ) ;
#9865 = PLANE ( 'NONE',  #8851 ) ;
#9866 = AXIS2_PLACEMENT_3D ( 'NONE', #1084, #1972, #5357 ) ;
#9867 = VERTEX_POINT ( 'NONE', #4870 ) ;
#9868 = EDGE_CURVE ( 'NONE', #1723, #8728, #8268, .T. ) ;
#9869 = PLANE ( 'NONE',  #4595 ) ;
#9870 = ADVANCED_FACE ( 'NONE', ( #1549 ), #4271, .T. ) ;
#9871 = CARTESIAN_POINT ( 'NONE',  ( 3.023623018627654030E-13, 0.05000000000000000278, 2.100000000000035172 ) ) ;
#9872 = ADVANCED_FACE ( 'NONE', ( #9223 ), #8337, .F. ) ;
#9873 = ORIENTED_EDGE ( 'NONE', *, *, #5573, .F. ) ;
#9874 =( GEOMETRIC_REPRESENTATION_CONTEXT ( 3 ) GLOBAL_UNCERTAINTY_ASSIGNED_CONTEXT ( ( #9935 ) ) GLOBAL_UNIT_ASSIGNED_CONTEXT ( ( #7856, #1808, #10310 ) ) REPRESENTATION_CONTEXT ( 'NONE', 'WORKASPACE' ) );
#9875 = LINE ( 'NONE', #4773, #5170 ) ;
#9876 = CARTESIAN_POINT ( 'NONE',  ( -1.675000000000000266, 0.000000000000000000, -1.375000000000000888 ) ) ;
#9877 = MANIFOLD_SOLID_BREP ( 'Boss-Extrude3[32]', #6144 ) ;
#9878 = DIRECTION ( 'NONE',  ( -9.757819552369536751E-15, 0.000000000000000000, -1.000000000000000000 ) ) ;
#9879 = DIRECTION ( 'NONE',  ( 1.002887009549091444E-14, 0.000000000000000000, 1.000000000000000000 ) ) ;
#9880 = ORIENTED_EDGE ( 'NONE', *, *, #2201, .F. ) ;
#9881 = EDGE_CURVE ( 'NONE', #9262, #9867, #8431, .T. ) ;
#9883 = PLANE ( 'NONE',  #127 ) ;
#9882 = DIRECTION ( 'NONE',  ( -1.040834085586083310E-14, -0.000000000000000000, -1.000000000000000000 ) ) ;
#9884 = VECTOR ( 'NONE', #7895, 1000.000000000000000 ) ;
#9885 = AXIS2_PLACEMENT_3D ( 'NONE', #1582, #747, #5846 ) ;
#9886 = DIRECTION ( 'NONE',  ( 0.000000000000000000, 1.000000000000000000, -0.000000000000000000 ) ) ;
#9887 = AXIS2_PLACEMENT_3D ( 'NONE', #4997, #10051, #10879 ) ;
#9888 = ADVANCED_FACE ( 'NONE', ( #3320 ), #9988, .F. ) ;
#9889 = DIRECTION ( 'NONE',  ( 0.000000000000000000, 0.000000000000000000, -1.000000000000000000 ) ) ;
#9890 = DIRECTION ( 'NONE',  ( -9.757819552369538328E-15, 0.000000000000000000, -1.000000000000000000 ) ) ;
#9891 = ORIENTED_EDGE ( 'NONE', *, *, #1402, .F. ) ;
#9892 = DIRECTION ( 'NONE',  ( 1.040834085586084257E-14, 0.000000000000000000, 1.000000000000000000 ) ) ;
#9893 = EDGE_CURVE ( 'NONE', #9363, #833, #764, .T. ) ;
#9894 = VECTOR ( 'NONE', #5712, 1000.000000000000000 ) ;
#9895 = VECTOR ( 'NONE', #8019, 1000.000000000000000 ) ;
#9896 = ORIENTED_EDGE ( 'NONE', *, *, #6281, .F. ) ;
#9897 = ORIENTED_EDGE ( 'NONE', *, *, #8092, .F. ) ;
#9898 = ORIENTED_EDGE ( 'NONE', *, *, #7306, .T. ) ;
#9899 = FACE_OUTER_BOUND ( 'NONE', #7918, .T. ) ;
#9900 = AXIS2_PLACEMENT_3D ( 'NONE', #6810, #10802, #4019 ) ;
#9901 = AXIS2_PLACEMENT_3D ( 'NONE', #7021, #10402, #1967 ) ;
#9902 = DIRECTION ( 'NONE',  ( -3.862470239480026854E-15, -0.000000000000000000, -1.000000000000000000 ) ) ;
#9903 = DIRECTION ( 'NONE',  ( -1.000000000000000000, 0.000000000000000000, 1.029992063861229055E-14 ) ) ;
#9904 = LINE ( 'NONE', #10790, #1028 ) ;
#9905 = ORIENTED_EDGE ( 'NONE', *, *, #165, .T. ) ;
#9906 = LINE ( 'NONE', #8862, #852 ) ;
#9907 = VECTOR ( 'NONE', #9930, 1000.000000000000114 ) ;
#9908 = VECTOR ( 'NONE', #7298, 1000.000000000000000 ) ;
#9909 = VECTOR ( 'NONE', #4385, 1000.000000000000000 ) ;
#9911 = ORIENTED_EDGE ( 'NONE', *, *, #229, .T. ) ;
#9910 = FACE_OUTER_BOUND ( 'NONE', #2157, .T. ) ;
#9912 = VECTOR ( 'NONE', #3119, 1000.000000000000000 ) ;
#9913 = CARTESIAN_POINT ( 'NONE',  ( 2.499999999999988454, 0.2000000000000000111, 1.374999999999998668 ) ) ;
#9914 = CARTESIAN_POINT ( 'NONE',  ( 2.099999999999969447, 0.2000000000000000111, -1.374999999999997558 ) ) ;
#9915 = DIRECTION ( 'NONE',  ( 0.000000000000000000, 0.000000000000000000, -1.000000000000000000 ) ) ;
#9916 = AXIS2_PLACEMENT_3D ( 'NONE', #6135, #4474, #2866 ) ;
#9917 = LINE ( 'NONE', #1472, #5802 ) ;
#9918 = DIRECTION ( 'NONE',  ( -1.000000000000000000, 0.000000000000000000, 1.002887009549091286E-14 ) ) ;
#9919 = VECTOR ( 'NONE', #7210, 1000.000000000000000 ) ;
#9921 = LINE ( 'NONE', #9256, #10911 ) ;
#9920 = CARTESIAN_POINT ( 'NONE',  ( 2.499999999999983125, 0.000000000000000000, 0.8749999999999984457 ) ) ;
#9922 = ORIENTED_EDGE ( 'NONE', *, *, #7567, .F. ) ;
#9923 = AXIS2_PLACEMENT_3D ( 'NONE', #5450, #2063, #1014 ) ;
#9924 = ORIENTED_EDGE ( 'NONE', *, *, #5924, .F. ) ;
#9925 = MANIFOLD_SOLID_BREP ( 'Boss-Extrude3[19]', #7392 ) ;
#9927 = VERTEX_POINT ( 'NONE', #10156 ) ;
#9926 = CARTESIAN_POINT ( 'NONE',  ( 2.499999999999980016, 0.2000000000000000111, -0.3750000000000014988 ) ) ;
#9928 = EDGE_LOOP ( 'NONE', ( #9354, #3708, #6622, #9099 ) ) ;
#9929 = CARTESIAN_POINT ( 'NONE',  ( -1.625000000000002220, 0.2000000000000000111, -2.499999999999956035 ) ) ;
#9930 = DIRECTION ( 'NONE',  ( 0.7071067811865451302, 0.000000000000000000, -0.7071067811865500152 ) ) ;
#9931 = ORIENTED_EDGE ( 'NONE', *, *, #8869, .F. ) ;
#9932 = FACE_OUTER_BOUND ( 'NONE', #7758, .T. ) ;
#9933 = EDGE_CURVE ( 'NONE', #93, #6844, #2540, .T. ) ;
#9934 = CARTESIAN_POINT ( 'NONE',  ( -0.8749999999999983347, 0.2000000000000000111, -2.099999999999973888 ) ) ;
#9935 = UNCERTAINTY_MEASURE_WITH_UNIT (LENGTH_MEASURE( 1.000000000000000082E-05 ), #7856, 'distance_accuracy_value', 'NONE');
#9936 = ORIENTED_EDGE ( 'NONE', *, *, #8850, .F. ) ;
#9937 = VECTOR ( 'NONE', #3563, 1000.000000000000000 ) ;
#9938 = DIRECTION ( 'NONE',  ( -0.7071067811865474617, 0.000000000000000000, 0.7071067811865474617 ) ) ;
#9939 = LINE ( 'NONE', #8216, #5694 ) ;
#9940 = EDGE_CURVE ( 'NONE', #6824, #5563, #1704, .T. ) ;
#9941 = LINE ( 'NONE', #9166, #10409 ) ;
#9942 = MANIFOLD_SOLID_BREP ( 'Boss-Extrude3[5]', #110 ) ;
#9943 = CARTESIAN_POINT ( 'NONE',  ( -9.486769009248422544E-15, 0.05000000000000000278, -0.8750000000000239808 ) ) ;
#9944 = CARTESIAN_POINT ( 'NONE',  ( -2.099999999999975220, 0.000000000000000000, -0.1250000000000009714 ) ) ;
#9945 = ORIENTED_EDGE ( 'NONE', *, *, #8435, .F. ) ;
#9947 = CARTESIAN_POINT ( 'NONE',  ( -2.164999999999975167, 0.2000000000000000111, -1.875000000000000222 ) ) ;
#9946 = DIRECTION ( 'NONE',  ( 0.000000000000000000, 1.000000000000000000, -0.000000000000000000 ) ) ;
#9948 = EDGE_CURVE ( 'NONE', #6824, #10259, #10481, .T. ) ;
#9949 = FACE_OUTER_BOUND ( 'NONE', #5977, .T. ) ;
#9950 = CARTESIAN_POINT ( 'NONE',  ( -1.625000000000021982, 0.05000000000000000278, 1.585645677260071376E-14 ) ) ;
#9951 = DIRECTION ( 'NONE',  ( 1.000000000000000000, 0.000000000000000000, -9.757819552369538328E-15 ) ) ;
#9952 = ADVANCED_FACE ( 'NONE', ( #2704 ), #1928, .F. ) ;
#9953 = ORIENTED_EDGE ( 'NONE', *, *, #8335, .F. ) ;
#9954 = DIRECTION ( 'NONE',  ( 0.000000000000000000, -1.000000000000000000, 0.000000000000000000 ) ) ;
#9955 = VECTOR ( 'NONE', #4414, 1000.000000000000000 ) ;
#9956 = ORIENTED_EDGE ( 'NONE', *, *, #7229, .T. ) ;
#9957 = ORIENTED_EDGE ( 'NONE', *, *, #7500, .T. ) ;
#9958 = ORIENTED_EDGE ( 'NONE', *, *, #7890, .F. ) ;
#9959 = DIRECTION ( 'NONE',  ( -2.949029909160572061E-14, 0.000000000000000000, 1.000000000000000000 ) ) ;
#9960 = CARTESIAN_POINT ( 'NONE',  ( -2.099999999999969891, 0.2000000000000000111, 0.3749999999999990563 ) ) ;
#9961 = CARTESIAN_POINT ( 'NONE',  ( -1.809999999999999609, 0.2000000000000000111, 2.100000000000001865 ) ) ;
#9962 = MANIFOLD_SOLID_BREP ( 'Boss-Extrude3[2]', #3474 ) ;
#9963 = ORIENTED_EDGE ( 'NONE', *, *, #6588, .F. ) ;
#9964 = DIRECTION ( 'NONE',  ( 0.000000000000000000, -0.000000000000000000, -1.000000000000000000 ) ) ;
#9965 = VECTOR ( 'NONE', #1059, 1000.000000000000000 ) ;
#9966 = EDGE_CURVE ( 'NONE', #2283, #10761, #4426, .T. ) ;
#9968 = ORIENTED_EDGE ( 'NONE', *, *, #4638, .T. ) ;
#9967 = CARTESIAN_POINT ( 'NONE',  ( 1.525000000000000133, 0.2000000000000000111, 1.524999999999998801 ) ) ;
#9969 = PLANE ( 'NONE',  #9571 ) ;
#9970 = CARTESIAN_POINT ( 'NONE',  ( -2.099999999999967226, 0.2000000000000000111, 0.6249999999999987788 ) ) ;
#9971 = CARTESIAN_POINT ( 'NONE',  ( -0.6250000000000006661, 0.2000000000000000111, -2.100000000000009859 ) ) ;
#9972 = DIRECTION ( 'NONE',  ( 0.000000000000000000, -0.000000000000000000, 1.000000000000000000 ) ) ;
#9973 = CARTESIAN_POINT ( 'NONE',  ( 2.099999999999969447, 0.2000000000000000111, -1.374999999999997558 ) ) ;
#9975 = FACE_OUTER_BOUND ( 'NONE', #3824, .T. ) ;
#9974 = PLANE ( 'NONE',  #4947 ) ;
#9976 = ORIENTED_EDGE ( 'NONE', *, *, #7232, .F. ) ;
#9977 = ORIENTED_EDGE ( 'NONE', *, *, #701, .F. ) ;
#9978 = MANIFOLD_SOLID_BREP ( 'Boss-Extrude2', #3310 ) ;
#9980 = ORIENTED_EDGE ( 'NONE', *, *, #10683, .T. ) ;
#9979 = CARTESIAN_POINT ( 'NONE',  ( 2.100000000000031619, 0.2000000000000000111, 1.375000000000000222 ) ) ;
#9981 = ORIENTED_EDGE ( 'NONE', *, *, #4580, .T. ) ;
#9982 =( NAMED_UNIT ( * ) PLANE_ANGLE_UNIT ( ) SI_UNIT ( $, .RADIAN. ) );
#9983 = CARTESIAN_POINT ( 'NONE',  ( -0.1250000000000006939, 0.2000000000000000111, -2.100000000000015188 ) ) ;
#9984 = ORIENTED_EDGE ( 'NONE', *, *, #6363, .F. ) ;
#9985 = CARTESIAN_POINT ( 'NONE',  ( 2.499999999999967581, 0.000000000000000000, -0.6250000000000015543 ) ) ;
#9986 = DIRECTION ( 'NONE',  ( -1.000000000000000000, -0.000000000000000000, 1.084202172485504118E-14 ) ) ;
#9987 = EDGE_LOOP ( 'NONE', ( #1670, #6685, #1960, #10635 ) ) ;
#9988 = PLANE ( 'NONE',  #5 ) ;
#9989 = LINE ( 'NONE', #1381, #3576 ) ;
#9990 = CARTESIAN_POINT ( 'NONE',  ( 0.8749999999999985567, 0.2000000000000000111, 2.099999999999975664 ) ) ;
#9991 = MANIFOLD_SOLID_BREP ( 'Boss-Extrude3[16]', #2779 ) ;
#9992 = CARTESIAN_POINT ( 'NONE',  ( -2.000000000000000000, 0.9499999999999999556, -2.000000000000000000 ) ) ;
#9993 = LINE ( 'NONE', #2382, #1791 ) ;
#9994 = ORIENTED_EDGE ( 'NONE', *, *, #83, .F. ) ;
#9996 = PLANE ( 'NONE',  #301 ) ;
#9995 = CARTESIAN_POINT ( 'NONE',  ( 2.499999999999985345, 0.2000000000000000111, 0.1249999999999985151 ) ) ;
#9997 = DIRECTION ( 'NONE',  ( 0.000000000000000000, 0.000000000000000000, 1.000000000000000000 ) ) ;
#9998 = CARTESIAN_POINT ( 'NONE',  ( -0.3750000000000022204, 0.2000000000000000111, -2.499999999999979128 ) ) ;
#9999 = ADVANCED_FACE ( 'NONE', ( #9045 ), #5478, .T. ) ;
#10000 = VERTEX_POINT ( 'NONE', #6389 ) ;
#10001 = DIRECTION ( 'NONE',  ( -1.439820485060763520E-13, 0.000000000000000000, -1.000000000000000000 ) ) ;
#10002 = ADVANCED_FACE ( 'NONE', ( #9753 ), #10645, .F. ) ;
#10003 = EDGE_CURVE ( 'NONE', #10750, #3019, #8932, .T. ) ;
#10004 = EDGE_CURVE ( 'NONE', #9759, #4428, #1427, .T. ) ;
#10005 = ORIENTED_EDGE ( 'NONE', *, *, #8386, .F. ) ;
#10006 = ORIENTED_EDGE ( 'NONE', *, *, #7646, .T. ) ;
#10007 = ORIENTED_EDGE ( 'NONE', *, *, #10631, .F. ) ;
#10008 = FACE_OUTER_BOUND ( 'NONE', #388, .T. ) ;
#10009 = CARTESIAN_POINT ( 'NONE',  ( 2.100000000000026290, 0.2000000000000000111, 0.8750000000000001110 ) ) ;
#10010 = EDGE_CURVE ( 'NONE', #597, #4557, #8082, .T. ) ;
#10011 = DIRECTION ( 'NONE',  ( -0.000000000000000000, -1.000000000000000000, -0.000000000000000000 ) ) ;
#10012 = EDGE_CURVE ( 'NONE', #1595, #3929, #6441, .T. ) ;
#10013 = PLANE ( 'NONE',  #3692 ) ;
#10014 = ORIENTED_EDGE ( 'NONE', *, *, #4366, .T. ) ;
#10015 = EDGE_CURVE ( 'NONE', #9102, #5155, #7154, .T. ) ;
#10016 = PLANE ( 'NONE',  #3154 ) ;
#10017 = ADVANCED_FACE ( 'NONE', ( #4596 ), #1360, .T. ) ;
#10019 = ORIENTED_EDGE ( 'NONE', *, *, #6979, .F. ) ;
#10018 = DIRECTION ( 'NONE',  ( 1.439820485060763520E-13, -0.000000000000000000, 1.000000000000000000 ) ) ;
#10020 = CARTESIAN_POINT ( 'NONE',  ( 0.000000000000000000, 0.000000000000000000, 0.000000000000000000 ) ) ;
#10021 = CARTESIAN_POINT ( 'NONE',  ( -2.499999999999988454, 0.2000000000000000111, -1.374999999999996891 ) ) ;
#10022 = CARTESIAN_POINT ( 'NONE',  ( 2.499999999999983125, 0.000000000000000000, 0.8749999999999984457 ) ) ;
#10023 = CARTESIAN_POINT ( 'NONE',  ( 0.1250000000000009159, 0.2000000000000000111, 2.100000000000016964 ) ) ;
#10024 = AXIS2_PLACEMENT_3D ( 'NONE', #5933, #3223, #9997 ) ;
#10025 = FACE_OUTER_BOUND ( 'NONE', #5874, .T. ) ;
#10026 = DIRECTION ( 'NONE',  ( -1.000000000000000000, 0.000000000000000000, 9.961107459710570410E-15 ) ) ;
#10028 = CARTESIAN_POINT ( 'NONE',  ( 1.874999999999999778, 0.2000000000000000111, -2.165000000000000036 ) ) ;
#10027 = CARTESIAN_POINT ( 'NONE',  ( -1.809999999999999609, 0.2000000000000000111, 2.100000000000001865 ) ) ;
#10029 = VERTEX_POINT ( 'NONE', #371 ) ;
#10030 = VERTEX_POINT ( 'NONE', #10749 ) ;
#10031 = VECTOR ( 'NONE', #482, 1000.000000000000000 ) ;
#10033 = VERTEX_POINT ( 'NONE', #592 ) ;
#10032 = CARTESIAN_POINT ( 'NONE',  ( 2.499999999999988454, 0.2000000000000000111, 1.374999999999998668 ) ) ;
#10034 = ORIENTED_EDGE ( 'NONE', *, *, #712, .F. ) ;
#10035 = LINE ( 'NONE', #4865, #10613 ) ;
#10036 = ORIENTED_EDGE ( 'NONE', *, *, #353, .T. ) ;
#10037 = DIRECTION ( 'NONE',  ( -0.000000000000000000, 1.000000000000000000, 0.000000000000000000 ) ) ;
#10038 = AXIS2_PLACEMENT_3D ( 'NONE', #4908, #2416, #10805 ) ;
#10039 = FACE_OUTER_BOUND ( 'NONE', #31, .T. ) ;
#10040 = UNCERTAINTY_MEASURE_WITH_UNIT (LENGTH_MEASURE( 1.000000000000000082E-05 ), #9295, 'distance_accuracy_value', 'NONE');
#10041 = ORIENTED_EDGE ( 'NONE', *, *, #630, .F. ) ;
#10042 = ORIENTED_EDGE ( 'NONE', *, *, #2548, .F. ) ;
#10043 = SURFACE_STYLE_USAGE ( .BOTH. , #8555 ) ;
#10044 = VECTOR ( 'NONE', #10658, 1000.000000000000000 ) ;
#10045 = DIRECTION ( 'NONE',  ( -3.794707603699675727E-15, -0.000000000000000000, -1.000000000000000000 ) ) ;
#10046 = DIRECTION ( 'NONE',  ( 0.000000000000000000, -1.000000000000000000, 0.000000000000000000 ) ) ;
#10047 = CARTESIAN_POINT ( 'NONE',  ( 1.374999999999997780, 0.000000000000000000, -2.499999999999987566 ) ) ;
#10048 = LINE ( 'NONE', #5820, #9245 ) ;
#10049 = ORIENTED_EDGE ( 'NONE', *, *, #6124, .F. ) ;
#10051 = DIRECTION ( 'NONE',  ( 0.000000000000000000, -1.000000000000000000, 0.000000000000000000 ) ) ;
#10050 = FACE_OUTER_BOUND ( 'NONE', #11000, .T. ) ;
#10052 = CARTESIAN_POINT ( 'NONE',  ( 2.500000000000000888, 0.000000000000000000, 1.624999999999998668 ) ) ;
#10053 = DIRECTION ( 'NONE',  ( -2.344220913482196012E-15, 0.000000000000000000, -1.000000000000000000 ) ) ;
#10054 = VECTOR ( 'NONE', #10267, 1000.000000000000000 ) ;
#10055 = ORIENTED_EDGE ( 'NONE', *, *, #7503, .F. ) ;
#10056 = DIRECTION ( 'NONE',  ( -0.000000000000000000, -1.000000000000000000, -0.000000000000000000 ) ) ;
#10057 = VERTEX_POINT ( 'NONE', #3980 ) ;
#10058 = VECTOR ( 'NONE', #5818, 1000.000000000000000 ) ;
#10059 = ORIENTED_EDGE ( 'NONE', *, *, #5395, .F. ) ;
#10060 = ORIENTED_EDGE ( 'NONE', *, *, #2260, .T. ) ;
#10061 = DIRECTION ( 'NONE',  ( 3.794707603699675727E-15, -0.000000000000000000, 1.000000000000000000 ) ) ;
#10062 = DIRECTION ( 'NONE',  ( 0.000000000000000000, -1.000000000000000000, 0.000000000000000000 ) ) ;
#10063 = CARTESIAN_POINT ( 'NONE',  ( 2.100000000000000089, 0.2000000000000000111, -1.809999999999998055 ) ) ;
#10064 = ADVANCED_FACE ( 'NONE', ( #3132 ), #6548, .F. ) ;
#10065 = MANIFOLD_SOLID_BREP ( 'Boss-Extrude3[17]', #10233 ) ;
#10066 = ADVANCED_FACE ( 'NONE', ( #7585 ), #3757, .F. ) ;
#10067 = VERTEX_POINT ( 'NONE', #4861 ) ;
#10068 = DIRECTION ( 'NONE',  ( 0.7071067811865474617, 0.000000000000000000, -0.7071067811865474617 ) ) ;
#10069 = PRESENTATION_LAYER_ASSIGNMENT (  '', '', ( #10412 ) ) ;
#10070 = VECTOR ( 'NONE', #3122, 1000.000000000000000 ) ;
#10071 = ADVANCED_FACE ( 'NONE', ( #1479 ), #5798, .F. ) ;
#10072 = VECTOR ( 'NONE', #1030, 1000.000000000000000 ) ;
#10073 = ORIENTED_EDGE ( 'NONE', *, *, #4513, .T. ) ;
#10074 = VECTOR ( 'NONE', #8908, 1000.000000000000000 ) ;
#10075 = CARTESIAN_POINT ( 'NONE',  ( 2.499999999999954259, 0.04999999999999999584, -1.875000000000001554 ) ) ;
#10076 = EDGE_CURVE ( 'NONE', #4226, #822, #3251, .T. ) ;
#10077 = LINE ( 'NONE', #4248, #10773 ) ;
#10078 = CARTESIAN_POINT ( 'NONE',  ( 2.100000000000000089, 0.05000000000000000278, 0.000000000000000000 ) ) ;
#10079 = VECTOR ( 'NONE', #5509, 1000.000000000000114 ) ;
#10080 = DIRECTION ( 'NONE',  ( 1.439820485060763520E-13, -0.000000000000000000, 1.000000000000000000 ) ) ;
#10081 = LINE ( 'NONE', #5071, #10985 ) ;
#10083 = CARTESIAN_POINT ( 'NONE',  ( -2.099999999999982769, 0.000000000000000000, -0.8750000000000012212 ) ) ;
#10082 = DIRECTION ( 'NONE',  ( -0.000000000000000000, -1.000000000000000000, -0.000000000000000000 ) ) ;
#10084 = VECTOR ( 'NONE', #5503, 1000.000000000000000 ) ;
#10085 = MECHANICAL_DESIGN_GEOMETRIC_PRESENTATION_REPRESENTATION (  '', ( #4231 ), #3342 ) ;
#10086 = VERTEX_POINT ( 'NONE', #7647 ) ;
#10087 = VERTEX_POINT ( 'NONE', #4027 ) ;
#10088 = MANIFOLD_SOLID_BREP ( 'Boss-Extrude3[15]', #10931 ) ;
#10089 = EDGE_CURVE ( 'NONE', #8342, #3108, #10187, .T. ) ;
#10090 = AXIS2_PLACEMENT_3D ( 'NONE', #8987, #479, #1150 ) ;
#10091 = EDGE_CURVE ( 'NONE', #1273, #5889, #5743, .T. ) ;
#10092 = ORIENTED_EDGE ( 'NONE', *, *, #6238, .T. ) ;
#10093 = ORIENTED_EDGE ( 'NONE', *, *, #8511, .T. ) ;
#10094 = VECTOR ( 'NONE', #8976, 1000.000000000000000 ) ;
#10095 = ADVANCED_FACE ( 'NONE', ( #7477 ), #9151, .F. ) ;
#10096 = AXIS2_PLACEMENT_3D ( 'NONE', #10213, #4939, #772 ) ;
#10097 = CARTESIAN_POINT ( 'NONE',  ( -0.6250000000000014433, 0.2000000000000000111, 2.099999999999991207 ) ) ;
#10098 = CARTESIAN_POINT ( 'NONE',  ( 0.8749999999999993339, 0.2000000000000000111, -2.100000000000025402 ) ) ;
#10099 = VERTEX_POINT ( 'NONE', #804 ) ;
#10100 = DIRECTION ( 'NONE',  ( 3.794707603699675727E-15, -0.000000000000000000, 1.000000000000000000 ) ) ;
#10101 = CARTESIAN_POINT ( 'NONE',  ( -0.6249999999999975575, 0.2000000000000000111, 2.499999999999991562 ) ) ;
#10102 = VECTOR ( 'NONE', #4667, 1000.000000000000114 ) ;
#10103 = ORIENTED_EDGE ( 'NONE', *, *, #1066, .T. ) ;
#10104 = EDGE_CURVE ( 'NONE', #2504, #1916, #3198, .T. ) ;
#10105 = ORIENTED_EDGE ( 'NONE', *, *, #1779, .F. ) ;
#10106 = VECTOR ( 'NONE', #6083, 1000.000000000000000 ) ;
#10107 =( NAMED_UNIT ( * ) SI_UNIT ( $, .STERADIAN. ) SOLID_ANGLE_UNIT ( ) );
#10108 = DIRECTION ( 'NONE',  ( 0.000000000000000000, -1.000000000000000000, 0.000000000000000000 ) ) ;
#10109 = DIRECTION ( 'NONE',  ( -1.000000000000000000, 0.000000000000000000, 5.825563911862536913E-15 ) ) ;
#10110 = MANIFOLD_SOLID_BREP ( 'Boss-Extrude3[8]', #1355 ) ;
#10111 = DIRECTION ( 'NONE',  ( 0.000000000000000000, -1.000000000000000000, 0.000000000000000000 ) ) ;
#10112 = DIRECTION ( 'NONE',  ( 0.000000000000000000, -1.000000000000000000, 0.000000000000000000 ) ) ;
#10113 = ORIENTED_EDGE ( 'NONE', *, *, #1845, .T. ) ;
#10115 = DIRECTION ( 'NONE',  ( 0.000000000000000000, -1.000000000000000000, 0.000000000000000000 ) ) ;
#10114 = PLANE ( 'NONE',  #10096 ) ;
#10116 = DIRECTION ( 'NONE',  ( -0.000000000000000000, 1.000000000000000000, 0.000000000000000000 ) ) ;
#10117 = LINE ( 'NONE', #2503, #2228 ) ;
#10118 = COLOUR_RGB ( '',0.7921568627450980005, 0.8196078431372548767, 0.9333333333333333481 ) ;
#10119 = VERTEX_POINT ( 'NONE', #1969 ) ;
#10120 = LINE ( 'NONE', #2505, #3169 ) ;
#10121 = VERTEX_POINT ( 'NONE', #10466 ) ;
#10122 = EDGE_LOOP ( 'NONE', ( #4192, #472, #9177, #401 ) ) ;
#10123 = EDGE_LOOP ( 'NONE', ( #7648, #9507, #8881, #7828 ) ) ;
#10124 = DIRECTION ( 'NONE',  ( 0.000000000000000000, -0.000000000000000000, 1.000000000000000000 ) ) ;
#10125 = CARTESIAN_POINT ( 'NONE',  ( -2.099999999999964562, 0.2000000000000000111, 0.8749999999999990008 ) ) ;
#10126 = DIRECTION ( 'NONE',  ( 1.000000000000000000, 0.000000000000000000, -1.439820485060763520E-13 ) ) ;
#10127 = VERTEX_POINT ( 'NONE', #5236 ) ;
#10128 = CARTESIAN_POINT ( 'NONE',  ( 1.874999999999997780, 0.2000000000000000111, -2.499999999999992895 ) ) ;
#10129 = VERTEX_POINT ( 'NONE', #4517 ) ;
#10130 = CARTESIAN_POINT ( 'NONE',  ( 2.100000000000000977, 0.2000000000000000111, 1.810000000000000719 ) ) ;
#10131 = DIRECTION ( 'NONE',  ( 1.000000000000000000, 0.000000000000000000, -3.794707603699675727E-15 ) ) ;
#10132 = LINE ( 'NONE', #5229, #2284 ) ;
#10133 = AXIS2_PLACEMENT_3D ( 'NONE', #9967, #9090, #5997 ) ;
#10134 = DIRECTION ( 'NONE',  ( -1.040834085586083310E-14, -0.000000000000000000, -1.000000000000000000 ) ) ;
#10135 = PLANE ( 'NONE',  #850 ) ;
#10136 = DIRECTION ( 'NONE',  ( 1.457167719820531843E-13, -0.000000000000000000, 1.000000000000000000 ) ) ;
#10137 = VERTEX_POINT ( 'NONE', #4915 ) ;
#10138 = ORIENTED_EDGE ( 'NONE', *, *, #9073, .T. ) ;
#10139 = ADVANCED_FACE ( 'NONE', ( #1853 ), #1751, .F. ) ;
#10140 = EDGE_CURVE ( 'NONE', #4264, #4957, #965, .T. ) ;
#10141 = VECTOR ( 'NONE', #3540, 1000.000000000000000 ) ;
#10142 = ORIENTED_EDGE ( 'NONE', *, *, #728, .F. ) ;
#10143 = ORIENTED_EDGE ( 'NONE', *, *, #10687, .T. ) ;
#10144 = EDGE_CURVE ( 'NONE', #6994, #575, #1082, .T. ) ;
#10145 = DIRECTION ( 'NONE',  ( 3.794707603699675727E-15, 0.000000000000000000, 1.000000000000000000 ) ) ;
#10146 = EDGE_CURVE ( 'NONE', #5196, #8393, #922, .T. ) ;
#10147 = VERTEX_POINT ( 'NONE', #6977 ) ;
#10148 = CARTESIAN_POINT ( 'NONE',  ( 2.499999999999977796, 0.2000000000000000111, 0.3749999999999985012 ) ) ;
#10149 = ADVANCED_FACE ( 'NONE', ( #7853 ), #4356, .F. ) ;
#10151 = CARTESIAN_POINT ( 'NONE',  ( -2.500000000000042633, 0.2000000000000000111, -1.625000000000000222 ) ) ;
#10150 = LINE ( 'NONE', #9316, #7963 ) ;
#10152 = ORIENTED_EDGE ( 'NONE', *, *, #5321, .T. ) ;
#10153 = ADVANCED_FACE ( 'NONE', ( #8761 ), #129, .T. ) ;
#10154 = EDGE_LOOP ( 'NONE', ( #1256, #10676, #5747, #4323 ) ) ;
#10155 = EDGE_CURVE ( 'NONE', #868, #6812, #3524, .T. ) ;
#10156 = CARTESIAN_POINT ( 'NONE',  ( 0.8750000000000025535, 0.000000000000000000, 2.499999999999975575 ) ) ;
#10157 = ORIENTED_EDGE ( 'NONE', *, *, #8930, .F. ) ;
#10158 = DIRECTION ( 'NONE',  ( -1.000000000000000000, 0.000000000000000000, 0.000000000000000000 ) ) ;
#10159 = DIRECTION ( 'NONE',  ( -3.930232875260377980E-15, 0.000000000000000000, -1.000000000000000000 ) ) ;
#10160 = CARTESIAN_POINT ( 'NONE',  ( -2.500000000000000000, 0.04999999999999969746, -2.500000000000000000 ) ) ;
#10161 = FACE_OUTER_BOUND ( 'NONE', #8800, .T. ) ;
#10162 = ORIENTED_EDGE ( 'NONE', *, *, #2601, .T. ) ;
#10164 = FACE_OUTER_BOUND ( 'NONE', #2214, .T. ) ;
#10163 = CARTESIAN_POINT ( 'NONE',  ( -2.499999999999977796, 0.2000000000000000111, -0.3749999999999968914 ) ) ;
#10165 = DIRECTION ( 'NONE',  ( -0.000000000000000000, 1.000000000000000000, 0.000000000000000000 ) ) ;
#10166 = FACE_OUTER_BOUND ( 'NONE', #8949, .T. ) ;
#10167 = EDGE_CURVE ( 'NONE', #8728, #199, #9468, .T. ) ;
#10168 = VERTEX_POINT ( 'NONE', #8706 ) ;
#10169 = DIRECTION ( 'NONE',  ( 1.000000000000000000, 0.000000000000000000, -1.035655806553459206E-14 ) ) ;
#10170 = ORIENTED_EDGE ( 'NONE', *, *, #3744, .T. ) ;
#10171 = ORIENTED_EDGE ( 'NONE', *, *, #967, .T. ) ;
#10172 = ORIENTED_EDGE ( 'NONE', *, *, #1193, .F. ) ;
#10173 = EDGE_LOOP ( 'NONE', ( #4453, #5023, #673, #4644 ) ) ;
#10174 = LINE ( 'NONE', #3234, #123 ) ;
#10175 = DIRECTION ( 'NONE',  ( 0.000000000000000000, 1.000000000000000000, 0.000000000000000000 ) ) ;
#10176 = DIRECTION ( 'NONE',  ( 1.000000000000000000, 0.000000000000000000, 2.949029909160572061E-14 ) ) ;
#10177 = LINE ( 'NONE', #4396, #8309 ) ;
#10178 = ORIENTED_EDGE ( 'NONE', *, *, #9531, .T. ) ;
#10179 = ORIENTED_EDGE ( 'NONE', *, *, #5122, .T. ) ;
#10180 = LINE ( 'NONE', #2463, #3645 ) ;
#10181 = FILL_AREA_STYLE_COLOUR ( '', #6918 ) ;
#10182 = DIRECTION ( 'NONE',  ( -0.000000000000000000, 0.000000000000000000, 1.000000000000000000 ) ) ;
#10183 = CARTESIAN_POINT ( 'NONE',  ( -2.099999999999964562, 0.2000000000000000111, 0.8749999999999990008 ) ) ;
#10184 = CARTESIAN_POINT ( 'NONE',  ( -2.099999999999964562, 0.2000000000000000111, 0.8749999999999990008 ) ) ;
#10185 = PLANE ( 'NONE',  #9736 ) ;
#10186 = ORIENTED_EDGE ( 'NONE', *, *, #4846, .T. ) ;
#10188 = ORIENTED_EDGE ( 'NONE', *, *, #3408, .F. ) ;
#10187 = LINE ( 'NONE', #9261, #10480 ) ;
#10189 = ORIENTED_EDGE ( 'NONE', *, *, #4109, .F. ) ;
#10190 = PLANE ( 'NONE',  #4198 ) ;
#10191 = DIRECTION ( 'NONE',  ( 1.000000000000000000, -0.000000000000000000, 0.000000000000000000 ) ) ;
#10192 = EDGE_LOOP ( 'NONE', ( #2010, #6680, #8339, #2235 ) ) ;
#10193 = PLANE ( 'NONE',  #6914 ) ;
#10195 = PLANE ( 'NONE',  #2753 ) ;
#10194 = DIRECTION ( 'NONE',  ( -1.000000000000000000, 0.000000000000000000, 0.000000000000000000 ) ) ;
#10196 = EDGE_CURVE ( 'NONE', #7204, #2714, #7804, .T. ) ;
#10197 = EDGE_CURVE ( 'NONE', #9833, #8418, #3580, .T. ) ;
#10198 = VERTEX_POINT ( 'NONE', #10406 ) ;
#10199 = EDGE_CURVE ( 'NONE', #5153, #614, #1909, .T. ) ;
#10200 = VECTOR ( 'NONE', #1558, 1000.000000000000000 ) ;
#10201 = VERTEX_POINT ( 'NONE', #8867 ) ;
#10202 = EDGE_CURVE ( 'NONE', #6846, #5917, #7349, .T. ) ;
#10203 = EDGE_LOOP ( 'NONE', ( #2100, #10460, #2979, #9824 ) ) ;
#10204 = CARTESIAN_POINT ( 'NONE',  ( -2.500000000000000000, 0.04999999999999969746, 2.500000000000000000 ) ) ;
#10205 = ADVANCED_FACE ( 'NONE', ( #7141 ), #1247, .T. ) ;
#10206 = CARTESIAN_POINT ( 'NONE',  ( 2.499999999999993783, 0.2000000000000000111, 1.874999999999998668 ) ) ;
#10207 = DIRECTION ( 'NONE',  ( 0.000000000000000000, 0.000000000000000000, -1.000000000000000000 ) ) ;
#10208 = DIRECTION ( 'NONE',  ( 0.000000000000000000, -0.000000000000000000, 1.000000000000000000 ) ) ;
#10209 = ADVANCED_FACE ( 'NONE', ( #9677 ), #1415, .F. ) ;
#10210 = VECTOR ( 'NONE', #9430, 1000.000000000000000 ) ;
#10211 = VERTEX_POINT ( 'NONE', #8069 ) ;
#10212 = EDGE_CURVE ( 'NONE', #8929, #9751, #10517, .T. ) ;
#10214 = FACE_OUTER_BOUND ( 'NONE', #536, .T. ) ;
#10213 = CARTESIAN_POINT ( 'NONE',  ( -2.099999999999962341, 0.2000000000000000111, 1.124999999999998890 ) ) ;
#10215 = CARTESIAN_POINT ( 'NONE',  ( 2.499999999999969802, 0.2000000000000000111, -1.375000000000001332 ) ) ;
#10216 = CARTESIAN_POINT ( 'NONE',  ( -2.500000000000000000, 1.000000000000000000, 2.500000000000000000 ) ) ;
#10217 = VECTOR ( 'NONE', #2790, 1000.000000000000000 ) ;
#10218 = VERTEX_POINT ( 'NONE', #6252 ) ;
#10219 = VECTOR ( 'NONE', #4766, 1000.000000000000000 ) ;
#10220 = CARTESIAN_POINT ( 'NONE',  ( 2.100000000000005418, 0.2000000000000000111, -1.125000000000000000 ) ) ;
#10221 = DIRECTION ( 'NONE',  ( 1.000000000000000000, -0.000000000000000000, -3.930232875260377980E-15 ) ) ;
#10222 = EDGE_CURVE ( 'NONE', #1363, #4621, #5460, .T. ) ;
#10223 = VERTEX_POINT ( 'NONE', #3792 ) ;
#10224 = ORIENTED_EDGE ( 'NONE', *, *, #7972, .T. ) ;
#10225 = EDGE_LOOP ( 'NONE', ( #8451, #8023, #2556, #2655 ) ) ;
#10226 = DIRECTION ( 'NONE',  ( 0.000000000000000000, -0.000000000000000000, 1.000000000000000000 ) ) ;
#10227 = EDGE_CURVE ( 'NONE', #5905, #1173, #6372, .T. ) ;
#10228 = LINE ( 'NONE', #4953, #7979 ) ;
#10229 = VECTOR ( 'NONE', #6078, 1000.000000000000000 ) ;
#10230 = DIRECTION ( 'NONE',  ( 1.000000000000000000, -0.000000000000000000, -1.439820485060763520E-13 ) ) ;
#10231 = DIRECTION ( 'NONE',  ( 0.000000000000000000, 1.000000000000000000, 0.000000000000000000 ) ) ;
#10232 = ORIENTED_EDGE ( 'NONE', *, *, #10222, .F. ) ;
#10233 = CLOSED_SHELL ( 'NONE', ( #3357, #3207, #9089, #2117, #7028, #3965, #9859 ) ) ;
#10234 = VECTOR ( 'NONE', #1483, 1000.000000000000000 ) ;
#10235 = ORIENTED_EDGE ( 'NONE', *, *, #10736, .T. ) ;
#10236 = DIRECTION ( 'NONE',  ( -1.000000000000000000, 0.000000000000000000, 0.000000000000000000 ) ) ;
#10237 = SURFACE_STYLE_FILL_AREA ( #4347 ) ;
#10238 = DIRECTION ( 'NONE',  ( 0.000000000000000000, 1.000000000000000000, 0.000000000000000000 ) ) ;
#10239 = CARTESIAN_POINT ( 'NONE',  ( -1.625000000000002220, 0.2000000000000000111, -2.499999999999956035 ) ) ;
#10240 = LINE ( 'NONE', #122, #10424 ) ;
#10241 = LINE ( 'NONE', #5353, #8662 ) ;
#10242 = STYLED_ITEM ( 'NONE', ( #8302 ), #6374 ) ;
#10243 = CARTESIAN_POINT ( 'NONE',  ( -1.625000000000000888, 0.2000000000000000111, -2.099999999999999645 ) ) ;
#10244 = AXIS2_PLACEMENT_3D ( 'NONE', #3388, #6624, #9284 ) ;
#10246 = ORIENTED_EDGE ( 'NONE', *, *, #1382, .T. ) ;
#10245 =( LENGTH_UNIT ( ) NAMED_UNIT ( * ) SI_UNIT ( .MILLI., .METRE. ) );
#10247 = VECTOR ( 'NONE', #7681, 1000.000000000000000 ) ;
#10248 = DIRECTION ( 'NONE',  ( -9.893344823930224805E-15, 0.000000000000000000, -1.000000000000000000 ) ) ;
#10249 = DIRECTION ( 'NONE',  ( 0.000000000000000000, -0.000000000000000000, 1.000000000000000000 ) ) ;
#10250 = VECTOR ( 'NONE', #236, 1000.000000000000000 ) ;
#10251 = EDGE_LOOP ( 'NONE', ( #8693, #5904, #783, #5142 ) ) ;
#10252 = LINE ( 'NONE', #5197, #158 ) ;
#10253 = AXIS2_PLACEMENT_3D ( 'NONE', #5680, #9674, #2902 ) ;
#10255 = DIRECTION ( 'NONE',  ( -3.930232875260377980E-15, 0.000000000000000000, -1.000000000000000000 ) ) ;
#10254 = DIRECTION ( 'NONE',  ( 0.000000000000000000, 0.000000000000000000, -1.000000000000000000 ) ) ;
#10256 = ORIENTED_EDGE ( 'NONE', *, *, #10884, .F. ) ;
#10257 = PRODUCT_RELATED_PRODUCT_CATEGORY ( 'part', '', ( #8703 ) ) ;
#10258 = AXIS2_PLACEMENT_3D ( 'NONE', #1821, #150, #3597 ) ;
#10259 = VERTEX_POINT ( 'NONE', #10572 ) ;
#10260 = VECTOR ( 'NONE', #8202, 1000.000000000000000 ) ;
#10261 = VECTOR ( 'NONE', #8450, 1000.000000000000000 ) ;
#10262 = FILL_AREA_STYLE_COLOUR ( '', #6765 ) ;
#10263 = VERTEX_POINT ( 'NONE', #577 ) ;
#10264 = DIRECTION ( 'NONE',  ( 1.000000000000000000, 0.000000000000000000, -1.029992063861228897E-14 ) ) ;
#10265 = DIRECTION ( 'NONE',  ( 9.757819552369538328E-15, 0.000000000000000000, 1.000000000000000000 ) ) ;
#10266 = EDGE_CURVE ( 'NONE', #1629, #6011, #4630, .T. ) ;
#10267 = DIRECTION ( 'NONE',  ( 1.035655806553459049E-14, -0.000000000000000000, 1.000000000000000000 ) ) ;
#10268 = ADVANCED_FACE ( 'NONE', ( #5562 ), #2958, .F. ) ;
#10269 = CARTESIAN_POINT ( 'NONE',  ( 0.1250000000000009159, 0.000000000000000000, 2.100000000000016964 ) ) ;
#10270 = VECTOR ( 'NONE', #1846, 1000.000000000000000 ) ;
#10271 = ORIENTED_EDGE ( 'NONE', *, *, #6948, .F. ) ;
#10273 = CARTESIAN_POINT ( 'NONE',  ( -2.164999999999975167, 0.2000000000000000111, -1.875000000000000222 ) ) ;
#10272 = CARTESIAN_POINT ( 'NONE',  ( 0.6249999999999978906, 0.2000000000000000111, -2.499999999999989786 ) ) ;
#10274 = LINE ( 'NONE', #4332, #3455 ) ;
#10275 = VECTOR ( 'NONE', #9580, 1000.000000000000000 ) ;
#10276 = VECTOR ( 'NONE', #9603, 1000.000000000000000 ) ;
#10277 = CARTESIAN_POINT ( 'NONE',  ( 0.6250000000000009992, 0.2000000000000000111, 2.100000000000011635 ) ) ;
#10278 = EDGE_LOOP ( 'NONE', ( #4579, #6490, #9880, #270 ) ) ;
#10279 =( GEOMETRIC_REPRESENTATION_CONTEXT ( 3 ) GLOBAL_UNCERTAINTY_ASSIGNED_CONTEXT ( ( #1488 ) ) GLOBAL_UNIT_ASSIGNED_CONTEXT ( ( #10900, #2629, #5067 ) ) REPRESENTATION_CONTEXT ( 'NONE', 'WORKASPACE' ) );
#10280 = EDGE_CURVE ( 'NONE', #6395, #6937, #6428, .T. ) ;
#10281 = EDGE_CURVE ( 'NONE', #6988, #2682, #1347, .T. ) ;
#10282 = CARTESIAN_POINT ( 'NONE',  ( -2.499999999999988454, 0.2000000000000000111, -1.374999999999996891 ) ) ;
#10283 = DIRECTION ( 'NONE',  ( -0.000000000000000000, -1.000000000000000000, -0.000000000000000000 ) ) ;
#10284 = ORIENTED_EDGE ( 'NONE', *, *, #6886, .F. ) ;
#10285 = ORIENTED_EDGE ( 'NONE', *, *, #1441, .T. ) ;
#10286 = VERTEX_POINT ( 'NONE', #1293 ) ;
#10287 = ADVANCED_FACE ( 'NONE', ( #9843 ), #2177, .F. ) ;
#10288 = DIRECTION ( 'NONE',  ( -1.000000000000000000, -0.000000000000000000, 1.084202172485504118E-14 ) ) ;
#10289 = CARTESIAN_POINT ( 'NONE',  ( 1.625000000000002442, 0.2000000000000000111, 2.499999999999957367 ) ) ;
#10290 = EDGE_CURVE ( 'NONE', #230, #4718, #4681, .T. ) ;
#10291 = CARTESIAN_POINT ( 'NONE',  ( -1.374999999999999112, 0.2000000000000000111, 2.100000000000032951 ) ) ;
#10292 = CARTESIAN_POINT ( 'NONE',  ( 0.8749999999999993339, 0.2000000000000000111, -2.100000000000025402 ) ) ;
#10293 = FACE_OUTER_BOUND ( 'NONE', #9821, .T. ) ;
#10294 = EDGE_CURVE ( 'NONE', #2250, #5692, #3018, .T. ) ;
#10295 = ORIENTED_EDGE ( 'NONE', *, *, #3131, .T. ) ;
#10296 = VECTOR ( 'NONE', #3609, 1000.000000000000000 ) ;
#10297 = EDGE_CURVE ( 'NONE', #4838, #1463, #8810, .T. ) ;
#10298 = VECTOR ( 'NONE', #6406, 1000.000000000000000 ) ;
#10299 = EDGE_LOOP ( 'NONE', ( #722, #9897, #3412, #9957 ) ) ;
#10300 = CARTESIAN_POINT ( 'NONE',  ( -2.499999999999964917, 0.2000000000000000111, 0.8750000000000031086 ) ) ;
#10301 = CARTESIAN_POINT ( 'NONE',  ( -1.524999999999999023, 0.2000000000000000111, 1.674999999999999156 ) ) ;
#10302 = DIRECTION ( 'NONE',  ( -0.000000000000000000, -1.000000000000000000, -0.000000000000000000 ) ) ;
#10303 = LINE ( 'NONE', #10078, #10625 ) ;
#10304 = CARTESIAN_POINT ( 'NONE',  ( 2.100000000000016076, 0.2000000000000000111, -0.1249999999999999167 ) ) ;
#10305 = LINE ( 'NONE', #1079, #10953 ) ;
#10306 = LINE ( 'NONE', #10243, #10275 ) ;
#10307 = COLOUR_RGB ( '',0.7921568627450980005, 0.8196078431372548767, 0.9333333333333333481 ) ;
#10309 = ORIENTED_EDGE ( 'NONE', *, *, #6225, .T. ) ;
#10308 = DIRECTION ( 'NONE',  ( 0.000000000000000000, 1.000000000000000000, 0.000000000000000000 ) ) ;
#10310 =( NAMED_UNIT ( * ) SI_UNIT ( $, .STERADIAN. ) SOLID_ANGLE_UNIT ( ) );
#10311 = LINE ( 'NONE', #6982, #6375 ) ;
#10312 = ORIENTED_EDGE ( 'NONE', *, *, #2945, .T. ) ;
#10313 = CARTESIAN_POINT ( 'NONE',  ( 1.524999999999999023, 0.2000000000000000111, -1.675000000000001377 ) ) ;
#10315 = CARTESIAN_POINT ( 'NONE',  ( 0.8749999999999978906, 0.2000000000000000111, -2.499999999999982236 ) ) ;
#10314 = CARTESIAN_POINT ( 'NONE',  ( 1.874999999999999112, 0.2000000000000000111, 2.165000000000000480 ) ) ;
#10316 = ORIENTED_EDGE ( 'NONE', *, *, #3012, .T. ) ;
#10317 = AXIS2_PLACEMENT_3D ( 'NONE', #5204, #5368, #1147 ) ;
#10318 = ORIENTED_EDGE ( 'NONE', *, *, #6559, .F. ) ;
#10319 =( LENGTH_UNIT ( ) NAMED_UNIT ( * ) SI_UNIT ( .MILLI., .METRE. ) );
#10320 = ORIENTED_EDGE ( 'NONE', *, *, #4308, .T. ) ;
#10321 = DIRECTION ( 'NONE',  ( -2.344220913482196012E-15, 0.000000000000000000, 1.000000000000000000 ) ) ;
#10322 = DIRECTION ( 'NONE',  ( 0.000000000000000000, 0.000000000000000000, 1.000000000000000000 ) ) ;
#10323 = LINE ( 'NONE', #2761, #4225 ) ;
#10324 = EDGE_LOOP ( 'NONE', ( #3732, #7660, #9559, #7013 ) ) ;
#10326 = FACE_OUTER_BOUND ( 'NONE', #10862, .T. ) ;
#10325 = CARTESIAN_POINT ( 'NONE',  ( 2.499999999999956923, 0.000000000000000000, -1.625000000000001332 ) ) ;
#10327 = CARTESIAN_POINT ( 'NONE',  ( 0.000000000000000000, 0.000000000000000000, 0.000000000000000000 ) ) ;
#10328 = DIRECTION ( 'NONE',  ( -9.757819552369536751E-15, 0.000000000000000000, -1.000000000000000000 ) ) ;
#10329 = ORIENTED_EDGE ( 'NONE', *, *, #1719, .F. ) ;
#10330 = CARTESIAN_POINT ( 'NONE',  ( -2.499999999999977796, 0.2000000000000000111, -0.3749999999999968914 ) ) ;
#10331 = DIRECTION ( 'NONE',  ( 1.000000000000000000, -0.000000000000000000, 0.000000000000000000 ) ) ;
#10332 = ORIENTED_EDGE ( 'NONE', *, *, #562, .F. ) ;
#10333 = EDGE_LOOP ( 'NONE', ( #10138, #10979, #7780, #7421 ) ) ;
#10334 = ORIENTED_EDGE ( 'NONE', *, *, #2535, .T. ) ;
#10335 = CARTESIAN_POINT ( 'NONE',  ( -0.3749999999999975020, 0.2000000000000000111, 2.499999999999978684 ) ) ;
#10336 = ORIENTED_EDGE ( 'NONE', *, *, #5190, .T. ) ;
#10337 = DIRECTION ( 'NONE',  ( -0.000000000000000000, 1.000000000000000000, 0.000000000000000000 ) ) ;
#10338 = EDGE_CURVE ( 'NONE', #5563, #1680, #8195, .T. ) ;
#10339 = DIRECTION ( 'NONE',  ( 3.930232875260377980E-15, -0.000000000000000000, 1.000000000000000000 ) ) ;
#10340 = CARTESIAN_POINT ( 'NONE',  ( -2.499999999999980460, 0.2000000000000000111, -0.6249999999999968914 ) ) ;
#10341 = ORIENTED_EDGE ( 'NONE', *, *, #3915, .F. ) ;
#10342 = EDGE_CURVE ( 'NONE', #5570, #7454, #4578, .T. ) ;
#10343 = ORIENTED_EDGE ( 'NONE', *, *, #39, .F. ) ;
#10344 = EDGE_CURVE ( 'NONE', #6296, #10427, #3742, .T. ) ;
#10345 = DIRECTION ( 'NONE',  ( 1.000000000000000000, 0.000000000000000000, -1.029992063861228897E-14 ) ) ;
#10346 = EDGE_CURVE ( 'NONE', #6958, #600, #8512, .T. ) ;
#10347 = EDGE_CURVE ( 'NONE', #8899, #330, #2301, .T. ) ;
#10348 = CARTESIAN_POINT ( 'NONE',  ( 1.374999999999997780, 0.2000000000000000111, -2.499999999999987566 ) ) ;
#10349 = EDGE_CURVE ( 'NONE', #2140, #280, #4285, .T. ) ;
#10350 = PLANE ( 'NONE',  #2994 ) ;
#10351 = DIRECTION ( 'NONE',  ( -0.000000000000000000, -1.000000000000000000, -0.000000000000000000 ) ) ;
#10353 = ORIENTED_EDGE ( 'NONE', *, *, #233, .T. ) ;
#10352 = CARTESIAN_POINT ( 'NONE',  ( -0.3749999999999975020, 0.2000000000000000111, 2.499999999999978684 ) ) ;
#10354 = DIRECTION ( 'NONE',  ( -0.000000000000000000, -1.000000000000000000, -0.000000000000000000 ) ) ;
#10355 = SURFACE_STYLE_FILL_AREA ( #8764 ) ;
#10356 = DIRECTION ( 'NONE',  ( -1.000000000000000000, 0.000000000000000000, 3.794707603699675727E-15 ) ) ;
#10357 = EDGE_LOOP ( 'NONE', ( #9832, #2457, #70, #5869 ) ) ;
#10358 = EDGE_CURVE ( 'NONE', #7361, #3465, #9446, .T. ) ;
#10359 = DIRECTION ( 'NONE',  ( -0.000000000000000000, -1.000000000000000000, -0.000000000000000000 ) ) ;
#10361 = CARTESIAN_POINT ( 'NONE',  ( -2.099999999999990763, 0.2000000000000000111, -1.625000000000001110 ) ) ;
#10360 = CARTESIAN_POINT ( 'NONE',  ( 2.100000000000026290, 0.2000000000000000111, 0.8750000000000001110 ) ) ;
#10362 = ORIENTED_EDGE ( 'NONE', *, *, #4303, .T. ) ;
#10363 = ORIENTED_EDGE ( 'NONE', *, *, #10266, .F. ) ;
#10365 = VERTEX_POINT ( 'NONE', #6593 ) ;
#10364 = DIRECTION ( 'NONE',  ( 0.000000000000000000, -0.000000000000000000, 1.000000000000000000 ) ) ;
#10366 = VERTEX_POINT ( 'NONE', #7675 ) ;
#10367 = CARTESIAN_POINT ( 'NONE',  ( -2.099999999999972555, 0.04999999999999999584, 0.1249999999999988065 ) ) ;
#10368 = CARTESIAN_POINT ( 'NONE',  ( -2.499999999999954703, 0.000000000000000000, 1.875000000000002887 ) ) ;
#10369 = CARTESIAN_POINT ( 'NONE',  ( 0.3750000000000024980, 0.2000000000000000111, 2.499999999999980904 ) ) ;
#10370 = ORIENTED_EDGE ( 'NONE', *, *, #1180, .F. ) ;
#10372 = LINE ( 'NONE', #6944, #4745 ) ;
#10371 = CARTESIAN_POINT ( 'NONE',  ( 1.124999999999997780, 0.000000000000000000, -2.499999999999994671 ) ) ;
#10373 = VECTOR ( 'NONE', #7770, 1000.000000000000000 ) ;
#10374 = CARTESIAN_POINT ( 'NONE',  ( -2.499999999999967581, 0.000000000000000000, 0.6250000000000031086 ) ) ;
#10375 = LINE ( 'NONE', #9551, #5954 ) ;
#10376 = ORIENTED_EDGE ( 'NONE', *, *, #1310, .F. ) ;
#10377 = DIRECTION ( 'NONE',  ( 1.000000000000000000, 0.000000000000000000, -1.439820485060763520E-13 ) ) ;
#10378 = VECTOR ( 'NONE', #8819, 1000.000000000000000 ) ;
#10379 = PLANE ( 'NONE',  #7833 ) ;
#10380 = ORIENTED_EDGE ( 'NONE', *, *, #6546, .F. ) ;
#10381 = ORIENTED_EDGE ( 'NONE', *, *, #8666, .T. ) ;
#10382 = ORIENTED_EDGE ( 'NONE', *, *, #5664, .T. ) ;
#10383 = DIRECTION ( 'NONE',  ( -0.000000000000000000, -1.000000000000000000, -0.000000000000000000 ) ) ;
#10384 = ORIENTED_EDGE ( 'NONE', *, *, #7169, .F. ) ;
#10385 =( NAMED_UNIT ( * ) PLANE_ANGLE_UNIT ( ) SI_UNIT ( $, .RADIAN. ) );
#10386 = DIRECTION ( 'NONE',  ( -1.000000000000000000, -0.000000000000000000, 1.457167719820531843E-13 ) ) ;
#10387 = VECTOR ( 'NONE', #9277, 1000.000000000000000 ) ;
#10388 = CARTESIAN_POINT ( 'NONE',  ( 0.3749999999999986122, 0.04999999999999969746, -2.500000000000000000 ) ) ;
#10389 = PLANE ( 'NONE',  #9329 ) ;
#10390 = ORIENTED_EDGE ( 'NONE', *, *, #7152, .T. ) ;
#10391 = AXIS2_PLACEMENT_3D ( 'NONE', #5407, #8871, #2861 ) ;
#10392 = ORIENTED_EDGE ( 'NONE', *, *, #3025, .F. ) ;
#10393 = ORIENTED_EDGE ( 'NONE', *, *, #3286, .F. ) ;
#10394 = ORIENTED_EDGE ( 'NONE', *, *, #6826, .F. ) ;
#10395 = AXIS2_PLACEMENT_3D ( 'NONE', #10991, #1659, #8390 ) ;
#10396 = DIRECTION ( 'NONE',  ( -3.930232875260377980E-15, -0.000000000000000000, -1.000000000000000000 ) ) ;
#10397 = SURFACE_STYLE_USAGE ( .BOTH. , #119 ) ;
#10398 = EDGE_CURVE ( 'NONE', #6797, #6501, #1260, .T. ) ;
#10399 = EDGE_CURVE ( 'NONE', #4994, #3338, #6051, .T. ) ;
#10400 = CARTESIAN_POINT ( 'NONE',  ( 2.499999999999962252, 0.2000000000000000111, -1.125000000000001332 ) ) ;
#10401 = LINE ( 'NONE', #10463, #880 ) ;
#10402 = DIRECTION ( 'NONE',  ( 1.002887009549091444E-14, -0.000000000000000000, 1.000000000000000000 ) ) ;
#10403 = CLOSED_SHELL ( 'NONE', ( #3206, #9649, #9057, #9259, #1239, #4106, #1921 ) ) ;
#10404 = EDGE_CURVE ( 'NONE', #4311, #10259, #2612, .T. ) ;
#10405 = EDGE_CURVE ( 'NONE', #7862, #5083, #10851, .T. ) ;
#10407 = VERTEX_POINT ( 'NONE', #998 ) ;
#10406 = CARTESIAN_POINT ( 'NONE',  ( -1.374999999999998446, 0.2000000000000000111, -2.099999999999968558 ) ) ;
#10408 = CARTESIAN_POINT ( 'NONE',  ( 1.809999999999999831, 0.2000000000000000111, -2.100000000000000089 ) ) ;
#10409 = VECTOR ( 'NONE', #719, 1000.000000000000000 ) ;
#10410 = DIRECTION ( 'NONE',  ( 1.035655806553459206E-14, -0.000000000000000000, 1.000000000000000000 ) ) ;
#10411 = CARTESIAN_POINT ( 'NONE',  ( 1.874999999999997780, 0.000000000000000000, -2.499999999999992895 ) ) ;
#10412 = STYLED_ITEM ( 'NONE', ( #1015 ), #6450 ) ;
#10413 = VECTOR ( 'NONE', #2571, 1000.000000000000000 ) ;
#10414 = VERTEX_POINT ( 'NONE', #3240 ) ;
#10415 = FACE_OUTER_BOUND ( 'NONE', #7155, .T. ) ;
#10417 = CARTESIAN_POINT ( 'NONE',  ( 1.809999999999999165, 0.000000000000000000, 2.100000000000000977 ) ) ;
#10416 = PLANE ( 'NONE',  #9916 ) ;
#10418 = ORIENTED_EDGE ( 'NONE', *, *, #5580, .T. ) ;
#10419 = EDGE_CURVE ( 'NONE', #6220, #10427, #948, .T. ) ;
#10420 = VECTOR ( 'NONE', #3279, 1000.000000000000000 ) ;
#10421 = ORIENTED_EDGE ( 'NONE', *, *, #9940, .T. ) ;
#10422 = ADVANCED_FACE ( 'NONE', ( #9910 ), #2666, .T. ) ;
#10423 = VECTOR ( 'NONE', #7129, 1000.000000000000114 ) ;
#10424 = VECTOR ( 'NONE', #8583, 1000.000000000000000 ) ;
#10425 = ADVANCED_FACE ( 'NONE', ( #5731 ), #2404, .F. ) ;
#10426 = ORIENTED_EDGE ( 'NONE', *, *, #8861, .T. ) ;
#10427 = VERTEX_POINT ( 'NONE', #8240 ) ;
#10428 = VECTOR ( 'NONE', #6931, 1000.000000000000000 ) ;
#10429 = LINE ( 'NONE', #1265, #8445 ) ;
#10430 = VECTOR ( 'NONE', #6643, 1000.000000000000000 ) ;
#10431 = DIRECTION ( 'NONE',  ( 5.825563911862536913E-15, -0.000000000000000000, 1.000000000000000000 ) ) ;
#10432 = LINE ( 'NONE', #7267, #4764 ) ;
#10433 = ORIENTED_EDGE ( 'NONE', *, *, #4120, .T. ) ;
#10435 = DIRECTION ( 'NONE',  ( 0.000000000000000000, -0.000000000000000000, -1.000000000000000000 ) ) ;
#10434 = CARTESIAN_POINT ( 'NONE',  ( 1.675000000000000044, 0.04999999999999999584, 1.524999999999997691 ) ) ;
#10436 = CARTESIAN_POINT ( 'NONE',  ( 2.100000000000000533, 0.000000000000000000, 1.625000000000002442 ) ) ;
#10437 = VECTOR ( 'NONE', #9438, 1000.000000000000000 ) ;
#10438 = CARTESIAN_POINT ( 'NONE',  ( 0.3749999999999985567, 0.2000000000000000111, 2.099999999999980993 ) ) ;
#10439 = VECTOR ( 'NONE', #2675, 1000.000000000000000 ) ;
#10440 = VECTOR ( 'NONE', #9938, 1000.000000000000114 ) ;
#10441 = ORIENTED_EDGE ( 'NONE', *, *, #1041, .T. ) ;
#10442 = CARTESIAN_POINT ( 'NONE',  ( -1.125000000000001332, 0.04999999999999969746, -2.500000000000000000 ) ) ;
#10443 = VECTOR ( 'NONE', #1684, 1000.000000000000000 ) ;
#10444 = DIRECTION ( 'NONE',  ( -0.000000000000000000, -1.000000000000000000, -0.000000000000000000 ) ) ;
#10445 = ORIENTED_EDGE ( 'NONE', *, *, #5193, .F. ) ;
#10446 = ORIENTED_EDGE ( 'NONE', *, *, #4912, .T. ) ;
#10447 = DIRECTION ( 'NONE',  ( 1.000000000000000000, -0.000000000000000000, -1.439820485060763520E-13 ) ) ;
#10448 = VECTOR ( 'NONE', #1254, 1000.000000000000000 ) ;
#10449 = EDGE_LOOP ( 'NONE', ( #7060, #715, #2422, #878 ) ) ;
#10450 = AXIS2_PLACEMENT_3D ( 'NONE', #6495, #4821, #650 ) ;
#10451 = FILL_AREA_STYLE ('',( #1955 ) ) ;
#10452 = FACE_OUTER_BOUND ( 'NONE', #9928, .T. ) ;
#10453 = CARTESIAN_POINT ( 'NONE',  ( -2.499999999999977796, 0.2000000000000000111, -0.3749999999999968914 ) ) ;
#10454 = PLANE ( 'NONE',  #1516 ) ;
#10455 = VERTEX_POINT ( 'NONE', #9341 ) ;
#10456 = CIRCLE ( 'NONE', #9385, 0.2500000000000000000 ) ;
#10457 = VERTEX_POINT ( 'NONE', #9136 ) ;
#10458 = VECTOR ( 'NONE', #9306, 1000.000000000000000 ) ;
#10459 = ORIENTED_EDGE ( 'NONE', *, *, #8587, .F. ) ;
#10460 = ORIENTED_EDGE ( 'NONE', *, *, #17, .F. ) ;
#10461 = DIRECTION ( 'NONE',  ( 7.477256361968998944E-17, -0.000000000000000000, 1.000000000000000000 ) ) ;
#10462 = DIRECTION ( 'NONE',  ( -1.000000000000000000, 0.000000000000000000, -2.949029909160572061E-14 ) ) ;
#10463 = CARTESIAN_POINT ( 'NONE',  ( 0.8750000000000074385, 0.05000000000000000278, -3.320369153237244265E-15 ) ) ;
#10464 = DIRECTION ( 'NONE',  ( -1.000000000000000000, 0.000000000000000000, 9.893344823930224805E-15 ) ) ;
#10465 = VECTOR ( 'NONE', #8232, 1000.000000000000000 ) ;
#10467 = ORIENTED_EDGE ( 'NONE', *, *, #9325, .T. ) ;
#10466 = CARTESIAN_POINT ( 'NONE',  ( -2.500000000000000000, 0.04999999999999969746, -0.3749999999999990563 ) ) ;
#10468 = ADVANCED_FACE ( 'NONE', ( #1721 ), #4336, .T. ) ;
#10469 = CARTESIAN_POINT ( 'NONE',  ( -1.625000000000002220, 0.2000000000000000111, -2.499999999999956035 ) ) ;
#10470 = LINE ( 'NONE', #3632, #10797 ) ;
#10471 = STYLED_ITEM ( 'NONE', ( #5751 ), #9925 ) ;
#10472 = ORIENTED_EDGE ( 'NONE', *, *, #5994, .F. ) ;
#10473 = LINE ( 'NONE', #8648, #3362 ) ;
#10475 = LINE ( 'NONE', #3751, #9845 ) ;
#10474 = DIRECTION ( 'NONE',  ( -1.000000000000000000, 0.000000000000000000, -2.949029909160572061E-14 ) ) ;
#10476 = EDGE_CURVE ( 'NONE', #8909, #9706, #7722, .T. ) ;
#10477 = ORIENTED_EDGE ( 'NONE', *, *, #3744, .F. ) ;
#10478 = ORIENTED_EDGE ( 'NONE', *, *, #977, .F. ) ;
#10479 = ADVANCED_FACE ( 'NONE', ( #8294 ), #5112, .F. ) ;
#10480 = VECTOR ( 'NONE', #10912, 1000.000000000000000 ) ;
#10482 = ORIENTED_EDGE ( 'NONE', *, *, #3969, .T. ) ;
#10481 = LINE ( 'NONE', #1094, #9763 ) ;
#10483 = ORIENTED_EDGE ( 'NONE', *, *, #8449, .F. ) ;
#10484 = LINE ( 'NONE', #6090, #3754 ) ;
#10485 = LINE ( 'NONE', #3646, #7744 ) ;
#10486 = PRESENTATION_STYLE_ASSIGNMENT (( #7711 ) ) ;
#10487 = ADVANCED_FACE ( 'NONE', ( #5215 ), #4013, .F. ) ;
#10488 = DIRECTION ( 'NONE',  ( -1.000000000000000000, 0.000000000000000000, 1.421904488505580887E-16 ) ) ;
#10489 = EDGE_LOOP ( 'NONE', ( #6718, #5896, #10188, #10700 ) ) ;
#10490 = DIRECTION ( 'NONE',  ( 0.000000000000000000, -1.000000000000000000, 0.000000000000000000 ) ) ;
#10491 = EDGE_CURVE ( 'NONE', #6253, #4597, #7778, .T. ) ;
#10492 = FACE_OUTER_BOUND ( 'NONE', #5716, .T. ) ;
#10493 = VECTOR ( 'NONE', #10989, 1000.000000000000000 ) ;
#10494 = EDGE_CURVE ( 'NONE', #2220, #2890, #1996, .T. ) ;
#10495 = CARTESIAN_POINT ( 'NONE',  ( -2.499999999999956923, 0.2000000000000000111, 1.625000000000003109 ) ) ;
#10496 = DIRECTION ( 'NONE',  ( -0.7071067811865474617, 0.000000000000000000, -0.7071067811865474617 ) ) ;
#10497 = DIRECTION ( 'NONE',  ( 0.7071067811866890152, -0.000000000000000000, -0.7071067811864060193 ) ) ;
#10498 = EDGE_LOOP ( 'NONE', ( #1712, #5872, #6969, #3307 ) ) ;
#10499 = ORIENTED_EDGE ( 'NONE', *, *, #10958, .T. ) ;
#10500 = DIRECTION ( 'NONE',  ( -3.794707603699675727E-15, 0.000000000000000000, -1.000000000000000000 ) ) ;
#10501 = EDGE_LOOP ( 'NONE', ( #1168, #7221, #9115, #8614, #6049, #6469, #8211, #9043, #1790, #5910, #8969, #5527, #6635, #8556, #7482, #10726, #4036, #7264, #686, #2245, #905, #8789, #8062, #10703, #7684, #801, #6443, #6723, #3989, #759, #6322, #540, #7876, #24, #82, #9422 ) ) ;
#10502 = CARTESIAN_POINT ( 'NONE',  ( -2.000000000000000000, 0.9499999999999999556, -2.250000000000000444 ) ) ;
#10503 = DIRECTION ( 'NONE',  ( -0.000000000000000000, -1.000000000000000000, -0.000000000000000000 ) ) ;
#10504 = CARTESIAN_POINT ( 'NONE',  ( 1.625000000000001554, 0.000000000000000000, -2.100000000000000089 ) ) ;
#10505 = EDGE_CURVE ( 'NONE', #1922, #2968, #5428, .T. ) ;
#10506 = DIRECTION ( 'NONE',  ( 1.040834085586083468E-14, -0.000000000000000000, 1.000000000000000000 ) ) ;
#10507 = PLANE ( 'NONE',  #4883 ) ;
#10508 = VERTEX_POINT ( 'NONE', #3554 ) ;
#10509 = EDGE_LOOP ( 'NONE', ( #5885, #6675, #6241, #6611 ) ) ;
#10510 = ORIENTED_EDGE ( 'NONE', *, *, #6001, .T. ) ;
#10511 = ADVANCED_FACE ( 'NONE', ( #10543 ), #3605, .F. ) ;
#10512 = CARTESIAN_POINT ( 'NONE',  ( 2.499999999999956923, 0.2000000000000000111, -1.625000000000001332 ) ) ;
#10513 = FILL_AREA_STYLE_COLOUR ( '', #6750 ) ;
#10514 = DIRECTION ( 'NONE',  ( 0.000000000000000000, -1.000000000000000000, 0.000000000000000000 ) ) ;
#10515 = CARTESIAN_POINT ( 'NONE',  ( 2.499999999999980016, 0.2000000000000000111, -0.3750000000000014988 ) ) ;
#10516 = LINE ( 'NONE', #9787, #3862 ) ;
#10518 = VERTEX_POINT ( 'NONE', #5380 ) ;
#10517 = LINE ( 'NONE', #8133, #6775 ) ;
#10519 = DIRECTION ( 'NONE',  ( 0.000000000000000000, 0.000000000000000000, 1.000000000000000000 ) ) ;
#10520 = FILL_AREA_STYLE_COLOUR ( '', #6867 ) ;
#10521 = CARTESIAN_POINT ( 'NONE',  ( -1.124999999999997558, 0.2000000000000000111, 2.499999999999996447 ) ) ;
#10522 = LINE ( 'NONE', #3858, #8148 ) ;
#10524 = CARTESIAN_POINT ( 'NONE',  ( 1.125000000000000888, 0.04999999999999999584, 2.100000000000006306 ) ) ;
#10523 = CARTESIAN_POINT ( 'NONE',  ( -2.099999999999957012, 0.2000000000000000111, 1.624999999999998890 ) ) ;
#10525 = ORIENTED_EDGE ( 'NONE', *, *, #10561, .F. ) ;
#10526 = ORIENTED_EDGE ( 'NONE', *, *, #426, .T. ) ;
#10528 = EDGE_LOOP ( 'NONE', ( #1220, #1037, #2589, #7512 ) ) ;
#10527 = CARTESIAN_POINT ( 'NONE',  ( 0.000000000000000000, 0.2000000000000000111, 0.000000000000000000 ) ) ;
#10529 = ORIENTED_EDGE ( 'NONE', *, *, #6561, .T. ) ;
#10530 = EDGE_CURVE ( 'NONE', #9247, #4114, #3720, .T. ) ;
#10531 = CARTESIAN_POINT ( 'NONE',  ( -1.374999999999997558, 0.2000000000000000111, 2.499999999999989786 ) ) ;
#10532 = LINE ( 'NONE', #8038, #6134 ) ;
#10533 = DIRECTION ( 'NONE',  ( -1.000000000000000000, 0.000000000000000000, 3.794707603699675727E-15 ) ) ;
#10534 = ORIENTED_EDGE ( 'NONE', *, *, #6155, .F. ) ;
#10535 = CARTESIAN_POINT ( 'NONE',  ( 0.8750000000000025535, 0.2000000000000000111, 2.499999999999975575 ) ) ;
#10536 = EDGE_CURVE ( 'NONE', #8183, #5153, #7058, .T. ) ;
#10537 = ADVANCED_FACE ( 'NONE', ( #9704 ), #7935, .T. ) ;
#10538 = LINE ( 'NONE', #10759, #2037 ) ;
#10539 = LINE ( 'NONE', #548, #10044 ) ;
#10540 = EDGE_CURVE ( 'NONE', #2374, #7336, #2885, .T. ) ;
#10541 = LINE ( 'NONE', #9764, #7247 ) ;
#10542 = EDGE_CURVE ( 'NONE', #2001, #7135, #7120, .T. ) ;
#10543 = FACE_OUTER_BOUND ( 'NONE', #2615, .T. ) ;
#10544 = ADVANCED_FACE ( 'NONE', ( #9496 ), #10379, .T. ) ;
#10545 = ADVANCED_FACE ( 'NONE', ( #6282 ), #8836, .F. ) ;
#10546 = ORIENTED_EDGE ( 'NONE', *, *, #7976, .F. ) ;
#10547 = ORIENTED_EDGE ( 'NONE', *, *, #10621, .F. ) ;
#10548 = FACE_OUTER_BOUND ( 'NONE', #8878, .T. ) ;
#10549 = DIRECTION ( 'NONE',  ( 9.757819552369538328E-15, -0.000000000000000000, 1.000000000000000000 ) ) ;
#10550 = VERTEX_POINT ( 'NONE', #1886 ) ;
#10551 = ADVANCED_FACE ( 'NONE', ( #7170 ), #4446, .T. ) ;
#10553 = DIRECTION ( 'NONE',  ( 1.000000000000000000, 0.000000000000000000, -1.029992063861228897E-14 ) ) ;
#10552 = SURFACE_STYLE_USAGE ( .BOTH. , #6289 ) ;
#10554 = DIRECTION ( 'NONE',  ( -1.000000000000000000, -0.000000000000000000, 1.035655806553459049E-14 ) ) ;
#10555 = CARTESIAN_POINT ( 'NONE',  ( 0.000000000000000000, 0.000000000000000000, 0.000000000000000000 ) ) ;
#10556 = DIRECTION ( 'NONE',  ( -1.000000000000000000, -0.000000000000000000, 1.439820485060763520E-13 ) ) ;
#10557 = CARTESIAN_POINT ( 'NONE',  ( 0.8749999999999993339, 0.000000000000000000, -2.100000000000025402 ) ) ;
#10558 = ORIENTED_EDGE ( 'NONE', *, *, #8298, .F. ) ;
#10559 = VECTOR ( 'NONE', #3769, 1000.000000000000000 ) ;
#10560 = EDGE_CURVE ( 'NONE', #9570, #4591, #2098, .T. ) ;
#10561 = EDGE_CURVE ( 'NONE', #8230, #3019, #5330, .T. ) ;
#10562 = VERTEX_POINT ( 'NONE', #216 ) ;
#10563 = ORIENTED_EDGE ( 'NONE', *, *, #6350, .T. ) ;
#10564 = DIRECTION ( 'NONE',  ( -1.000000000000000000, 0.000000000000000000, 4.065758146821081023E-15 ) ) ;
#10565 = PRESENTATION_STYLE_ASSIGNMENT (( #8962 ) ) ;
#10566 = VECTOR ( 'NONE', #2282, 1000.000000000000000 ) ;
#10567 = CARTESIAN_POINT ( 'NONE',  ( -2.165000000000000036, 0.2000000000000000111, 1.874999999999999556 ) ) ;
#10568 = DIRECTION ( 'NONE',  ( 1.035655806553459206E-14, -0.000000000000000000, 1.000000000000000000 ) ) ;
#10569 = ADVANCED_FACE ( 'NONE', ( #386 ), #1109, .F. ) ;
#10570 = FACE_OUTER_BOUND ( 'NONE', #8059, .T. ) ;
#10571 = VECTOR ( 'NONE', #4583, 1000.000000000000000 ) ;
#10573 = ORIENTED_EDGE ( 'NONE', *, *, #8101, .F. ) ;
#10572 = CARTESIAN_POINT ( 'NONE',  ( 2.499999999999977796, 0.000000000000000000, 0.3749999999999985012 ) ) ;
#10574 = DIRECTION ( 'NONE',  ( 1.000000000000000000, 0.000000000000000000, -1.029992063861228897E-14 ) ) ;
#10575 = DIRECTION ( 'NONE',  ( 3.794707603699675727E-15, -0.000000000000000000, 1.000000000000000000 ) ) ;
#10576 = DIRECTION ( 'NONE',  ( -1.000000000000000000, -0.000000000000000000, 1.084202172485504118E-14 ) ) ;
#10577 = VECTOR ( 'NONE', #8606, 1000.000000000000114 ) ;
#10579 = DIRECTION ( 'NONE',  ( -1.000000000000000000, 0.000000000000000000, 1.439820485060763520E-13 ) ) ;
#10578 = CARTESIAN_POINT ( 'NONE',  ( -2.099999999999990763, 0.000000000000000000, -1.625000000000001110 ) ) ;
#10580 = ORIENTED_EDGE ( 'NONE', *, *, #767, .T. ) ;
#10581 = ORIENTED_EDGE ( 'NONE', *, *, #4030, .F. ) ;
#10582 = EDGE_LOOP ( 'NONE', ( #8756, #7121, #1029, #9433 ) ) ;
#10583 = VECTOR ( 'NONE', #2269, 1000.000000000000000 ) ;
#10584 = EDGE_LOOP ( 'NONE', ( #4928, #6954, #2768, #6840 ) ) ;
#10585 = STYLED_ITEM ( 'NONE', ( #1539 ), #6242 ) ;
#10586 = CARTESIAN_POINT ( 'NONE',  ( 0.000000000000000000, 0.000000000000000000, 0.000000000000000000 ) ) ;
#10587 = DIRECTION ( 'NONE',  ( -0.000000000000000000, -1.000000000000000000, -0.000000000000000000 ) ) ;
#10588 = FACE_OUTER_BOUND ( 'NONE', #7584, .T. ) ;
#10589 = CARTESIAN_POINT ( 'NONE',  ( 0.3750000000000024980, 0.2000000000000000111, 2.499999999999980904 ) ) ;
#10590 = ORIENTED_EDGE ( 'NONE', *, *, #5803, .T. ) ;
#10591 = DIRECTION ( 'NONE',  ( 1.000000000000000000, 0.000000000000000000, -1.439820485060763520E-13 ) ) ;
#10592 = DIRECTION ( 'NONE',  ( 9.893344823930224805E-15, 0.000000000000000000, 1.000000000000000000 ) ) ;
#10593 = UNCERTAINTY_MEASURE_WITH_UNIT (LENGTH_MEASURE( 1.000000000000000082E-05 ), #10245, 'distance_accuracy_value', 'NONE');
#10594 = CARTESIAN_POINT ( 'NONE',  ( 2.500000000000000000, 0.04999999999999969746, 2.500000000000000000 ) ) ;
#10595 = VECTOR ( 'NONE', #96, 1000.000000000000000 ) ;
#10596 = VECTOR ( 'NONE', #10068, 1000.000000000000114 ) ;
#10597 = CARTESIAN_POINT ( 'NONE',  ( -2.500000000000000000, 0.04999999999999969746, 0.6250000000000009992 ) ) ;
#10598 = ORIENTED_EDGE ( 'NONE', *, *, #3091, .F. ) ;
#10599 = CARTESIAN_POINT ( 'NONE',  ( 2.499999999999993783, 0.2000000000000000111, 1.874999999999998668 ) ) ;
#10600 = DIRECTION ( 'NONE',  ( -0.000000000000000000, -1.000000000000000000, -0.000000000000000000 ) ) ;
#10601 = VECTOR ( 'NONE', #4122, 1000.000000000000000 ) ;
#10602 = EDGE_LOOP ( 'NONE', ( #2354, #5876, #480, #8880 ) ) ;
#10604 = LINE ( 'NONE', #5499, #6587 ) ;
#10603 = CARTESIAN_POINT ( 'NONE',  ( 0.1250000000000025258, 0.2000000000000000111, 2.499999999999973799 ) ) ;
#10605 = CARTESIAN_POINT ( 'NONE',  ( -2.499999999999983125, 0.2000000000000000111, -0.8749999999999968914 ) ) ;
#10606 = FACE_OUTER_BOUND ( 'NONE', #3077, .T. ) ;
#10607 = VECTOR ( 'NONE', #7130, 1000.000000000000000 ) ;
#10608 = CARTESIAN_POINT ( 'NONE',  ( 1.125000000000002442, 0.2000000000000000111, 2.499999999999963141 ) ) ;
#10609 = VECTOR ( 'NONE', #9176, 1000.000000000000000 ) ;
#10610 = CARTESIAN_POINT ( 'NONE',  ( -2.099999999999990763, 0.2000000000000000111, -1.625000000000001110 ) ) ;
#10611 = EDGE_CURVE ( 'NONE', #1952, #4199, #2837, .T. ) ;
#10612 = VERTEX_POINT ( 'NONE', #657 ) ;
#10613 = VECTOR ( 'NONE', #10915, 1000.000000000000000 ) ;
#10614 = PLANE ( 'NONE',  #2281 ) ;
#10615 = EDGE_CURVE ( 'NONE', #7456, #1733, #4658, .T. ) ;
#10616 = VECTOR ( 'NONE', #8714, 1000.000000000000114 ) ;
#10617 = ORIENTED_EDGE ( 'NONE', *, *, #4790, .T. ) ;
#10618 = VECTOR ( 'NONE', #9387, 1000.000000000000000 ) ;
#10619 = ORIENTED_EDGE ( 'NONE', *, *, #5390, .F. ) ;
#10620 = ORIENTED_EDGE ( 'NONE', *, *, #4150, .F. ) ;
#10621 = EDGE_CURVE ( 'NONE', #9318, #10806, #2325, .T. ) ;
#10622 = CARTESIAN_POINT ( 'NONE',  ( 0.000000000000000000, 0.2000000000000000111, 0.000000000000000000 ) ) ;
#10623 =( NAMED_UNIT ( * ) SI_UNIT ( $, .STERADIAN. ) SOLID_ANGLE_UNIT ( ) );
#10624 = EDGE_CURVE ( 'NONE', #2195, #6465, #10822, .T. ) ;
#10625 = VECTOR ( 'NONE', #2468, 1000.000000000000000 ) ;
#10626 = CARTESIAN_POINT ( 'NONE',  ( 2.499999999999985345, 0.2000000000000000111, 0.1249999999999985151 ) ) ;
#10627 = ADVANCED_FACE ( 'NONE', ( #5542 ), #5595, .F. ) ;
#10628 = LINE ( 'NONE', #5613, #6370 ) ;
#10629 = EDGE_CURVE ( 'NONE', #2139, #9102, #3045, .T. ) ;
#10630 = CARTESIAN_POINT ( 'NONE',  ( 6.268043809682057590E-15, 0.05000000000000000278, 0.6250000000000235367 ) ) ;
#10631 = EDGE_CURVE ( 'NONE', #9162, #4682, #9875, .T. ) ;
#10632 = VECTOR ( 'NONE', #3694, 1000.000000000000000 ) ;
#10633 =( GEOMETRIC_REPRESENTATION_CONTEXT ( 3 ) GLOBAL_UNCERTAINTY_ASSIGNED_CONTEXT ( ( #2258 ) ) GLOBAL_UNIT_ASSIGNED_CONTEXT ( ( #14, #6650, #8531 ) ) REPRESENTATION_CONTEXT ( 'NONE', 'WORKASPACE' ) );
#10635 = ORIENTED_EDGE ( 'NONE', *, *, #10146, .T. ) ;
#10634 = DIRECTION ( 'NONE',  ( 0.7071067811865440200, -0.000000000000000000, 0.7071067811865511255 ) ) ;
#10636 = CARTESIAN_POINT ( 'NONE',  ( -2.499999999999980460, 0.2000000000000000111, -0.6249999999999968914 ) ) ;
#10637 = CARTESIAN_POINT ( 'NONE',  ( -2.099999999999967226, 0.2000000000000000111, 0.6249999999999987788 ) ) ;
#10638 = CARTESIAN_POINT ( 'NONE',  ( -2.499999999999983125, 0.000000000000000000, -0.8749999999999968914 ) ) ;
#10639 = DIRECTION ( 'NONE',  ( -1.029992063861229055E-14, 0.000000000000000000, -1.000000000000000000 ) ) ;
#10640 = DIRECTION ( 'NONE',  ( -0.000000000000000000, -1.000000000000000000, -0.000000000000000000 ) ) ;
#10642 = DIRECTION ( 'NONE',  ( 0.000000000000000000, -0.000000000000000000, -1.000000000000000000 ) ) ;
#10641 = CARTESIAN_POINT ( 'NONE',  ( -2.499999999999977796, 0.2000000000000000111, -0.3749999999999968914 ) ) ;
#10643 = ORIENTED_EDGE ( 'NONE', *, *, #6010, .T. ) ;
#10644 = EDGE_LOOP ( 'NONE', ( #4004, #955, #6934, #9678 ) ) ;
#10646 = VERTEX_POINT ( 'NONE', #8999 ) ;
#10645 = PLANE ( 'NONE',  #7996 ) ;
#10647 = EDGE_LOOP ( 'NONE', ( #10421, #420, #6416, #3371 ) ) ;
#10648 = PRESENTATION_STYLE_ASSIGNMENT (( #421 ) ) ;
#10649 =( GEOMETRIC_REPRESENTATION_CONTEXT ( 3 ) GLOBAL_UNCERTAINTY_ASSIGNED_CONTEXT ( ( #5489 ) ) GLOBAL_UNIT_ASSIGNED_CONTEXT ( ( #9163, #881, #10107 ) ) REPRESENTATION_CONTEXT ( 'NONE', 'WORKASPACE' ) );
#10650 = DIRECTION ( 'NONE',  ( -1.000000000000000000, 0.000000000000000000, 9.961107459710570410E-15 ) ) ;
#10651 = DIRECTION ( 'NONE',  ( 0.000000000000000000, 1.000000000000000000, 0.000000000000000000 ) ) ;
#10652 = LINE ( 'NONE', #319, #8315 ) ;
#10653 = ORIENTED_EDGE ( 'NONE', *, *, #5855, .F. ) ;
#10654 = LINE ( 'NONE', #1314, #1404 ) ;
#10655 = LINE ( 'NONE', #1212, #6842 ) ;
#10656 = VECTOR ( 'NONE', #660, 1000.000000000000000 ) ;
#10657 = ORIENTED_EDGE ( 'NONE', *, *, #9282, .F. ) ;
#10658 = DIRECTION ( 'NONE',  ( 0.000000000000000000, -1.000000000000000000, 0.000000000000000000 ) ) ;
#10659 = VECTOR ( 'NONE', #8316, 1000.000000000000000 ) ;
#10660 = DIRECTION ( 'NONE',  ( 1.000000000000000000, -0.000000000000000000, -1.439820485060763520E-13 ) ) ;
#10661 = DIRECTION ( 'NONE',  ( -0.000000000000000000, -1.000000000000000000, -0.000000000000000000 ) ) ;
#10662 = ORIENTED_EDGE ( 'NONE', *, *, #1593, .F. ) ;
#10663 = LINE ( 'NONE', #1493, #7761 ) ;
#10664 = CARTESIAN_POINT ( 'NONE',  ( 3.060052211623364889E-13, 0.05000000000000000278, 2.100000000000170175 ) ) ;
#10665 = VECTOR ( 'NONE', #6307, 1000.000000000000000 ) ;
#10666 = ORIENTED_EDGE ( 'NONE', *, *, #5463, .F. ) ;
#10668 = CARTESIAN_POINT ( 'NONE',  ( 2.499999999999983125, 0.2000000000000000111, 0.8749999999999984457 ) ) ;
#10667 = CARTESIAN_POINT ( 'NONE',  ( 2.499999999999977796, 0.2000000000000000111, 0.3749999999999985012 ) ) ;
#10669 = CARTESIAN_POINT ( 'NONE',  ( -2.165000000000000036, 0.2000000000000000111, 1.874999999999999556 ) ) ;
#10670 = CARTESIAN_POINT ( 'NONE',  ( 1.375000000000002442, 0.2000000000000000111, 2.499999999999970246 ) ) ;
#10671 = CARTESIAN_POINT ( 'NONE',  ( 2.100000000000000089, 0.000000000000000000, -1.809999999999998055 ) ) ;
#10672 = ORIENTED_EDGE ( 'NONE', *, *, #7175, .F. ) ;
#10673 = VECTOR ( 'NONE', #4046, 1000.000000000000114 ) ;
#10674 = CARTESIAN_POINT ( 'NONE',  ( 1.125000000000000888, 0.2000000000000000111, 2.100000000000006306 ) ) ;
#10675 = EDGE_LOOP ( 'NONE', ( #6404, #5742, #3497, #1959, #9643 ) ) ;
#10676 = ORIENTED_EDGE ( 'NONE', *, *, #8884, .F. ) ;
#10677 = ORIENTED_EDGE ( 'NONE', *, *, #5332, .T. ) ;
#10678 = CARTESIAN_POINT ( 'NONE',  ( -0.8749999999999975575, 0.000000000000000000, 2.499999999999984013 ) ) ;
#10679 = EDGE_CURVE ( 'NONE', #10457, #9844, #9989, .T. ) ;
#10680 = DIRECTION ( 'NONE',  ( 1.040834085586084257E-14, 0.000000000000000000, 1.000000000000000000 ) ) ;
#10681 = FACE_OUTER_BOUND ( 'NONE', #10173, .T. ) ;
#10682 = FACE_OUTER_BOUND ( 'NONE', #8229, .T. ) ;
#10683 = EDGE_CURVE ( 'NONE', #5155, #10809, #4712, .T. ) ;
#10684 = EDGE_CURVE ( 'NONE', #644, #2231, #6400, .T. ) ;
#10685 = ORIENTED_EDGE ( 'NONE', *, *, #6559, .T. ) ;
#10686 = DIRECTION ( 'NONE',  ( 1.000000000000000000, 0.000000000000000000, -1.439820485060763520E-13 ) ) ;
#10687 = EDGE_CURVE ( 'NONE', #809, #256, #6455, .T. ) ;
#10688 = ADVANCED_FACE ( 'NONE', ( #2379 ), #9058, .F. ) ;
#10690 = ORIENTED_EDGE ( 'NONE', *, *, #7232, .T. ) ;
#10689 = DIRECTION ( 'NONE',  ( 9.757819552369536751E-15, 0.000000000000000000, 1.000000000000000000 ) ) ;
#10691 = ADVANCED_FACE ( 'NONE', ( #7378 ), #2208, .T. ) ;
#10692 = EDGE_CURVE ( 'NONE', #2083, #1810, #1438, .T. ) ;
#10693 = DIRECTION ( 'NONE',  ( 1.439820485060763520E-13, 0.000000000000000000, 1.000000000000000000 ) ) ;
#10694 = CARTESIAN_POINT ( 'NONE',  ( -0.3750000000000022204, 0.2000000000000000111, -2.499999999999979128 ) ) ;
#10695 = CARTESIAN_POINT ( 'NONE',  ( -4.912791094075144112E-16, 0.05000000000000000278, -0.1249999999999916594 ) ) ;
#10696 = LINE ( 'NONE', #9849, #2618 ) ;
#10697 = LINE ( 'NONE', #358, #488 ) ;
#10699 = LINE ( 'NONE', #3799, #7730 ) ;
#10698 = DIRECTION ( 'NONE',  ( 9.757819552369536751E-15, 0.000000000000000000, 1.000000000000000000 ) ) ;
#10700 = ORIENTED_EDGE ( 'NONE', *, *, #9609, .T. ) ;
#10701 = ORIENTED_EDGE ( 'NONE', *, *, #6899, .F. ) ;
#10703 = ORIENTED_EDGE ( 'NONE', *, *, #7830, .T. ) ;
#10702 = CARTESIAN_POINT ( 'NONE',  ( -1.525000000000000133, 0.000000000000000000, 1.524999999999999245 ) ) ;
#10704 = VERTEX_POINT ( 'NONE', #4871 ) ;
#10705 = EDGE_CURVE ( 'NONE', #2026, #1597, #8099, .T. ) ;
#10706 = PLANE ( 'NONE',  #6515 ) ;
#10707 = CARTESIAN_POINT ( 'NONE',  ( 2.499999999999962252, 0.2000000000000000111, -1.125000000000001332 ) ) ;
#10708 = VERTEX_POINT ( 'NONE', #4825 ) ;
#10709 = LINE ( 'NONE', #8262, #4240 ) ;
#10710 = DIRECTION ( 'NONE',  ( -0.000000000000000000, 0.000000000000000000, -1.000000000000000000 ) ) ;
#10711 = UNCERTAINTY_MEASURE_WITH_UNIT (LENGTH_MEASURE( 1.000000000000000082E-05 ), #1913, 'distance_accuracy_value', 'NONE');
#10712 = ORIENTED_EDGE ( 'NONE', *, *, #9609, .F. ) ;
#10713 = DIRECTION ( 'NONE',  ( 0.000000000000000000, -1.000000000000000000, 0.000000000000000000 ) ) ;
#10714 = LINE ( 'NONE', #9765, #5879 ) ;
#10715 = DIRECTION ( 'NONE',  ( 0.000000000000000000, -1.000000000000000000, 0.000000000000000000 ) ) ;
#10716 = CARTESIAN_POINT ( 'NONE',  ( -1.675000000000000266, 0.04999999999999999584, -1.375000000000000888 ) ) ;
#10717 = DIRECTION ( 'NONE',  ( 0.7071067811865475727, -0.000000000000000000, 0.7071067811865475727 ) ) ;
#10718 = ORIENTED_EDGE ( 'NONE', *, *, #1839, .T. ) ;
#10719 = PLANE ( 'NONE',  #144 ) ;
#10720 = CARTESIAN_POINT ( 'NONE',  ( -2.099999999999967226, 0.2000000000000000111, 0.6249999999999987788 ) ) ;
#10721 = LINE ( 'NONE', #9119, #6191 ) ;
#10722 = DIRECTION ( 'NONE',  ( -0.000000000000000000, -1.000000000000000000, -0.000000000000000000 ) ) ;
#10723 = ORIENTED_EDGE ( 'NONE', *, *, #6238, .F. ) ;
#10724 = CARTESIAN_POINT ( 'NONE',  ( -2.499999999999967581, 0.000000000000000000, 0.6250000000000031086 ) ) ;
#10725 = ORIENTED_EDGE ( 'NONE', *, *, #5468, .F. ) ;
#10726 = ORIENTED_EDGE ( 'NONE', *, *, #3422, .T. ) ;
#10727 = ORIENTED_EDGE ( 'NONE', *, *, #2882, .F. ) ;
#10728 = CARTESIAN_POINT ( 'NONE',  ( -2.500000000000000000, 1.000000000000000000, -2.500000000000000000 ) ) ;
#10729 = CARTESIAN_POINT ( 'NONE',  ( 0.1250000000000009159, 0.2000000000000000111, 2.100000000000016964 ) ) ;
#10730 = CARTESIAN_POINT ( 'NONE',  ( 0.8749999999999978906, 0.2000000000000000111, -2.499999999999982236 ) ) ;
#10731 = EDGE_LOOP ( 'NONE', ( #8014, #2777, #9891, #7261 ) ) ;
#10732 = FACE_OUTER_BOUND ( 'NONE', #9203, .T. ) ;
#10733 = VECTOR ( 'NONE', #260, 1000.000000000000000 ) ;
#10735 = VERTEX_POINT ( 'NONE', #10597 ) ;
#10734 = CARTESIAN_POINT ( 'NONE',  ( 2.499999999999977796, 0.000000000000000000, 0.3749999999999985012 ) ) ;
#10736 = EDGE_CURVE ( 'NONE', #3748, #5590, #10714, .T. ) ;
#10737 = VECTOR ( 'NONE', #5569, 1000.000000000000000 ) ;
#10738 = LINE ( 'NONE', #1417, #9577 ) ;
#10739 = LINE ( 'NONE', #9970, #8656 ) ;
#10740 = CARTESIAN_POINT ( 'NONE',  ( -2.499999999999959588, 0.2000000000000000111, 1.375000000000003109 ) ) ;
#10741 = CARTESIAN_POINT ( 'NONE',  ( 2.499999999999962252, 0.2000000000000000111, -1.125000000000001332 ) ) ;
#10742 = LINE ( 'NONE', #3123, #1944 ) ;
#10744 = DIRECTION ( 'NONE',  ( 0.000000000000000000, -1.000000000000000000, 0.000000000000000000 ) ) ;
#10743 = FACE_OUTER_BOUND ( 'NONE', #8061, .T. ) ;
#10745 = VERTEX_POINT ( 'NONE', #6505 ) ;
#10746 = VECTOR ( 'NONE', #1992, 1000.000000000000000 ) ;
#10747 = ORIENTED_EDGE ( 'NONE', *, *, #5790, .F. ) ;
#10748 = EDGE_CURVE ( 'NONE', #2204, #1566, #9939, .T. ) ;
#10750 = VERTEX_POINT ( 'NONE', #2156 ) ;
#10749 = CARTESIAN_POINT ( 'NONE',  ( 2.099999999999995648, 0.000000000000000000, 1.125000000000002442 ) ) ;
#10751 = ORIENTED_EDGE ( 'NONE', *, *, #4109, .T. ) ;
#10752 = SURFACE_STYLE_FILL_AREA ( #2145 ) ;
#10753 = CARTESIAN_POINT ( 'NONE',  ( 0.000000000000000000, 0.2000000000000000111, 0.000000000000000000 ) ) ;
#10754 = DIRECTION ( 'NONE',  ( -0.000000000000000000, 1.000000000000000000, 0.000000000000000000 ) ) ;
#10755 = VECTOR ( 'NONE', #5158, 1000.000000000000000 ) ;
#10756 = ORIENTED_EDGE ( 'NONE', *, *, #1661, .F. ) ;
#10757 = DIRECTION ( 'NONE',  ( -1.000000000000000000, 0.000000000000000000, 2.243176908590699067E-16 ) ) ;
#10758 = ADVANCED_FACE ( 'NONE', ( #10766 ), #3156, .T. ) ;
#10759 = CARTESIAN_POINT ( 'NONE',  ( -1.374999999999997558, 0.2000000000000000111, 2.499999999999989786 ) ) ;
#10760 = ADVANCED_FACE ( 'NONE', ( #4209 ), #6877, .T. ) ;
#10761 = VERTEX_POINT ( 'NONE', #937 ) ;
#10762 = EDGE_CURVE ( 'NONE', #753, #10646, #8387, .T. ) ;
#10763 = CLOSED_SHELL ( 'NONE', ( #8115, #9742, #3413, #9402, #1106, #9207 ) ) ;
#10764 = VECTOR ( 'NONE', #8323, 1000.000000000000000 ) ;
#10765 = DIRECTION ( 'NONE',  ( 0.000000000000000000, -0.000000000000000000, -1.000000000000000000 ) ) ;
#10766 = FACE_OUTER_BOUND ( 'NONE', #3707, .T. ) ;
#10767 = DIRECTION ( 'NONE',  ( -3.930232875260377980E-15, 0.000000000000000000, -1.000000000000000000 ) ) ;
#10768 = FACE_OUTER_BOUND ( 'NONE', #7002, .T. ) ;
#10769 = FACE_OUTER_BOUND ( 'NONE', #5858, .T. ) ;
#10770 = ORIENTED_EDGE ( 'NONE', *, *, #3286, .T. ) ;
#10772 = CARTESIAN_POINT ( 'NONE',  ( -2.499999999999985789, 0.2000000000000000111, -1.124999999999996891 ) ) ;
#10771 = CARTESIAN_POINT ( 'NONE',  ( 2.100000000000000089, 0.2000000000000000111, -1.625000000000000000 ) ) ;
#10773 = VECTOR ( 'NONE', #7517, 1000.000000000000000 ) ;
#10774 = CARTESIAN_POINT ( 'NONE',  ( 2.499999999999956923, 0.2000000000000000111, -1.625000000000001332 ) ) ;
#10775 = VECTOR ( 'NONE', #3924, 1000.000000000000000 ) ;
#10776 = DIRECTION ( 'NONE',  ( 1.000000000000000000, 0.000000000000000000, -7.477256361968998944E-17 ) ) ;
#10777 = CARTESIAN_POINT ( 'NONE',  ( 0.3749999999999985567, 0.000000000000000000, 2.099999999999980993 ) ) ;
#10778 = VERTEX_POINT ( 'NONE', #8557 ) ;
#10779 = DIRECTION ( 'NONE',  ( -1.439820485060763520E-13, 0.000000000000000000, -1.000000000000000000 ) ) ;
#10780 = VECTOR ( 'NONE', #609, 1000.000000000000000 ) ;
#10781 = VECTOR ( 'NONE', #234, 1000.000000000000000 ) ;
#10782 = ORIENTED_EDGE ( 'NONE', *, *, #10944, .T. ) ;
#10783 = EDGE_LOOP ( 'NONE', ( #1336, #442, #4898, #3593 ) ) ;
#10784 = ORIENTED_EDGE ( 'NONE', *, *, #9419, .T. ) ;
#10785 = CARTESIAN_POINT ( 'NONE',  ( -2.099999999999972555, 0.2000000000000000111, 0.1249999999999988065 ) ) ;
#10786 = AXIS2_PLACEMENT_3D ( 'NONE', #9184, #7460, #8406 ) ;
#10787 = AXIS2_PLACEMENT_3D ( 'NONE', #2990, #9822, #9767 ) ;
#10788 = CARTESIAN_POINT ( 'NONE',  ( -2.000000000000000000, 1.000000000000000000, -2.000000000000000000 ) ) ;
#10789 = LINE ( 'NONE', #7459, #7599 ) ;
#10790 = CARTESIAN_POINT ( 'NONE',  ( 2.165000000000000924, 0.2000000000000000111, 1.875000000000000666 ) ) ;
#10791 = ORIENTED_EDGE ( 'NONE', *, *, #434, .F. ) ;
#10792 = LINE ( 'NONE', #2401, #7947 ) ;
#10793 = VECTOR ( 'NONE', #4276, 1000.000000000000000 ) ;
#10794 = VECTOR ( 'NONE', #7860, 1000.000000000000000 ) ;
#10796 = EDGE_LOOP ( 'NONE', ( #1574, #8945, #389, #7704 ) ) ;
#10795 = DIRECTION ( 'NONE',  ( 0.000000000000000000, -0.000000000000000000, 1.000000000000000000 ) ) ;
#10797 = VECTOR ( 'NONE', #10575, 1000.000000000000000 ) ;
#10798 =( NAMED_UNIT ( * ) PLANE_ANGLE_UNIT ( ) SI_UNIT ( $, .RADIAN. ) );
#10799 = DIRECTION ( 'NONE',  ( -1.035655806553459049E-14, -0.000000000000000000, -1.000000000000000000 ) ) ;
#10800 = VECTOR ( 'NONE', #2735, 1000.000000000000000 ) ;
#10801 = DIRECTION ( 'NONE',  ( -5.825563911862536124E-15, 0.000000000000000000, -1.000000000000000000 ) ) ;
#10802 = DIRECTION ( 'NONE',  ( 0.000000000000000000, 1.000000000000000000, 0.000000000000000000 ) ) ;
#10803 = VECTOR ( 'NONE', #3767, 1000.000000000000000 ) ;
#10805 = DIRECTION ( 'NONE',  ( -1.000000000000000000, 0.000000000000000000, 1.439820485060763520E-13 ) ) ;
#10804 = LINE ( 'NONE', #10641, #10094 ) ;
#10806 = VERTEX_POINT ( 'NONE', #1608 ) ;
#10807 = VERTEX_POINT ( 'NONE', #4324 ) ;
#10808 = EDGE_CURVE ( 'NONE', #9351, #1952, #1707, .T. ) ;
#10809 = VERTEX_POINT ( 'NONE', #4273 ) ;
#10810 = ORIENTED_EDGE ( 'NONE', *, *, #7695, .T. ) ;
#10811 = FACE_OUTER_BOUND ( 'NONE', #10644, .T. ) ;
#10812 = CIRCLE ( 'NONE', #6024, 0.1499999999999999667 ) ;
#10813 = ORIENTED_EDGE ( 'NONE', *, *, #10297, .T. ) ;
#10814 = ADVANCED_FACE ( 'NONE', ( #765 ), #7487, .T. ) ;
#10815 = FACE_OUTER_BOUND ( 'NONE', #10489, .T. ) ;
#10816 = LINE ( 'NONE', #1649, #1685 ) ;
#10817 = UNCERTAINTY_MEASURE_WITH_UNIT (LENGTH_MEASURE( 1.000000000000000082E-05 ), #4755, 'distance_accuracy_value', 'NONE');
#10818 = EDGE_LOOP ( 'NONE', ( #4753, #552, #2070, #933 ) ) ;
#10819 = AXIS2_PLACEMENT_3D ( 'NONE', #9065, #4613, #3997 ) ;
#10820 = CARTESIAN_POINT ( 'NONE',  ( 0.000000000000000000, 0.2000000000000000111, 0.000000000000000000 ) ) ;
#10821 = ADVANCED_FACE ( 'NONE', ( #2593 ), #7709, .F. ) ;
#10822 = LINE ( 'NONE', #492, #7305 ) ;
#10823 = EDGE_CURVE ( 'NONE', #763, #9621, #9276, .T. ) ;
#10824 = DIRECTION ( 'NONE',  ( -0.7071067811865440200, 0.000000000000000000, -0.7071067811865511255 ) ) ;
#10825 = LINE ( 'NONE', #769, #2950 ) ;
#10826 = CARTESIAN_POINT ( 'NONE',  ( 0.8749999999999985567, 0.04999999999999999584, 2.099999999999975664 ) ) ;
#10827 = ADVANCED_FACE ( 'NONE', ( #8338 ), #10923, .T. ) ;
#10828 = ORIENTED_EDGE ( 'NONE', *, *, #2693, .F. ) ;
#10829 = EDGE_CURVE ( 'NONE', #8418, #4272, #3382, .T. ) ;
#10831 = CARTESIAN_POINT ( 'NONE',  ( -1.625000000000002220, 0.2000000000000000111, -2.499999999999956035 ) ) ;
#10830 = FACE_OUTER_BOUND ( 'NONE', #1065, .T. ) ;
#10832 = DIRECTION ( 'NONE',  ( -1.000000000000000000, 0.000000000000000000, 1.439820485060763520E-13 ) ) ;
#10833 = VECTOR ( 'NONE', #5575, 1000.000000000000000 ) ;
#10834 = LINE ( 'NONE', #5085, #9212 ) ;
#10835 = DIRECTION ( 'NONE',  ( -0.000000000000000000, -1.000000000000000000, -0.000000000000000000 ) ) ;
#10836 = VERTEX_POINT ( 'NONE', #5156 ) ;
#10837 = VECTOR ( 'NONE', #721, 1000.000000000000000 ) ;
#10838 = CARTESIAN_POINT ( 'NONE',  ( -1.625000000000001332, 0.04999999999999999584, 2.100000000000001865 ) ) ;
#10839 = VECTOR ( 'NONE', #10283, 1000.000000000000000 ) ;
#10840 = EDGE_LOOP ( 'NONE', ( #829, #2948, #10987, #1671, #10483 ) ) ;
#10841 = ORIENTED_EDGE ( 'NONE', *, *, #10762, .T. ) ;
#10842 = EDGE_LOOP ( 'NONE', ( #9615, #4394, #10883, #6486 ) ) ;
#10843 = DIRECTION ( 'NONE',  ( 0.000000000000000000, -1.000000000000000000, 0.000000000000000000 ) ) ;
#10844 = EDGE_CURVE ( 'NONE', #7729, #4419, #6784, .T. ) ;
#10845 = FILL_AREA_STYLE_COLOUR ( '', #5491 ) ;
#10846 = CARTESIAN_POINT ( 'NONE',  ( 2.165000000000000036, 0.2000000000000000111, -1.874999999999998002 ) ) ;
#10847 = DIRECTION ( 'NONE',  ( 9.757819552369538328E-15, -0.000000000000000000, 1.000000000000000000 ) ) ;
#10848 = ORIENTED_EDGE ( 'NONE', *, *, #10679, .F. ) ;
#10849 = FACE_OUTER_BOUND ( 'NONE', #3107, .T. ) ;
#10850 = AXIS2_PLACEMENT_3D ( 'NONE', #1818, #1932, #9597 ) ;
#10852 = VERTEX_POINT ( 'NONE', #7536 ) ;
#10851 = LINE ( 'NONE', #8617, #2141 ) ;
#10853 = DIRECTION ( 'NONE',  ( 1.439820485060763520E-13, -0.000000000000000000, 1.000000000000000000 ) ) ;
#10854 = CARTESIAN_POINT ( 'NONE',  ( 1.874999999999999778, 0.2000000000000000111, -2.165000000000000036 ) ) ;
#10855 = DIRECTION ( 'NONE',  ( 1.040834085586084257E-14, -0.000000000000000000, 1.000000000000000000 ) ) ;
#10856 = CARTESIAN_POINT ( 'NONE',  ( -0.1450000000000000178, 0.05000000000000000278, -0.1450000000000000178 ) ) ;
#10858 = CARTESIAN_POINT ( 'NONE',  ( 2.500000000000000888, 0.000000000000000000, 1.624999999999998668 ) ) ;
#10857 = CARTESIAN_POINT ( 'NONE',  ( -1.125000000000002220, 0.2000000000000000111, -2.499999999999961364 ) ) ;
#10859 = ORIENTED_EDGE ( 'NONE', *, *, #4460, .T. ) ;
#10860 = ORIENTED_EDGE ( 'NONE', *, *, #10705, .T. ) ;
#10862 = EDGE_LOOP ( 'NONE', ( #6099, #9238, #4334, #3376 ) ) ;
#10861 = CARTESIAN_POINT ( 'NONE',  ( 0.000000000000000000, 0.000000000000000000, 0.000000000000000000 ) ) ;
#10863 = VERTEX_POINT ( 'NONE', #718 ) ;
#10864 = SURFACE_STYLE_FILL_AREA ( #8209 ) ;
#10865 = CARTESIAN_POINT ( 'NONE',  ( 2.499999999999985345, 0.000000000000000000, 0.1249999999999985151 ) ) ;
#10866 = EDGE_LOOP ( 'NONE', ( #244, #8190, #8751, #1738 ) ) ;
#10867 = PLANE ( 'NONE',  #2288 ) ;
#10868 = CARTESIAN_POINT ( 'NONE',  ( 1.524999999999999023, 0.000000000000000000, -1.675000000000001377 ) ) ;
#10869 = VERTEX_POINT ( 'NONE', #87 ) ;
#10870 = VERTEX_POINT ( 'NONE', #3478 ) ;
#10871 = CARTESIAN_POINT ( 'NONE',  ( 0.6250000000000025535, 0.000000000000000000, 2.499999999999968470 ) ) ;
#10872 = DIRECTION ( 'NONE',  ( -3.794707603699675727E-15, 0.000000000000000000, -1.000000000000000000 ) ) ;
#10873 = LINE ( 'NONE', #4149, #115 ) ;
#10874 = EDGE_CURVE ( 'NONE', #1629, #8933, #4101, .T. ) ;
#10875 = FACE_OUTER_BOUND ( 'NONE', #5814, .T. ) ;
#10876 = FACE_OUTER_BOUND ( 'NONE', #9444, .T. ) ;
#10877 = ORIENTED_EDGE ( 'NONE', *, *, #2260, .F. ) ;
#10879 = DIRECTION ( 'NONE',  ( 0.000000000000000000, -0.000000000000000000, -1.000000000000000000 ) ) ;
#10878 = DIRECTION ( 'NONE',  ( -8.439195288535886079E-14, 0.000000000000000000, 1.000000000000000000 ) ) ;
#10880 = DIRECTION ( 'NONE',  ( -0.000000000000000000, 1.000000000000000000, 0.000000000000000000 ) ) ;
#10881 = DIRECTION ( 'NONE',  ( 1.040834085586083468E-14, 0.000000000000000000, 1.000000000000000000 ) ) ;
#10882 = EDGE_CURVE ( 'NONE', #7339, #9363, #2652, .T. ) ;
#10883 = ORIENTED_EDGE ( 'NONE', *, *, #2180, .F. ) ;
#10884 = EDGE_CURVE ( 'NONE', #6659, #9400, #9225, .T. ) ;
#10885 = EDGE_CURVE ( 'NONE', #6937, #10455, #6670, .T. ) ;
#10886 = FACE_OUTER_BOUND ( 'NONE', #3090, .T. ) ;
#10887 = ADVANCED_FACE ( 'NONE', ( #7663 ), #9324, .F. ) ;
#10888 = VERTEX_POINT ( 'NONE', #2757 ) ;
#10889 = VERTEX_POINT ( 'NONE', #6215 ) ;
#10890 = EDGE_LOOP ( 'NONE', ( #8145, #5890, #10343, #4979 ) ) ;
#10891 = LINE ( 'NONE', #9294, #10420 ) ;
#10892 = PLANE ( 'NONE',  #310 ) ;
#10893 = DIRECTION ( 'NONE',  ( -1.000000000000000000, 0.000000000000000000, 3.930232875260377980E-15 ) ) ;
#10894 = EDGE_LOOP ( 'NONE', ( #8911, #1495, #6683, #4126 ) ) ;
#10895 = LINE ( 'NONE', #3348, #7239 ) ;
#10896 = ADVANCED_FACE ( 'NONE', ( #6147 ), #9483, .F. ) ;
#10897 = ADVANCED_FACE ( 'NONE', ( #7819 ), #5315, .T. ) ;
#10898 = EDGE_LOOP ( 'NONE', ( #7322, #7893, #8960, #8182 ) ) ;
#10899 = FACE_OUTER_BOUND ( 'NONE', #7174, .T. ) ;
#10900 =( LENGTH_UNIT ( ) NAMED_UNIT ( * ) SI_UNIT ( .MILLI., .METRE. ) );
#10901 = DIRECTION ( 'NONE',  ( 1.084202172485504276E-14, -0.000000000000000000, 1.000000000000000000 ) ) ;
#10902 = EDGE_CURVE ( 'NONE', #4260, #817, #374, .T. ) ;
#10903 = LINE ( 'NONE', #7308, #5830 ) ;
#10904 = VECTOR ( 'NONE', #8940, 1000.000000000000114 ) ;
#10905 = CARTESIAN_POINT ( 'NONE',  ( 1.374999999999998668, 0.000000000000000000, 2.099999999999969891 ) ) ;
#10906 = PLANE ( 'NONE',  #6199 ) ;
#10908 = CARTESIAN_POINT ( 'NONE',  ( 2.499999999999993783, 0.000000000000000000, 1.874999999999998668 ) ) ;
#10907 = LINE ( 'NONE', #6707, #2286 ) ;
#10909 = ORIENTED_EDGE ( 'NONE', *, *, #3078, .F. ) ;
#10910 = EDGE_LOOP ( 'NONE', ( #5443, #4259, #320, #10666 ) ) ;
#10911 = VECTOR ( 'NONE', #5019, 1000.000000000000000 ) ;
#10913 = VERTEX_POINT ( 'NONE', #205 ) ;
#10912 = DIRECTION ( 'NONE',  ( 1.000000000000000000, 0.000000000000000000, 2.949029909160572061E-14 ) ) ;
#10914 = EDGE_LOOP ( 'NONE', ( #1542, #3863, #3804, #9980 ) ) ;
#10915 = DIRECTION ( 'NONE',  ( 0.000000000000000000, -1.000000000000000000, 0.000000000000000000 ) ) ;
#10916 = VERTEX_POINT ( 'NONE', #1982 ) ;
#10917 = VECTOR ( 'NONE', #10046, 1000.000000000000000 ) ;
#10918 = DIRECTION ( 'NONE',  ( 0.000000000000000000, -0.000000000000000000, 1.000000000000000000 ) ) ;
#10919 = VECTOR ( 'NONE', #6098, 1000.000000000000000 ) ;
#10920 = CARTESIAN_POINT ( 'NONE',  ( -0.6250000000000218714, 0.05000000000000000278, 6.098637220231175434E-15 ) ) ;
#10921 = VERTEX_POINT ( 'NONE', #7867 ) ;
#10922 = VERTEX_POINT ( 'NONE', #5256 ) ;
#10923 = PLANE ( 'NONE',  #381 ) ;
#10924 = PLANE ( 'NONE',  #5965 ) ;
#10925 = CARTESIAN_POINT ( 'NONE',  ( -1.374999999999997558, 0.000000000000000000, 2.499999999999989786 ) ) ;
#10926 = CARTESIAN_POINT ( 'NONE',  ( -0.1250000000000006939, 0.2000000000000000111, -2.100000000000015188 ) ) ;
#10927 = VERTEX_POINT ( 'NONE', #10367 ) ;
#10929 = LINE ( 'NONE', #4940, #1376 ) ;
#10928 = LINE ( 'NONE', #3436, #6563 ) ;
#10930 = LINE ( 'NONE', #6837, #6310 ) ;
#10931 = CLOSED_SHELL ( 'NONE', ( #8461, #7086, #5797, #7310, #6822, #1466 ) ) ;
#10932 = FACE_OUTER_BOUND ( 'NONE', #3094, .T. ) ;
#10933 = PRESENTATION_LAYER_ASSIGNMENT (  '', '', ( #9353 ) ) ;
#10934 = ORIENTED_EDGE ( 'NONE', *, *, #1997, .T. ) ;
#10935 = CARTESIAN_POINT ( 'NONE',  ( -2.500000000000000000, 0.04999999999999969746, -2.500000000000000000 ) ) ;
#10936 = AXIS2_PLACEMENT_3D ( 'NONE', #6800, #9126, #1505 ) ;
#10937 = ORIENTED_EDGE ( 'NONE', *, *, #295, .F. ) ;
#10938 = AXIS2_PLACEMENT_3D ( 'NONE', #7266, #1206, #1308 ) ;
#10939 = VERTEX_POINT ( 'NONE', #8661 ) ;
#10940 = ORIENTED_EDGE ( 'NONE', *, *, #4847, .F. ) ;
#10941 = CARTESIAN_POINT ( 'NONE',  ( -1.874999999999999334, 0.05000000000000000278, 2.165000000000001812 ) ) ;
#10942 = SURFACE_SIDE_STYLE ('',( #678 ) ) ;
#10943 = FACE_OUTER_BOUND ( 'NONE', #6087, .T. ) ;
#10944 = EDGE_CURVE ( 'NONE', #4547, #7336, #2706, .T. ) ;
#10945 = EDGE_CURVE ( 'NONE', #949, #4065, #252, .T. ) ;
#10946 = FACE_OUTER_BOUND ( 'NONE', #8522, .T. ) ;
#10947 = ORIENTED_EDGE ( 'NONE', *, *, #1315, .T. ) ;
#10948 = CARTESIAN_POINT ( 'NONE',  ( 2.500000000000000000, 0.04999999999999969746, -0.6250000000000009992 ) ) ;
#10949 = AXIS2_PLACEMENT_3D ( 'NONE', #2512, #737, #7508 ) ;
#10950 = AXIS2_PLACEMENT_3D ( 'NONE', #63, #3406, #8632 ) ;
#10951 = VECTOR ( 'NONE', #3437, 1000.000000000000000 ) ;
#10952 = EDGE_CURVE ( 'NONE', #1782, #9520, #7989, .T. ) ;
#10953 = VECTOR ( 'NONE', #7851, 1000.000000000000000 ) ;
#10954 = ORIENTED_EDGE ( 'NONE', *, *, #6960, .T. ) ;
#10955 = AXIS2_PLACEMENT_3D ( 'NONE', #7329, #4048, #3095 ) ;
#10956 = EDGE_CURVE ( 'NONE', #7942, #1321, #4430, .T. ) ;
#10957 = FACE_OUTER_BOUND ( 'NONE', #4674, .T. ) ;
#10958 = EDGE_CURVE ( 'NONE', #2608, #6852, #10484, .T. ) ;
#10959 = FACE_OUTER_BOUND ( 'NONE', #4975, .T. ) ;
#10960 = CARTESIAN_POINT ( 'NONE',  ( -2.099999999999972555, 0.2000000000000000111, 0.1249999999999988065 ) ) ;
#10961 = ADVANCED_FACE ( 'NONE', ( #983 ), #1043, .F. ) ;
#10962 = AXIS2_PLACEMENT_3D ( 'NONE', #841, #1572, #9241 ) ;
#10963 = DIRECTION ( 'NONE',  ( -1.439820485060763520E-13, 0.000000000000000000, -1.000000000000000000 ) ) ;
#10964 = EDGE_CURVE ( 'NONE', #4199, #4065, #1204, .T. ) ;
#10965 = DIRECTION ( 'NONE',  ( 1.035655806553459206E-14, 0.000000000000000000, 1.000000000000000000 ) ) ;
#10967 = FACE_OUTER_BOUND ( 'NONE', #708, .T. ) ;
#10966 = LINE ( 'NONE', #10857, #1584 ) ;
#10968 = VECTOR ( 'NONE', #3578, 1000.000000000000000 ) ;
#10969 = AXIS2_PLACEMENT_3D ( 'NONE', #4491, #6230, #327 ) ;
#10970 = ORIENTED_EDGE ( 'NONE', *, *, #9805, .F. ) ;
#10971 = EDGE_LOOP ( 'NONE', ( #4256, #8252, #3232, #9469 ) ) ;
#10972 = AXIS2_PLACEMENT_3D ( 'NONE', #8500, #6941, #10208 ) ;
#10974 = VERTEX_POINT ( 'NONE', #6267 ) ;
#10973 = CARTESIAN_POINT ( 'NONE',  ( -1.124999999999997558, 0.2000000000000000111, 2.499999999999996447 ) ) ;
#10975 = VERTEX_POINT ( 'NONE', #6938 ) ;
#10976 = VECTOR ( 'NONE', #3224, 1000.000000000000000 ) ;
#10977 = AXIS2_PLACEMENT_3D ( 'NONE', #3876, #5487, #5538 ) ;
#10978 = DIRECTION ( 'NONE',  ( 0.7071067811865474617, 0.000000000000000000, 0.7071067811865474617 ) ) ;
#10979 = ORIENTED_EDGE ( 'NONE', *, *, #8259, .F. ) ;
#10980 = DIRECTION ( 'NONE',  ( 1.000000000000000000, 0.000000000000000000, 2.949029909160572061E-14 ) ) ;
#10981 = PLANE ( 'NONE',  #9842 ) ;
#10982 = VECTOR ( 'NONE', #4078, 1000.000000000000000 ) ;
#10983 = EDGE_LOOP ( 'NONE', ( #4563, #10581, #702, #5657, #9564 ) ) ;
#10984 = EDGE_LOOP ( 'NONE', ( #9968, #9669, #9323, #415 ) ) ;
#10985 = VECTOR ( 'NONE', #6705, 1000.000000000000000 ) ;
#10986 = DIRECTION ( 'NONE',  ( 0.000000000000000000, -0.000000000000000000, 1.000000000000000000 ) ) ;
#10987 = ORIENTED_EDGE ( 'NONE', *, *, #7364, .F. ) ;
#10988 = MECHANICAL_DESIGN_GEOMETRIC_PRESENTATION_REPRESENTATION (  '', ( #7099 ), #1591 ) ;
#10989 = DIRECTION ( 'NONE',  ( 1.000000000000000000, 0.000000000000000000, 2.949029909160572061E-14 ) ) ;
#10990 = CARTESIAN_POINT ( 'NONE',  ( -2.164999999999975167, 0.05000000000000000278, -1.874999999999999778 ) ) ;
#10991 = CARTESIAN_POINT ( 'NONE',  ( 2.100000000000000533, 0.2000000000000000111, 1.625000000000002442 ) ) ;
#10992 = FACE_OUTER_BOUND ( 'NONE', #7107, .T. ) ;
#10993 = VERTEX_POINT ( 'NONE', #7759 ) ;
#10995 = CARTESIAN_POINT ( 'NONE',  ( 2.100000000000026290, 0.2000000000000000111, 0.8750000000000001110 ) ) ;
#10994 = LINE ( 'NONE', #5162, #1577 ) ;
#10996 = CARTESIAN_POINT ( 'NONE',  ( -1.874999999999997558, 0.2000000000000000111, 2.499999999999994671 ) ) ;
#10997 = CARTESIAN_POINT ( 'NONE',  ( -2.499999999999988454, 0.2000000000000000111, -1.374999999999996891 ) ) ;
#10998 = ORIENTED_EDGE ( 'NONE', *, *, #10003, .T. ) ;
#10999 = CARTESIAN_POINT ( 'NONE',  ( 2.165000000000000036, 0.2000000000000000111, -1.874999999999998002 ) ) ;
#11000 = EDGE_LOOP ( 'NONE', ( #5962, #923, #6773, #1827 ) ) ;
ENDSEC;
END-ISO-10303-21;
